Country,Year,Current health expenditure (% of GDP),Domestic general government health expenditure (% of total government expenditure),Employment by industry: Agriculture (%) Female,Employment by industry: Agriculture (%) Male,Employment by industry: Agriculture (%) Male and Female,Employment by industry: Industry (%) Female,Employment by industry: Industry (%) Male,Employment by industry: Industry (%) Male and Female,Employment by industry: Services (%) Female,Employment by industry: Services (%) Male,Employment by industry: Services (%) Male and Female,GDP in constant 2015 prices (millions of US dollars),GDP in current prices (millions of US dollars),GDP per capita (US dollars),GDP real rates of growth (percent),All staff compensation as % of total expenditure in public institutions (%),Capital expenditure as % of total expenditure in public institutions (%),Current expenditure other than staff compensation as % of total expenditure in public institutions (%),Public expenditure on education (% of GDP),"Infant mortality for both sexes (per 1,000 live births)",Life expectancy at birth for both sexes (years),Life expectancy at birth for females (years),Life expectancy at birth for males (years),"Maternal mortality ratio (deaths per 100,000 population)",Population annual rate of increase (percent),Total fertility rate (children per women),Gross enrollment ratio - Lower secondary level (female),Gross enrollment ratio - Lower secondary level (male),Gross enrollment ratio - Primary (female),Gross enrollment ratio - Primary (male),Gross enrollment ratio - Upper secondary level (female),Gross enrollment ratio - Upper secondary level (male),Students enrolled in lower secondary education (thousands),Students enrolled in primary education (thousands),Students enrolled in upper secondary education (thousands),"Seats held by women in national parliament, as of February (%)","Asylum seekers, including pending cases (number)",International migrant stock: Both sexes (% total population),International migrant stock: Both sexes (number),International migrant stock: Female (% total Population),International migrant stock: Male (% total Population),Other of concern to UNHCR (number),Total population of concern to UNHCR (number),Total refugees and people in refugee-like situations (number),Labour force participation - Female,Labour force participation - Male,Labour force participation - Total,Unemployment rate - Female,Unemployment rate - Male,Unemployment rate - Total,"Assault rate per 100,000 population","Intentional homicide rates per 100,000"
Afghanistan,2015.0,1.246715820156157,-1.895708441179075,1.8291773411387722,0.9751019815735485,1.1496262569176103,2.3706448497502457,-1.0929682251925814,0.05243064660636741,-2.5016578528976567,-0.6949037212394503,-1.3595121624124473,-0.2995668493483754,-0.30659777061268895,-0.7987614594592546,-1.2379330411400586,0.3203322648692452,2.355199616790213,-1.0886088924192194,-0.8787691947903573,2.1767998990573196,-1.542670373927573,-1.6322472203347276,-1.4269799272813797,4.391041827512203,0.963918732082838,2.603919275043452,-2.4154778055202546,-0.9681836491160077,-1.9959007822109784,1.5625695444617067,-1.7271098179581044,-0.983285538083172,-0.08453290623132952,0.0940325722450982,-0.13206679620306083,0.48246008003632945,-0.21935721657568896,-0.6356291598796406,-0.30161771844415197,-0.6754225612976111,-0.6129406159406284,1.9167512767606874,1.8673755648752448,0.7198875614487206,-2.5910316468376946,0.4695456896179252,-1.6481031130576458,0.5238531022528713,0.1580861442728476,0.22668709561090286,-0.29521742927220784,0.22107848679912223
Albania,2015.0,-0.26262754571294183,-0.4607235077730346,1.1154771639028818,0.8045012890390656,0.9840282444231723,-1.4903949391051612,-0.43759059938522166,-0.21966632974736783,-1.2084348078430585,-0.6580846813492434,-1.040290073109009,-0.3040601255548388,-0.311142779058074,-0.6380697635699044,-0.3556492714877516,0.9353914040862131,-0.19560464643366965,-0.8206365044032353,-0.8162181678478223,-0.48816509248783196,0.6735082583095285,0.6397848894057728,0.7503962958666797,-0.5796397688160986,-0.8828763590251179,-0.6664912517982081,0.22075275392629573,0.16776967796626674,0.25507710094773783,-0.2137755429821436,0.05771200614495058,0.405009969469585,-0.2745622286742678,-0.27841150410910415,-0.2545402971335465,-0.12612463243930172,-0.2129611146361108,-0.5701553213964102,-0.3758467805770664,-0.6013044800527539,-0.5510819138683477,-0.19952500849065155,-0.2888832578429764,-0.2997997764828169,-0.361113953103795,-0.908055310199274,-0.6989365657205463,1.539831090513917,1.927079343489768,1.8545866864949014,-0.5585889694344554,-0.3934050175716874
Angola,2015.0,-1.6558675757459562,-1.354989480765205,1.8494529143557008,1.5348855039523213,1.797406717557617,-1.5845666412723662,-1.2139610176493247,-1.593108210390033,-1.4364068189905037,-1.0999131600317271,-1.3949812834461628,-0.23977855315915095,-0.2461211164679195,-0.6295052179409373,-0.6742517438621959,0.21022908562670017,-0.7944891256253636,0.10961049970939486,-1.003871248675427,2.461295072446671,-1.8214349817561393,-1.8375513266365788,-1.7898759644727218,1.1462015656698006,2.007759435752553,2.948173014710995,0.6253947607531096,0.43722837415787574,0.12266663723252001,1.4105827990119648,0.25903990790377557,0.09338193532742363,-0.2722091212678459,0.058219450279912884,-0.24850389536559497,1.2736202062546498,0.261022019596328,-0.5292341723443912,-0.22600816585678393,-0.5549806792747183,-0.5201525628322072,-0.20763986393162723,-0.23151813574105823,-0.23017659554877004,1.868803740630105,1.035346100257133,1.7940550887311133,0.106576428502799,0.4959837216513604,0.3458016998219271,-0.4996429653438845,-0.21221116371875637
Argentina,2015.0,1.2854169321015183,1.119839607282894,-0.6647181645434591,-0.5389791646699892,-0.623246582728724,-1.5845666412723662,0.5001035421545388,0.24678562971617848,0.8101537272261387,0.5053969791812972,0.6976968575430451,0.08449602639900589,0.08188691931574005,-0.1195125505983531,-0.23310985903604228,1.1252244717457713,0.40327983275802465,-1.2264232633988683,0.6850064787730162,-0.3430144938197954,0.4226201112638192,0.5029154852045379,0.3177125592154618,-0.3727973616867024,-0.07992197158687614,-0.06404720738000784,1.6260962506900816,1.6788517781780363,0.623934821297276,0.48916315472290994,0.10054772992342391,-0.1916617167552167,0.049530618437249485,0.006358579890881547,-0.016138791165534634,1.2214558023281676,-0.20662897371592845,-0.324628427084296,0.14955833013975028,-0.2955673949177183,-0.33457645661536506,-0.21093140318863404,-0.2944946652656055,-0.28456956438186215,-0.32115127042039177,0.0021453503942331065,-0.27581412895581464,-0.0022783559537415056,-0.15993510502457647,-0.0710994149166579,1.0819755753893112,-0.046773297157384576
Armenia,2015.0,1.246715820156157,-1.0430362343725874,0.8072884510055652,0.5112813487454225,0.691796457668282,-0.6114590522112475,-0.3367632723379355,-0.5824622982190153,-0.6239974701741533,-0.3414409382934631,-0.525987818120136,-0.3045716451229784,-0.3116601878819139,-0.651508056159002,-0.11057044658433297,1.6187904476606225,0.2036516730274595,-0.8895436898930599,-1.191524329503032,-0.25592413461897345,0.08810258186954073,0.31129831932280827,-0.19871641678760363,-0.4632909148058132,-1.2040581140004147,-0.6664912517982081,0.5599735979727268,0.5957334895647047,-0.8325802795701295,-1.1351951872711998,0.21192061174745472,-0.017386323253913382,-0.27023759884624915,-0.28107580210997435,-0.26079488209792995,-0.9955313645473463,-0.21914934326265267,-0.1854965203074313,-0.3399028899193671,-0.09174267149436108,-0.2572530790250141,-0.21235809309386264,-0.27676335013080516,-0.2295663020985982,0.33423672558742124,-0.2684548459984313,-0.001356332135448591,0.4149983177963308,1.1916552044894753,0.8619649847363656,-0.5593828550114328,-0.361893042988569
Australia,2015.0,1.2854169321015183,1.5149803860468758,-0.745820457411174,-0.9761434392896022,-0.9008667801458697,-0.5643732011276449,0.4093589478119814,-0.03826834551154434,0.9469369339146056,1.1755035051830642,1.158795430981345,0.45270731552940024,0.4543375192535908,1.6486639193643196,-0.23310985903604228,-0.15045374292645922,-0.28432827298058716,0.2971911713205839,0.37225134406034155,-0.8074964095575125,1.2449757043580907,1.118827804110095,1.3366129713296169,-0.5925674192616858,0.3215552221322447,-0.49436438196443655,1.0251907555221178,1.8320733897379713,-0.2840226441785097,-0.4417556611567559,3.2875255790418394,4.546265930297172,-0.11773079991111994,-0.15740280653469768,-0.08566650309519275,0.395519406825525,0.1441972176699331,1.582297118739791,1.3488491459364131,1.8445922010275317,1.4747905789988471,-0.21275528641329583,-0.21211011131928956,-0.1396406923888352,0.605982967834563,-0.04705468531352469,0.38745888002673673,-0.4558399578559939,-0.29906940159219947,-0.349033491409048,0.5512630671799292,-0.48794094132104276
Austria,2015.0,1.3628191559922418,0.7454957116117528,-0.6484977059699162,-0.8961743646640633,-0.8083267143401546,0.09482871404279031,1.1554811679618984,0.7132375891797252,0.669225574880445,0.5201245951373796,0.709519897887617,-0.07686263737077614,-0.08132950804627587,1.265483308848431,-0.649743861371854,0.08493926097139246,-0.7723082189886342,0.22828398583075926,0.49735339794541156,-0.8074964095575125,1.035902248486666,0.9682714594887354,1.0574621734901222,-0.5861035940388922,0.1609643446445964,-0.752554686715094,0.21106072981068327,0.22588822028210373,-0.29348053444388195,-0.36576228843188424,0.27760205487444706,0.5231627786230112,-0.25433822447853344,-0.2697370455016198,-0.22283100591876515,0.7345880323476626,0.2731266425169796,0.6820318395953723,-0.006228661691200408,0.8347333440663534,0.6087687499869167,-0.21176675595461683,-0.16054557948948556,-0.02587747258458294,0.31025911597737893,-0.6251551048796692,-0.10427800594308577,-0.6009796704647146,-0.27919307351111056,-0.4284432275497308,-0.4232314785598112,-0.5273309095499408
Azerbaijan,2015.0,-1.0753508965655338,-1.6045520778792988,0.8883907438732801,0.5006188054620174,0.745372285240012,-0.8939741587128626,-0.7602380459365374,-0.8156882779507887,-0.6405772528030583,-0.21625620266675974,-0.47869565674184855,-0.2784908938088311,-0.2852791622030839,-0.5703578033762471,-0.6252359788815122,-1.1527723401689265,-1.5042781380007049,1.7365857126635837,-1.066422275617962,0.35370837978678027,-0.3161060994818813,-0.23617929748213126,-0.4080795151672246,-0.4374356139146387,0.08066890590077216,-0.23617407721377917,-0.2977705362589634,-0.23906011824459453,0.09429296643640066,0.10919629109855696,-0.970345364538409,-0.8710403693874172,-0.22381142569251927,-0.2559198721482698,-0.2724313192409689,-0.5695220658144045,-0.21678278554500877,-0.4964972531027759,-0.321007346112477,-0.5086568784966825,-0.4892232117960669,0.9030587103523985,0.6570279382459884,-0.2943613837379524,0.7578411620314951,-0.6620551316604885,0.20448701547982576,-0.5102673500842642,-0.6767196351328905,-0.5674102657959258,-0.5744666809740031,-0.40128301121746707
Bahamas,2015.0,-0.6883397771119186,0.5375268806833411,-0.7498755720545598,-0.8641867348138476,-0.8521614823533881,-1.3020515347707509,-0.6594107188892513,-1.1266562509264864,1.1541842167759195,1.8087909912946236,1.6080709640750739,-0.3037687924674692,-0.3108480917783091,0.6043098498784988,-0.649743861371854,-0.27574356758176805,-0.38414235284586956,0.4541464271585172,-1.5668304911582414,-0.26753618251241634,-0.09309441321902899,-0.017188250760154282,-0.17080133700365377,-0.08192522666098905,-0.1602174103307003,-0.6664912517982081,0.6181257426664002,0.5693159703302332,-0.23200424771895845,-0.3182664304788401,0.5417556848416992,0.40648687958400315,-0.29516781785482743,-0.2880153689959618,-0.2730131410981209,-0.7781796815203351,-0.2206684174733025,0.5756368520601227,-0.37398460355618507,0.6401733807986032,0.5855717367098113,-0.21272856937387208,-0.30115268103296644,-0.3004643182396707,1.213415744622292,1.2075462252342817,1.3709326519663818,0.7959900633942227,0.7146233305433393,0.8222601166660244,4.029275779917854,2.3638927584511764
Bahrain,2015.0,-0.72704088905728,-0.4607235077730346,-0.8147574063487315,-1.0774376004819517,-0.9739247268345923,-0.9567552934909992,1.5789559415605003,1.918238484460554,0.963516716543511,0.4612141313130487,0.36074020772274873,-0.2919995490705505,-0.29894334607007894,0.253636658407364,-0.28212562401672603,0.9202047586734483,0.03729487325198931,-0.8933718668647167,-1.2540753564455667,-0.6100915953689827,0.7850141014409566,0.585037127725278,1.0155895538141984,-0.5214653418109558,1.927463997008728,-0.23617407721377917,0.20136870569507082,0.3791098318420387,-0.2745647539131361,-0.5272482054722345,0.47464638425542455,0.4611325538174626,-0.29084318802680875,-0.2833683375990952,-0.26835856624090526,-1.2737415188219205,-0.21972499243721472,3.595617652099127,-0.20268343013157292,2.6320968142541394,4.142447105865955,-0.19096041621937598,-0.30069650625880495,-0.299243731339327,-0.6808154145710207,1.810246662654307,1.062167630543471,-0.873116631606066,-1.3922674460520943,-1.321802759132413,-0.15985993839756366,-0.5509648904872796
Bangladesh,2015.0,-1.6171664638005947,-1.6045520778792988,1.6669727554033424,0.8098325606807679,1.0911798995666322,0.8795928987694993,-0.46783879749940754,0.026516648858392694,-1.8964957869426202,-0.6433570653931604,-1.282662400172731,-0.17072279812749377,-0.1762703048552592,-0.7563645926992847,1.1883473254037857,0.49877534846922944,0.2036516730274599,-0.5258668775856528,-1.7544835719858465,0.8065782476310542,-0.4554884033961645,-0.5236050463047238,-0.3522493555993249,0.7454444018565956,0.08066890590077216,-0.23617407721377917,0.026912271614049382,-1.0157351837380568,-0.30293842470925414,-0.2802697441164043,-1.078862531443875,-1.051223403346392,0.7521557704953428,-0.17276899035366994,0.6443744721662173,-0.1869831036868648,-0.22079633951209404,-0.6438133896900444,-0.02196909391874428,-0.6846873214532182,-0.6206729536996635,-0.2120428320286623,0.05422119905213471,0.7527123076835179,-1.4960541413124466,1.0968461448918292,-0.6074506334470912,-0.21998792486682253,-0.8754829159437805,-0.6865248700069501,-0.4827728968331151,-0.361893042988569
Barbados,2015.0,-0.030420874040772882,-0.4191297415873524,-0.7539306866979454,-0.9281619945142789,-0.8862551908081253,-0.2661628109314955,0.2782834226505094,-0.11601033875546896,0.8723279120845328,1.234413969007395,1.1883530318427744,-0.3081461487718002,-0.3152758457060614,-0.021043934831056977,-0.28212562401672603,1.2315309896351243,-0.6170418725315283,-0.9814199372128257,0.43480237100287683,-0.250118110672252,0.40868188087239166,0.28392443848256094,0.485203037919159,-0.3081591094587661,-0.7222854815374695,-0.6664912517982081,0.5551275859149203,0.426661366464087,-0.8514960601008752,-0.9547109270496317,0.740227871681959,0.6472232282341087,-0.29529501284976917,-0.2887588940194604,-0.2737404184195608,-0.47388732528251953,-0.2080521063974846,0.2728203490751818,-0.38038109122596964,0.4178191370640319,0.1834901732399864,-0.21277487890887326,-0.30123659278072196,-0.3004914423930116,0.7418560889581336,-0.4898550066833379,0.27310146468491747,0.07029150035061894,0.6152416901378943,0.3855065678922687,1.5221851278232714,0.30773641690269793
Belarus,2015.0,-0.3013286576583035,-0.48152039086587567,-0.4903482348778722,-0.5496417079533944,-0.5550591658192497,1.7585287856634126,1.326887623942285,1.399958529501058,0.07649834589708747,-0.09107146704005584,0.09472179996988332,-0.2764184422252057,-0.28318284995397713,-0.5495852313811279,-1.8261222209082635,0.13049919720968706,-0.9275745654457401,0.24359669371738688,0.05949620934766685,-0.8074964095575125,0.03234966030382667,0.31129831932280827,-0.2964191960314252,-0.6184227201528604,-0.8025809202812937,-0.5804278168813224,0.34190305537144966,0.320991289526201,-0.5110120105474552,-0.6792349509219765,0.6431335644507528,0.8864826667697968,-0.24021958004000188,-0.2660813808027514,-0.2458129692762672,0.4476838107520078,-0.21686273681925347,0.22371497021275902,-0.10959575779981083,0.30664201519674605,0.1834901732399864,-0.20155728462281863,-0.28914262142694785,-0.29430713543127046,0.5340501390044373,-0.14545475672903854,0.23879424008237202,-0.8005467753017056,-0.02080080845695346,-0.4085907935145601,-0.547474571356772,-0.2988690938223321
Belgium,2015.0,1.517623603773688,0.8910738932616412,-0.7904267184884172,-1.0667750571985464,-0.9690541970553442,-0.485896782654974,0.6412618000207392,0.14312963872427917,0.9718066078579637,1.1386844652928572,1.1647069511536314,-0.02759238563481959,-0.0314919952924303,1.1191289462495617,-0.4046650364684354,1.049291244681948,-0.8832127521722813,-0.7134475491968417,1.122863667370761,-0.801690385610791,0.9940875573123814,0.899836757388118,1.0574621734901222,-0.5925674192616858,-0.40110372656217286,-0.5804278168813224,4.4270912201020405,4.193799609299723,-0.1421542901979183,-0.2897689157070139,2.316582506729777,1.6810603083265878,-0.24021958004000188,-0.24154505502729573,-0.16246698823925024,1.490971889281661,-0.0707277977547417,0.5756368520601227,0.07134870320158995,0.7050267018878533,0.5237130346375305,-0.20340076034305785,-0.23139608228977754,-0.15983462455118747,-0.28118858773698857,-1.5476557744001158,-0.950522879472549,-0.14741806856246223,0.31709676892155936,0.12742492543504927,1.619436111003001,-0.2949300969994423
Belize,2015.0,-0.3787308815490263,0.03840168645515346,-0.636332362039759,0.2287239517351848,-0.1459346643624032,-1.568871357577832,-0.6896589170034368,-0.6342902937149649,0.8184436185405913,0.30657416377417934,0.5144397322021826,-0.30968868080282064,-0.31683613730313254,-0.5343488573892637,-0.06155468160364931,-0.7844961889093841,-0.29541872629895183,0.9403249025589455,0.43480237100287683,-0.23270003883208756,-0.07915618282759948,-0.003501310340031572,-0.08705609765180419,-0.3081591094587661,0.8033278545951898,0.022016227536878027,-0.2202343433340651,-0.27604464517285476,0.5293559186435484,0.8786291899378712,-0.693341017437615,-0.8799018300739241,-0.2931326979357598,-0.2868381210420889,-0.27359496295527286,-1.65628048094946,-0.21863765510748642,0.518347243387296,-0.37517939286250923,0.621643860487389,0.4927836836013902,-0.21277844118079642,-0.3010153709002757,-0.2998901903272868,-0.2332333685169046,1.0476461091840714,0.30740868928746296,0.4512832459485109,-0.3984510419976445,-0.051246980881487256,-0.29521742927220784,2.0408950189742123
Bhutan,2015.0,-1.1914542324016182,-0.37753597540166983,1.8697284875726294,1.6415109367863734,1.797406717557617,-0.3603345130987008,-1.6676839893621118,-1.3728392295322471,-1.784582254197511,-0.9231817685587331,-1.4954771263750233,-0.30981502736281674,-0.31696393852340954,-0.6974064498612015,0.7226975580872902,-2.375297295896481,1.1130688451333657,2.058152578282765,0.997761613485691,0.5975613855490817,-0.4833648641790215,-0.6057266888254659,-0.2964191960314252,-0.14656347888892535,-0.1602174103307003,-0.32223751213066504,0.07537239219211096,-0.4556837759672613,0.018629844313418853,-0.24227305775396982,-0.5762567057764543,-0.49590520032528934,-0.28995282306221665,-0.28392598136671915,-0.271849497383817,-1.186800845611116,-0.21956508988872525,-0.14457537125541225,-0.37608568678293536,-0.5642454394303253,0.1834901732399864,-0.21277844118079642,-0.30100011421886563,-0.2998901903272868,0.28628150636733724,-0.17005477458291746,0.1701797908772803,-0.9638289519865165,-1.1139988529168483,-1.0637211166751939,-0.3474154059584709,-0.44067297944636513
Bolivia (Plurin. State of),2015.0,-0.10782309793149598,-0.2943484430303055,0.4261076745273054,0.3939933726279654,0.41904679003038453,-0.40742036418230315,0.268200689945781,0.07834464435434213,-0.2882568719388248,-0.6286294494370774,-0.4964302172587065,-0.2908041634131116,-0.29773419763163295,-0.6841574289987109,0.30606355575147876,0.14568584262245085,0.9799834053129892,-0.43781880723754385,2.1236800984513198,0.78916017579089,-0.901511775921871,-0.906839378068181,-0.8547207917104144,0.44164461638529495,0.40185066087606897,0.45233340212130696,0.026912271614049382,0.22060471643520974,-0.9177012919584835,-0.8882167259153696,0.012020567447912535,0.05350536223814247,-0.2392020200804681,-0.20672329976010861,-0.16130334452494635,2.6907531795907627,-0.2208443102766409,-0.6110764704484292,-0.3523495158296711,-0.6476282808307897,-0.5820112649044881,-0.21277666004483484,-0.3000557256395814,-0.2970285921498144,0.246318823683934,0.9861460645493751,0.6276094522445566,-0.873116631606066,-0.9748645563492254,-0.9446065124641695,-0.272393218934108,-0.1806991891356379
Brazil,2015.0,0.7823024768118191,-0.23195779375178185,-0.8107022917053459,-0.4216911885525321,-1.0080184352893296,0.03204757926465356,0.39927621510725264,0.29861362521212836,0.6485008465943136,0.42439509142284176,0.5735549339250415,0.7943116137899353,0.799874795226215,-0.4093821998969865,-1.7525985734372378,0.5709119141798618,-1.1272027251763048,-0.14687735739161828,0.9352105865431563,-0.1688337754181515,0.07416435147811123,0.14705503428132602,0.01064668159201734,-0.2241293815624489,-0.24051284907452444,-0.49436438196443655,0.5648196100305327,0.6538520318805418,0.19832975935550182,0.4986623263135182,0.3489949278385693,-0.011478682796241991,1.460377502330872,0.7198328003564679,1.134123020423872,-1.1433305090057138,0.06528530999038766,-0.6929187685524673,-0.20583001857060165,-0.7402758823868612,-0.659334642494839,-0.1409345410343533,-0.2005409698060224,-0.26540635004646673,0.11044570256036285,0.4449456717640463,0.23879424008237202,0.30614353333979033,-0.06055346461913149,0.14727735947021992,0.6195372267999842,1.6706293176225706
Bulgaria,2015.0,0.2017857976313964,-0.19036402756609966,-0.6444425913265304,-0.6669296840708516,-0.6914339996381984,1.7585287856634126,0.9941574446862405,1.2444745430132087,0.22986133521445984,0.32866558770830384,0.33118260686131923,-0.27989787928762266,-0.2867023466657802,-0.4962106044779516,-0.06155468160364931,-0.044147225037107295,-0.861031845535552,0.3967237725836635,-0.5034630331351476,-0.6100915953689827,0.1159790426523958,0.21548973638194346,0.02460422148399326,-0.5731759435933049,-1.6055353077195356,-0.752554686715094,-0.2929245242011575,-0.13867354515360328,-1.031195975142957,-1.097198500908764,0.6916807180663559,0.8333139026507548,-0.2683296739221233,-0.2738264331308624,-0.23446744306180414,-0.15220683440254312,-0.0956086342997007,-0.578339551206814,-0.3573097252174694,-0.6105692402083611,-0.5588142516273827,-0.21266266734329348,-0.27232213017232954,-0.2505603967845091,-0.2332333685169046,-1.4123556762037834,-0.8590369471990931,-0.038563284105921566,0.4562310654891825,0.2465395296460735,-0.4450633319266893,-0.43279498580058545
Burundi,2015.0,-0.22392643376758045,-0.1487702613804171,2.9889401291470947,3.0116477487039406,3.175766645084849,-1.663043059745037,-2.040745099437071,-2.176173159719466,-2.584556766042182,-3.1765070098394,-2.8078346046224922,-0.30932006778069604,-0.31646328034494575,-0.8125782955015661,-0.99285421623664,0.10012590638415732,-0.23996645970712832,0.036875137247913525,1.0603126404282264,1.7007059354261596,-1.891126133713281,-1.96073379041769,-1.7898759644727218,2.6975196191402717,0.0003734671569480985,2.862109579794109,-1.8436483826991281,-2.0882864646575996,2.666839118617793,2.1610173546700624,-1.8556169892935246,-1.6390336288846872,-0.23322385531820697,-0.16167807541981496,-0.25104936599063477,0.725893965026582,-0.17727086581326473,-0.4801287934819683,-0.31224142543443095,-0.4901273581854682,-0.4660261985189616,-0.06877537982270986,-0.09113835875058757,-0.05580897579634349,2.332370859757582,0.7770459127914071,2.0227699194147517,-1.3629631616604987,-1.1139988529168483,-1.2622454570269008,-0.5689094819351613,-0.22796715101031562
Cabo Verde,2015.0,-0.8044431129480032,-0.21116091065894074,-0.37680502486307144,-0.11780870497548405,-0.26282737906435943,-0.21907695984789316,-0.19560501447173514,-0.1937523319993931,0.43296367241854766,0.43175889940088324,0.46123605065160916,-0.31006526715154686,-0.3172170593868708,-0.6881794531891099,-0.649743861371854,1.1252244717457713,-1.193745445086493,-0.6828221334235863,0.37225134406034155,-0.0352952246435579,0.1159790426523958,0.33867220016305566,-0.12892871732772998,-0.32108675990435337,0.0003734671569480985,-0.23617407721377917,0.8652723576145146,0.8017901395935827,-0.2745647539131361,0.2801813797295155,-0.03081515633056079,-0.5372586835289882,-0.2923695279661095,-0.2859706751813405,-0.27141313099095304,-0.11743056511822117,-0.22090827129603666,-0.48831302329237214,-0.3854306644486119,-0.5086568784966825,-0.4660261985189616,-0.21257717281713745,-0.30106266661264697,-0.3004914423930116,-0.049405028173250015,-0.4775549977563993,-0.27581412895581464,0.6689928148615922,0.7742523147866064,0.782555248595683,2.440710740386106,0.08715259482086889
Cameroon,2015.0,-1.2688564562923412,-1.9373022073647572,1.2979573228552401,1.076396142765898,1.2470368525025737,-0.12490525768068818,-0.9114790365074665,-0.7768172813288263,-1.2581741557297736,-1.5859244865824589,-1.1053167950041538,-0.2913034163249409,-0.2982391985700091,-0.7587778072135241,0.5021266156742136,0.9885446630308896,0.9799834053129892,-1.2800177410020652,-1.2540753564455667,2.443877000606507,-1.9608172856704225,-2.097603194618925,-1.8038335043646967,2.2644433292130985,1.5259868032896073,2.087538665542137,-1.504427538652697,-1.2006578183793573,0.5009822478474304,1.5340720296898807,-1.3672897382189284,-1.0896230663212556,-0.10984471022473294,-0.019293033419822123,-0.1821034759181286,0.7780583689530648,-0.09568858557394543,-0.537418402154795,-0.25799112075966546,-0.5642454394303253,-0.5201525628322072,-0.06727566334305632,0.29655069822921387,1.066077651231746,1.2373933542323337,0.7032458592297721,1.1993965289536528,-0.8186892393777958,-0.8754829159437805,-0.8651967763234866,-0.49904755116115146,-0.27523511288499325
Canada,2015.0,1.478922491828326,1.6397616846039231,-0.8188125209921173,-1.0347874273483308,-0.9495720779383514,-0.45450621526590573,0.3791107496977955,-0.06418234325951905,0.9552268252290583,1.278596816875643,1.229733673048776,0.6433808345495405,0.647206311296964,1.2357203298394788,-0.7232675088428797,0.1684658107415987,-0.2621473663438578,-0.03203204824191083,-0.003054817594867869,-0.726212074303412,1.1334698612266647,1.0093322807491074,1.2389101920857952,-0.5473206427021304,-0.07992197158687614,-0.6664912517982081,0.2740588865621632,0.24173873182278646,-0.16107007072866275,-0.3942598032037118,0.9229936264701121,0.9544205320330168,-0.15029271861620175,-0.14730325829884092,-0.05817542034476308,0.2651083970093183,0.09804934217587674,0.9684798829595055,1.5293659002600637,1.214588510446246,0.8407388827579695,-0.2127695355009885,-0.06347952102224515,0.31381186178105663,0.7738262351048566,-0.10855472994822107,0.4789448123001918,-0.41955502970381364,-0.0009244803758645356,-0.19021401912768213,-0.018746777089833393,-0.43279498580058545
Chile,2015.0,0.5500958051396502,1.015855191818688,-0.6241670181096017,-0.4963289915363684,-0.5794118147154905,-1.5217855064942294,0.01613237232756579,0.4411406128259896,0.6816604118521242,0.38021224355459327,0.5558203734081832,-0.1614406192974887,-0.16688125792481184,-0.179085826547909,-0.3311413889974098,0.4608087349373178,-0.23996645970712852,-0.3344580290028071,0.12204723629020213,-0.5926735235288182,0.8268287926152412,0.804028174447255,0.8341415352185273,-0.5214653418109558,-0.07992197158687614,-0.5804278168813224,0.43882329652757285,0.5376149472488677,-0.5204699008128286,-0.3847606316131022,0.383263506861348,0.3902408683254067,-0.2314431253890228,-0.1984825640829985,-0.12479402298866143,-0.5521339311722434,-0.20947523907904073,-0.4228391848091417,-0.2240592077708518,-0.4438035574074325,-0.411899834205716,-0.20834252206847204,-0.2973980117379446,-0.29236775846739105,-0.2492184415902661,0.026745368248112005,-0.19576393821654167,-0.2744153170950929,-0.29906940159219947,-0.2696237552683651,-0.308515012686579,-0.3855270239259078
China,2015.0,-0.7657420010026414,-0.3567390923088288,0.19091102521093237,0.5272751636705304,0.36547096245865474,2.417730700833848,0.45977261133562447,1.153775550895297,-0.802230133434883,-0.9379093845148162,-0.916148149491005,6.473379725791918,6.544327471836059,-0.44941317007436876,0.8207290880486577,0.335518910282009,-0.7612177656702696,-0.03203204824191083,-0.5660140600776826,-0.47074702064766755,0.4504965720466762,0.44816772352404316,0.4712454980271851,-0.4568270895830196,-0.40110372656217286,-0.5804278168813224,0.2643668624465507,0.18890369335384347,-0.7758329379778921,-0.9547109270496317,-0.18502376193306494,-0.25073812133192974,5.352035567567914,5.655537787596429,5.79291608610383,0.12600331987203137,-0.21195372858062725,-0.7092872281732749,-0.1366784235740958,-0.7588054026980754,-0.6825316557719443,-0.21221293051299359,0.15893543191025053,1.060490075643506,0.8937142831550663,0.5310457342526216,0.8791957659965592,-0.8368317034538858,-0.47795635432200057,-0.6269675679014379,0.18071697412573465,-0.5115749222583815
Colombia,2015.0,0.24048690957675778,1.2238240227470998,-0.5268442666683439,0.04212944427559389,-0.24821578972661487,0.3930391042389397,-0.42750786668049323,-0.06418234325951905,0.4702681833335838,0.24766369994984838,0.38438628841189265,-0.13104200496211532,-0.13613265656272888,-0.5302795152672131,-0.15958621156501673,0.13809251991606894,3.5973303884470593,-1.333612218605262,-0.12815687147993787,-0.22108799093864467,0.3529289593066776,0.37973302142342574,0.3177125592154618,-0.17241877978009987,-0.07992197158687614,-0.4083009470475509,0.45336133270099116,0.268156251057258,0.832008407135477,1.0211167637970036,-0.06793945027190426,-0.41024441368905523,0.14301893971941795,-0.012539347789709322,-0.08072101730940116,-0.19567717100794535,-0.2200767780438915,-0.6929187685524673,-0.34811403164583854,-0.7402758823868612,-0.659334642494839,11.40076593140581,9.647001522779956,-0.2995059314882897,0.5260576024677566,1.219846234161222,0.9020672490649234,0.4149983177963308,-0.21956408926784343,0.08772005736470798,0.8930308080686936,1.5682154002274358
Costa Rica,2015.0,0.27918802152211913,3.823434409352245,-0.4984584641646437,-0.09115234676697107,-0.28230949818135204,-0.2661628109314955,-0.1855222817670064,-0.1678383342514184,0.6194862269937301,0.38757605153263475,0.47897061116846673,-0.27642641555180736,-0.2831909150795286,-0.27939984164962345,0.011968965867376346,-0.4997465874200463,0.9467120453578951,0.2206276318874456,1.373067775140901,-0.5346132840616036,0.7431994102666701,0.6945326510862656,0.7922689155426035,-0.4956100409197814,-0.07992197158687614,-0.49436438196443655,1.6890944074415608,2.043413543613743,0.6050190407665301,0.5081614979041265,0.8744464728545089,0.4138714301560923,-0.25980760926102764,-0.26075278480101105,-0.2503220886691948,0.9693278500168342,-0.1918859587452008,-0.021811924099355173,-0.2829533325337513,0.047228730839746144,-0.06394463504913672,-0.2081278951851012,-0.289174660457909,-0.2847865576085899,-0.12933039354005646,0.5310457342526216,0.13587256627473404,0.3242859974158803,-0.08042979270022059,0.10757249139987862,0.10867185801503691,0.3313703978400368
Croatia,2015.0,-0.06912198598613425,0.07999545264083564,-0.5187340373815724,-0.5762980661619074,-0.5794118147154905,0.5656872248788155,1.0344883755051555,0.8298505790456118,0.4163838897896423,0.16666181219139295,0.3725632480673207,-0.2802284656751853,-0.2870367391790293,-0.26624545665043636,-0.28212562401672603,0.16087248803521573,-1.0162981919926577,0.23594033977407322,0.12204723629020213,-0.7668542419304621,0.5341259543952454,0.543976306464908,0.485203037919159,-0.5861035940388922,-1.5252398689757112,-0.8386181216319798,0.6423558029554309,0.426661366464087,-0.3786015468322373,-0.5367473770628441,0.19478632223606554,0.11553558704369103,-0.27405344869450093,-0.2800224749933512,-0.24843116763345097,0.3172728009358011,-0.21953310937902737,0.37103110680002754,-0.2443677849315896,0.501201978464496,0.2994752396255128,-0.1830655310696559,-0.274563336671471,-0.29728627160655363,-0.36910648964047577,-1.5230557565462368,-1.01913732867764,1.503546162361736,1.6090580941923442,1.6560623461431943,-0.5069864069309253,-0.49581893496682233
Cyprus,2015.0,-0.030420874040772882,-0.8350674034441757,-0.7336551134810166,-0.8481929198887399,-1.017759494847826,-0.8154977402401917,-0.16535681635754926,-0.5176773038490783,1.000821227458547,1.41850916845843,1.3065834352884924,-0.29883820996354354,-0.30586074221614007,0.28590748779385894,-0.06155468160364931,1.1935643761032126,-1.0828409119028461,-0.7823547346866662,0.997761613485691,-0.8423325532378412,1.008025787703809,0.8724628765478725,1.1272498729499958,-0.3534058860183215,-0.1602174103307003,-0.9246815565488655,0.18683066952165248,0.19947070104763223,-0.5015541202820829,-0.6602366077407587,0.3432834980014394,0.42568671107143463,-0.2933870879256433,-0.2867142002048391,-0.27054039820522513,-0.8390381527678982,-0.1835710262237492,0.5265314731976998,-0.3436494557813511,0.8162038237551391,0.3381369284206883,-0.20209518768321694,-0.2797231463243616,-0.2744432138012333,0.47810238324767257,-0.5390550423910957,0.07869385860382441,1.1225544167638446,1.4898001257058102,1.3979807036859753,-0.5343754593366451,-0.46430696038370395
Czechia,2015.0,0.12438357374067331,0.6207144130547059,-0.7539306866979454,-0.9441558094393867,-0.8862551908081253,1.9311769063032889,2.2847472308915027,2.306948450680176,0.29618046573008006,-0.2383476266008837,0.07698723945302578,-0.19571733702536387,-0.20155261227627094,0.020453891227529615,0.42860296820318805,-2.4056705867220103,-0.23996645970712832,2.555815584598164,0.6850064787730162,-0.8423325532378412,0.6735082583095285,0.6808457106661429,0.6387359767308802,-0.5990312444844794,-0.8828763590251179,-0.6664912517982081,0.2740588865621632,0.26287274721036397,-0.4637225592205913,-0.6602366077407587,0.6459892793693178,0.65313086869178,-0.2497592046606313,-0.256911238846268,-0.21672187641866966,-0.2739237768976692,-0.2144322180822138,-0.3982864953779302,-0.28172470894313656,-0.4623330777186468,-0.33457645661536506,-0.21010673723842077,-0.2935365456730522,-0.28631455158013125,-0.025427418563207745,-0.42835496204864154,-0.2529426458874513,-0.4558399578559939,-0.6568433070518014,-0.5475578317607552,-0.384728028076408,-0.503696928612602
Denmark,2015.0,1.3241180440468805,1.015855191818688,-0.8188125209921173,-0.9494870810810893,-0.905737309925118,-0.297553378320564,0.15729063019376618,-1.6708502036339574,0.9096324229995695,1.322779664743892,1.206087592359632,-0.12540486305471632,-0.1304306127978457,1.6974487068972761,-0.3311413889974098,0.5860985595926266,-0.4174137128009638,-0.39953703752097475,1.4356188020834357,-0.7726602658771837,0.9662110965295244,0.8450889957076251,1.085377253274072,-0.5861035940388922,-0.481399165305997,-0.5804278168813224,1.0881889122735977,1.0659653319382978,-0.3596857663014915,-0.3942598032037118,1.7283052335054103,1.5274616564271333,-0.2660401640131722,-0.2610006264755106,-0.22952195727601257,1.3779490141076154,-0.14796072867514787,0.14187267210872095,-0.23538413675997863,0.21399441364067462,0.10616679564963545,-0.20390482182018604,-0.25953397981439663,-0.22009545189037613,0.4141620909542276,-0.6743551405874271,-0.03566355673799486,-0.38327010155163344,-0.27919307351111056,-0.30932862333870653,-0.4799942973136942,-0.4800629476752632
Dominican Republic,2015.0,-0.8431442248933645,0.641511296147547,-0.7579858013413312,-0.3683784721355061,-0.5550591658192497,-0.42311564787683725,-0.42750786668049323,-0.245580327495343,0.9220672599712482,0.8073131062809944,0.839573341677907,-0.2674024498371341,-0.2740630541380939,-0.5014155769596443,0.796221205558316,0.21022908562670017,-0.7944891256253636,0.10961049970939486,-0.6911161139627523,0.6556216250162963,-0.10703264361045652,-0.017188250760154282,-0.17080133700365377,0.0150321516809154,0.08066890590077216,0.022016227536878027,-0.2444644036230959,-0.42398275288589504,0.15104030802863802,0.9641217342533511,-0.2021580514444541,-0.4693208182657683,-0.2521759095645241,-0.20907779566785437,-0.19068534831111986,-0.11743056511822117,-0.20894756066902553,-0.28370727803227697,-0.24741648639545688,-0.4160092769406111,-0.1567326881575578,0.025480554128341888,-0.0950730568862484,-0.29774286152112667,-0.28118858773698857,0.5433457431795619,0.04438663400127895,0.43314078187242083,-0.3984510419976445,-0.051246980881487256,-0.4335519910605172,-0.4761239508523733
Ecuador,2015.0,0.24048690957675778,-0.04478584591621128,0.09764338841306042,0.36733701441945243,0.24857824775669854,-1.568871357577832,-0.12502588553863495,-1.4376242239021841,-0.05199496947692689,-1.173551239812141,-0.21267724898898313,-0.2501463310726177,-0.256608261261912,-0.534869354637433,-0.8703148037849308,0.17226247209478965,1.2794256449088361,-0.567976824273879,0.18459826323273684,-0.23270003883208756,0.4226201112638192,0.366046081003303,0.4712454980271851,-0.1982740806712744,0.3215552221322447,-0.06404720738000784,0.8943484299613513,0.7595221088184277,0.3118244425399752,0.10919629109855696,0.3118706338972258,0.21891929505293892,-0.16415697306484986,-0.16626314639805667,-0.14559415438184367,1.6909354376665116,-0.035757110400098165,-0.5210499425339873,-0.28919950300157293,-0.5549806792747183,-0.496955549555102,-0.21272144483002575,-0.09814422685409843,0.24892636629723255,0.03052033719355642,1.010746082403254,0.46750907076601056,-0.7461193830734354,-0.8953592440248694,-0.8453443422883159,-0.3855219136533854,-0.05465129080316416
El Salvador,2015.0,0.7436013648664578,1.3694022043969878,-0.6606630499000734,0.36733701441945243,-0.1459346643624032,1.2562797074383192,-0.23593594529064946,0.23382863084219135,0.3790793788746056,-0.20889239468871826,0.11836788065902724,-0.2966688517950667,-0.30366640767186937,-0.6469655347204338,-0.30663350650706794,-0.006180611505195669,-0.6170418725315283,-0.32297349808783643,-0.5034630331351476,-0.22689401488536612,-0.27429140830759674,0.01018563008009114,-0.5895275337628957,-0.34047823557273427,-0.6419900427936454,-0.23617407721377917,-0.2735404759699326,-0.2971786605604323,0.7279716142163758,1.0781117933406559,-0.8275596186101646,-0.8858094705315955,-0.25026798464039823,-0.24414739260954102,-0.24086748349047563,0.45637787807308805,-0.22068440772815143,-0.6601818493108521,-0.3784223186148235,-0.7032168417644326,-0.6361376292177338,-0.2061490531317816,-0.3011648863780945,-0.3002789698585074,-0.5209646838374079,0.3711456182024114,-0.3329928366267243,-0.9275440238343363,-0.6170906508896233,-0.765934606147633,-0.20689765883347372,7.846976335913785
Estonia,2015.0,-0.10782309793149598,0.2879642835692473,-0.7174346549074738,-0.874849278097253,-0.8375498930156436,0.7697259129077596,1.689866001312515,1.348130534005108,0.5200075312202992,0.09302373241097901,0.45532453047932364,-0.2970098648404931,-0.30401134688776266,-0.0014069931955798555,-0.42917291895877724,-0.18082703375198894,-0.12906192652348128,0.281878463433956,0.24714929017527157,-0.8249144813976768,0.5480641847866748,0.7082195915063902,0.28979747943151196,-0.5861035940388922,-0.7222854815374695,-0.6664912517982081,0.48243740504782784,0.6961200626556967,-0.7096277061202838,-0.869218382734153,0.814476459564646,0.8037757003623982,-0.292115137976226,-0.28510322932059207,-0.26894038809805726,-0.20437123832902562,-0.21910137249810582,0.4937945539560847,-0.3390079601860309,0.7513505026658889,0.31493991514358294,-0.058674557784568274,-0.16887725320753277,-0.29996704209508623,0.33423672558742124,-0.3053548727792488,0.021515150932914773,-0.41955502970381364,-0.19968776118675452,-0.28947618930353575,-0.5522378848186363,-0.2988690938223321
Eswatini,2015.0,0.0856824617953116,-0.5231141570515583,-0.3443641077159855,-0.34172211392699314,-0.36997903420781914,1.9154816226087543,-0.0846949547197203,0.5577536026918765,-0.11416915433532104,0.6674007546982075,0.24250980427703078,-0.30855462842693326,-0.31568902829200546,-0.6556247162127045,-0.3556492714877516,-0.18082703375198786,0.7692647922640596,-0.969935406297855,0.43480237100287683,1.5091071451843514,-2.6159141140675537,-2.5218983476427534,-2.6412858978831806,1.559886379928593,-0.3208082878183487,0.6244602719550787,-0.4916110185712097,-0.5877713721396187,0.8414662974008491,1.7715513194551011,-0.7390324561346531,-0.7026726163437849,-0.2881720931330325,-0.27512760192198504,-0.2702494872766491,-1.3867643939959664,-0.21583936050892097,-0.4801287934819683,-0.38092941325306134,-0.5086568784966825,-0.4505615230008915,-0.21277487890887326,-0.2999199411750316,-0.2980593099767713,-0.3770990261771565,-1.8920560243544151,-1.1792377101561875,3.027513144753305,2.8016377790576845,3.0655851626403154,0.05726776690575126,0.21320049315334264
Finland,2015.0,1.0532102604293494,0.47513623140481787,-0.729599998837631,-0.8268678333219296,-0.8229383036778991,-0.43881093157137163,0.5706826710876393,0.18200063534624147,0.8971975860278902,0.711583602566456,0.9637152652959106,-0.16725440105575604,-0.17276197524037354,1.1995221121258886,-0.7722832738235633,-0.8110728183817217,-0.040338299976563546,0.8790740710124351,1.4356188020834357,-0.888780744811613,1.063778709269523,1.0503931020094774,1.0574621734901222,-0.5796397688160986,-0.6419900427936454,-0.6664912517982081,0.30798097096680643,0.30514077798551825,-0.4069752176283553,-0.5177490338816263,3.5017041979342056,2.8330501975724927,-0.27418064368944267,-0.2680641141987478,-0.2222491840616132,1.7691820435562355,-0.17904578410149768,-0.2509703587906617,-0.3079651334878662,-0.24924359413968253,-0.23405606574790874,-0.20934797331878607,-0.2762964956796566,-0.24716083623244084,0.32624418905074043,-1.117155461957241,-0.3101213535583609,0.034006572198438875,0.4761073935702715,0.3060968317515858,-0.46887989923601087,-0.4485509730921447
France,2015.0,1.749830275445857,0.7246988285189118,-0.7539306866979454,-0.9548183527227919,-0.8959962503666217,-0.32894394570963226,0.39927621510725264,0.0006026511104179739,0.8889076947134381,1.1386844652928572,1.1410608704644876,1.1843888311262574,1.1944430713975387,0.9225229402365317,-0.6252359788815122,-0.0631305318030631,-0.4395946194376931,0.2627375785756715,0.43480237100287683,-0.7784662898239051,1.1752845524009492,1.1872625062107123,1.113292333058022,-0.5731759435933049,-0.6419900427936454,-0.4083009470475509,0.24982882627313238,0.2523057395165752,-0.2745647539131361,-0.3752614600224939,0.6002978406722794,0.5763315427420532,0.13258895013419644,-0.026356521143059367,0.10429833326491918,0.3520490702201228,0.6397352154387502,0.2810045788855856,1.6455081505966702,0.3714953362859962,0.25308121307130216,-0.2104843380622765,0.18711147113839482,0.8973608967586882,0.006542727583514716,-1.3139556047882697,-0.6417578580496366,0.23357367703542986,0.6549943463000725,0.5046211721032929,0.9243892883593002,-0.44067297944636513
Germany,2015.0,1.6724280515551335,1.743746100068129,-0.8188125209921173,-1.0561125139151413,-0.9593131374968479,0.3616485368498714,0.2883661553552382,0.9594205677854858,0.7313997597388391,0.6084902908738766,0.780458139955048,1.7474455290879256,1.7639823852249965,1.1099965854407736,-0.5272044489201447,0.44941875087774386,-0.48395643271115196,-0.23875360471138418,0.12204723629020213,-0.7958843616640694,0.9522728661380949,0.8861498169679952,0.9876744740302486,-0.5925674192616858,-0.6419900427936454,-0.752554686715094,0.06083435601869194,0.09908412795664023,-0.2840226441785097,-0.4322564895661463,0.2404777609331036,0.6147312057169166,0.28102550923119046,-0.11167601758953027,0.09891648108626362,1.2475380042914088,4.760807656128348,0.3055572683167971,2.2504134983172985,0.39002485659721037,0.2762782263484075,-0.19144755690486914,0.5742329795697411,0.8310287797633458,0.2543113602206148,-0.6866551495143656,-0.1614567136139954,-0.8005467753017056,-0.4978326824030895,-0.6468200019366088,0.034046613779162654,-0.503696928612602
Ghana,2015.0,-0.9205464487840876,-0.5231141570515583,0.2963440059389617,1.0817274144076006,0.6869259278890341,1.3661466933000583,-1.10305095789731,-0.2067093308733807,-0.6281424158313796,-0.6949037212394503,-0.685598862771855,-0.28035665223362793,-0.28716640158212586,-0.7429736180418388,-0.38015715397809346,-0.4390000057689879,1.0132547652680834,0.13640773851099336,-0.19070789842247257,1.2594481154753285,-1.4729792219704314,-1.5774994586542328,-1.343234687929531,1.2237674683433242,0.963918732082838,1.4850946211239362,-0.48191899445559727,-0.46096727981415525,0.3496560036014654,0.2041880070046452,-1.1930911281864705,-1.0335004819733782,-0.09445411583678412,-0.02102792514131899,-0.15155782841765117,-0.9781432299051853,-0.1753200547216934,-0.5947080108276216,-0.28216636257777,-0.6383635206751824,-0.5665465893864179,-0.2104193265996787,-0.2686940913330114,-0.21697165356394107,1.085535160035401,0.2481455289330186,0.8791957659965592,-0.3651276374755434,-0.10030612078130952,-0.21006645316285297,0.10490090152439438,-0.4249169921548059
Greece,2015.0,0.5113946931942881,-0.48152039086587567,-0.3159783052122853,-0.44301627511934244,-0.39920221288330815,-0.5643732011276449,-0.6493279861845226,-1.178484246422436,0.5075726942486205,1.219686353051312,0.8573079021947645,-0.19107318094628375,-0.1968549868396813,0.03147896930238785,-0.9438384512559564,0.9126114359670664,1.1796115650435541,-1.2800177410020652,-0.6285650870202173,-0.7668542419304621,0.9662110965295244,0.9682714594887354,0.9597593942463006,-0.5925674192616858,-1.3646489914880628,-0.9246815565488655,0.09960245248114176,0.33155829721998975,-0.5204699008128286,-0.5937424066064966,0.33757206816430996,0.6856228912089721,-0.2559917594127759,-0.2501575532161552,-0.22515829334737295,0.07383891594554857,0.24525562831526787,0.24008342983356656,-0.06826653384635614,0.38076009644160325,0.15256082220384598,-0.21240084035694065,-0.24386994501066273,-0.2632861453936476,-0.5289572203740887,-1.5353557654731762,-1.122059002485278,3.6806418514925476,2.821514107138773,3.383224107203047,-0.5224671756819843,-0.49581893496682233
Guatemala,2015.0,-0.34002976960366493,1.452589736768353,-0.4214112859403146,1.1190463158995188,0.5261984451738443,0.9737646009367039,-0.7098243824128944,-0.18079533312540597,0.20913660692832844,-0.9084541526026507,-0.5023417374309921,-0.2729034318594888,-0.27962737037432905,-0.6410981111956165,0.11000049582874366,0.6164718504181552,-1.1493836318130344,-0.17750277316487376,-1.066422275617962,0.36532042768022316,-0.23247671713331217,-0.18143153580163654,-0.2685041162474773,0.06674275346326444,0.5624415383637172,0.5383968370381929,-1.3638931889763182,-1.1531062837573083,-0.44480677868984553,-0.29926808729762355,-1.4386826111830506,-1.470665875841055,-0.19264865193179645,-0.14247034564609964,-0.21657642095438168,-0.7694856141992545,-0.21980494371145942,-0.6765503089316597,-0.36995264163205493,-0.7217463620756468,-0.659334642494839,-0.21271966369406414,-0.3008185597100856,-0.2995827832560891,-1.0404795587216498,1.502746439480825,-0.11571374747726786,-0.9094015597582462,-1.0941225248357593,-1.0637211166751939,-0.5232610612589617,2.663256516990802
Honduras,2015.0,0.24048690957675778,0.03840168645515346,-0.5146789227381867,1.0124208830654668,0.3703414922379028,1.4760136791617975,-1.6273530585431977,0.20791463309421618,0.17597704167051836,-0.9673646164269816,-0.4846071769141346,-0.2981764238556028,-0.30519133679536875,-0.7181790218563208,0.03647684835771812,-0.006180611505195669,-0.6170418725315283,-0.32297349808783643,1.0603126404282264,-0.04690727253700079,-0.17672379556759812,-0.2088054166418839,-0.11497117743575405,-0.19181025544848077,0.5624415383637172,0.19414309737064975,-0.2735404759699326,-0.2971786605604323,0.7279716142163758,1.0781117933406559,-0.9889075115090807,-1.0231621111724534,-0.24607054980732126,-0.21855773971746223,-0.24014020616903567,0.3172728009358011,-0.2206684174733025,-0.6847345387420635,-0.37938543347069953,-0.7310111222312539,-0.659334642494839,-0.21277309777291167,-0.30117404038694057,-0.30039198716409476,-0.4010766357871982,1.2321462430881607,0.2845372062190988,0.07029150035061894,-0.5972143228085345,-0.3291810573738772,-0.5252457752014051,3.7976876019830654
Hungary,2015.0,0.008280237904588839,-0.39833285849451133,-0.713379540264088,-0.7895489318300113,-0.788844595223162,1.1778032889656482,1.3672185547611992,1.2963025385091584,0.45368840070467903,0.2182084680376829,0.41985540944560773,-0.23427082447582562,-0.2405499758946793,-0.22332809264229722,0.011968965867376346,0.016599356613952173,-0.594860965894799,0.23594033977407322,-0.12815687147993787,-0.7494361700902978,0.26929957695810847,0.32498525974293296,0.16417962040374057,-0.5279291670337495,-1.1237626752565903,-0.8386181216319798,0.16744662129042756,0.19418719720073824,-0.22727530258627235,-0.356263116841276,0.5717406914866305,0.5763315427420532,-0.24785127973650545,-0.26552373703512744,-0.21075820238286216,-1.0476957684738288,0.169685683899152,-0.31644419727389217,-0.2664724202065033,-0.33262643554014676,-0.29591476782018955,-0.21255401804963686,-0.2573736337267286,-0.281545221284344,-0.361113953103795,-1.0433554083956054,-0.8132939810623655,-0.292557781171183,-0.17981143310566558,-0.21006645316285297,-0.002869065550285688,-0.3934050175716874
Iceland,2015.0,0.47269358124892674,0.8078863608902764,-0.7498755720545598,-0.8055427467551192,-0.8229383036778991,-0.6742401869893841,-0.07461222201499192,-0.31036532186528004,0.9842414448296424,1.1681396972050222,1.194264552015061,-0.30030039539573145,-0.3073397621634234,1.6787108059631823,0.18352414329976943,-0.18082703375198894,-0.7723082189886342,0.4962563738467433,1.7483739367961104,-0.8713626729714485,1.2031610131838062,0.9682714594887354,1.4064006707894905,-0.6054950697072731,-0.07992197158687614,-0.49436438196443655,0.2546748383309383,0.18362018950694947,-0.5677593521396924,-0.717231637284411,1.2942365658835475,1.3531862629258296,-0.29516781785482743,-0.28820125025183646,-0.27141313099095304,1.66485323570327,-0.21737442497441972,0.2482676596439705,-0.3791937919520457,0.3622305761303889,0.19895484875805652,-0.21257004827329112,-0.3005546191216911,-0.3000258110939916,1.7329306195065337,1.182946207380403,1.782619347196932,-0.8186892393777958,-0.7164722912950685,-0.765934606147633,-0.4799942973136942,-0.49581893496682233
India,2015.0,-1.2688564562923412,-1.6045520778792988,1.5250437428848413,1.076396142765898,1.1739789058138512,1.0208504520203066,-0.01411582578662011,0.5577536026918765,-1.7928721455119632,-1.3502826312851344,-1.619619049993027,1.005633595377206,1.0136297808707804,-0.7481785905235315,1.0658079129520766,0.6240651731245382,-0.9053936588090107,-0.2693790204846397,-0.37836097925007783,1.02720715760647,-0.5809324769190202,-0.7425960930267007,-0.38016443538327477,0.20248308314193067,0.08066890590077216,-0.06404720738000784,-0.23477237950748345,-0.5983383798334068,-0.22727530258627235,-0.7552283236468469,-0.713331021867569,-0.6406423915382361,8.156558011038026,7.6302163291716125,8.900862991545262,-0.8825084893733004,-0.1349286709732574,-0.6847345387420635,0.9565566327592583,-0.7310111222312539,-0.659334642494839,-0.2036821798249881,0.012689460917602343,0.6053739067353682,-2.2233749661503848,0.5433457431795619,-1.2707236424296426,-0.11113314041028201,0.07858083194849153,0.008310321224025037,-0.4895209242374229,-0.2988690938223321
Indonesia,2015.0,-1.5397642399098719,-0.9390518189083815,0.5031548527516346,0.623238053221177,0.5797742727455742,0.6755542107405549,-0.04436402390080601,0.23382863084219135,-0.653012089774737,-1.5785606786044173,-0.7565371048392859,0.21694586124230064,0.2158616830052499,-0.667738106715553,0.30606355575147876,-0.23398029269666545,0.6472698057620481,0.06750055302116902,-0.6911161139627523,0.33629030794661585,-0.5669942465275907,-0.6741613909260833,-0.4499521348431484,0.6290955478463103,0.0003734671569480985,-0.06404720738000784,0.11898650071236598,-0.12282303361291977,-0.019201716748071376,0.10919629109855696,-0.3763566614769121,-0.2389228404165874,1.407591579430056,1.5501643703485932,1.2314327260325357,-0.4391110559981976,-0.09447332620542558,-0.7092872281732749,-0.30195554473309966,-0.7588054026980754,-0.6747993180129093,-0.21276062982118057,-0.28111760700524335,-0.2766402702218519,-0.06539010124661096,1.3428463234306147,0.570430744573647,-0.7642618471495254,-0.5773379947274455,-0.6666724359717794,-0.5597797977999215,-0.49581893496682233
Ireland,2015.0,0.16308468568603468,1.452589736768353,-0.7539306866979454,-0.6989173139210672,-0.7693624761061691,-0.4702014989604399,-0.024198558491348863,-0.28445132411730484,0.9303571512857008,1.1092292333806912,1.111503269603058,-0.1321607240176148,-0.13726425571702622,2.132868313956699,5.085100641368141,0.8290848861968602,-0.4617755260744224,-0.6215713018770758,-0.5660140600776826,-0.7842723137706266,1.063778709269523,0.9272106382283652,1.1830800325178956,-0.5861035940388922,-0.07992197158687614,-0.4083009470475509,0.4097472241807355,0.3791098318420387,-0.34076998577074574,-0.4607540043379725,1.539828048880128,1.4122626675025427,-0.272654303750142,-0.2562916346600191,-0.25090391052634675,-0.5086635945668412,-0.15274181487498253,0.6165580011121418,-0.1931868438790368,0.7420857425102819,0.5701070611917411,-0.2126038898565612,-0.28523080831340214,-0.2728067232163281,0.27029643329397574,-0.2930548638523102,0.021515150932914773,0.05214903627452891,0.6351180182189833,0.4053590019274394,-0.282713731434814,-0.5115749222583815
Israel,2015.0,0.0856824617953116,0.12158921882651783,-0.7944818331318028,-1.0774376004819517,-1.0275005544063223,-0.5486779174331108,-0.04436402390080601,-1.087785254304524,0.992531336144095,1.6467872157777128,1.4011677580450674,-0.12699646171097792,-0.13204053593677204,0.9481692591917813,-0.3311413889974098,0.6164718504181552,0.048385326570353784,-0.5909458861038205,0.6850064787730162,-0.7958843616640694,1.1613463220095197,1.0230192211692302,1.2668252718697433,-0.6054950697072731,0.6427369771075413,0.7105237068719645,0.5018214532790528,0.47421290108613595,0.13212452749789222,-0.09028631230422916,0.4289549455583861,0.4463634526732843,-0.24505298984778748,-0.23528705274618203,-0.21992189663300538,0.030368579340146352,-0.11558046260603348,1.3449544542380805,0.13029758268410482,1.7612093596270677,1.0959060288061278,-0.2126252634881002,-0.23230995750624162,-0.12644931248067673,0.605982967834563,-0.2684548459984313,0.2845372062190988,-0.5828372063886245,-0.47795635432200057,-0.5078529636904138,1.9099982321767237,-0.45642896673792427
Italy,2015.0,0.7823024768118191,0.4127455821262942,-0.7214897695508595,-0.901505636305766,-0.8424204227948917,0.12621928143185882,0.9840747119815124,0.803936581297637,0.698240194481029,0.6600369467201666,0.7036083777153307,0.8149729563461915,0.820774017107144,0.6172749631510789,-0.6987596263525376,0.6772184320692136,-0.8832127521722813,-0.33062985203115036,-0.37836097925007783,-0.8191084574509553,1.2170992435752337,1.118827804110095,1.280782811761719,-0.5796397688160986,-1.0434672365127662,-0.9246815565488655,0.4291312724119604,0.5164809318612902,-0.4164331078937275,-0.5367473770628441,0.3804077919427833,0.4227328908425992,-0.07130462675739002,-0.1131011072179027,0.13717126819400438,0.7693643016319842,0.5514690086725718,0.06821460381508666,1.1100973897010822,0.17693537301824602,0.0056464047821791616,-0.2117026350599998,-0.08363512283310795,0.12316070863960099,-0.9365765837448016,-1.5476557744001158,-1.4422597654423714,0.7415626711659523,0.7543759867055175,0.8024076826308537,-0.15331038238750022,-0.503696928612602
Jamaica,2015.0,-0.49483421738511113,0.350354932847771,-0.4984584641646437,0.18607377860156418,-0.165416783479396,-0.9096694424073967,-0.4577560647946791,-0.6990752880849019,0.7852840532827812,0.2034808520815999,0.5676434137527552,-0.30233604701042593,-0.3093988507561388,-0.5845531828717728,-0.6742517438621959,0.8898314678479197,-1.4820972313639755,-0.34594255991777795,0.49735339794541156,-0.22108799093864467,-0.19066202595902565,-0.3456748208431188,-0.03122593808390646,0.0021045012353281393,-0.6419900427936454,-0.6664912517982081,0.09960245248114176,-0.09376376245500202,-0.31712526010731384,-0.41325814638492836,-0.25641663489718713,-0.35116800911234214,-0.28015880845170377,-0.27401231438673707,-0.2626858031336738,-0.8216500181257373,-0.2209242615508856,-0.6519976195004482,-0.38330220386205394,-0.6939520816088254,-0.6284052914586986,-0.21253620669002102,-0.3012106564223248,-0.3004281527018827,0.5820053582245207,0.17434547537138365,0.46750907076601056,0.5238531022528713,-0.15993510502457647,0.18698222754056157,-0.16521866604216098,2.8444503708437323
Japan,2015.0,1.478922491828326,2.513230774503252,-0.6931039670471593,-0.9494870810810893,-0.8570320121326362,0.4401249553225423,0.6815927308396541,0.49296860832193945,0.6277761183081821,0.9398616498857393,0.8100157408164775,2.415177898675104,2.4394025284748584,0.8278397590013757,-0.5026965664298028,0.335518910282009,-0.7612177656702696,-0.03203204824191083,-0.8787691947903573,-0.8713626729714485,1.412234469055231,1.4336274337729347,1.3505705112215927,-0.5925674192616858,-1.0434672365127662,-0.8386181216319798,0.34190305537144966,0.320991289526201,-0.5299277910782009,-0.717231637284411,0.42609923063982136,0.4611325538174626,0.15484807424899844,0.12123319602142407,0.25891749180305007,-1.0998601724003116,-0.0497965541574722,-0.578339551206814,0.18723784209846517,-0.6013044800527539,-0.5588142516273827,-0.21165810666096022,-0.28025255316929154,-0.28956040859660065,-0.16929307622345965,-0.14545475672903854,-0.24150690435326921,-1.0001138801386968,-0.7761012755383354,-0.8850492103586572,-0.5034139218345272,-0.5430868968415
Kazakhstan,2015.0,-1.5010631279645104,-0.5647079232372404,-0.12538791697315538,-0.14446506318399704,-0.15080519414165144,-0.752716605462055,0.2480352245363235,-0.9582152655646501,0.16354220469883965,0.13720658027922747,0.21886372358788728,-0.19795293513791629,-0.20381394940204606,-0.335802816178512,-0.6007280963911703,-0.5528998463647228,-1.2159263517232224,1.0245447959353977,-1.191524329503032,-0.3720446135534027,-0.4276119426133074,-0.23617929748213126,-0.6453576933307934,-0.5408568174793368,0.1609643446445964,0.2802065322875356,0.8846564058457389,0.8387746665218422,0.6712242726241398,0.4986623263135182,0.6117207003465391,0.4109176099272564,-0.14304260390452336,-0.21595540213521694,-0.20653999391851052,0.3520490702201228,-0.21858968434293957,0.9357429637178901,0.5265804751917196,1.0570875878009247,0.9103299225892852,-0.20024636855509298,-0.2892631492100875,-0.29750326483328143,1.1734530619388888,0.45724568069098664,1.0049889228725615,-0.5646947423125344,-0.6170906508896233,-0.5872626998310965,-0.5621614545308536,-0.18857718278141755
Kenya,2015.0,-0.8044431129480032,-0.6270985725157641,0.827564024222494,0.596581695012664,0.7551133447985084,-0.43881093157137163,-0.790486244050723,-0.8416022756987633,-0.6944615463469999,-0.12052669895222132,-0.47869565674184855,-0.26803663596837674,-0.27470454181657167,-0.7541406499116523,0.3305714382418205,-0.47696661930089956,-0.32869008625404605,0.6417270987697062,-0.003054817594867869,1.0388192054999128,-1.6541762170590002,-1.7006819224353449,-1.580512866093101,2.497141037233669,0.883623293339014,1.226904316373279,-0.1960042830450343,-0.2918951567135375,-0.09486483887105453,-0.24227305775396982,-0.5491274140500882,-0.5667968858173452,-0.021062603755408336,0.21609459693612776,0.2056080641415026,-0.2130653056501062,0.4240906385458729,-0.5210499425339873,-0.09823647797243477,-0.5549806792747183,-0.504687887314137,-0.17496670585233448,0.6352841159003357,2.1961557725688086,1.5890649618462824,0.7155458681567107,1.4509828427056555,-1.0182563442147867,-0.9748645563492254,-1.0041638145696816,-0.455780787215884,-0.18857718278141755
Kyrgyzstan,2015.0,0.0856824617953116,-0.8350674034441757,0.4747690502479343,0.3140242980024265,0.39956467091339193,-0.10920997398615377,0.12704243207958027,0.07834464435434213,-0.42089513297006576,-0.40771521009583556,-0.466872616397277,-0.3069483097830993,-0.3140642156905226,-0.7715536487594971,0.060984730848060005,0.06975261555862759,1.4901442579577655,-0.5373514085006237,0.8101085326580862,0.15630356559825043,-0.5251795553533061,-0.42779646336385896,-0.6174426135468456,-0.23059320678524253,0.482146099619893,0.7105237068719645,-0.026393861021818774,-0.05413748360329402,0.03754562484416464,-0.04279045435118504,-0.09078516962042328,-0.1975693572128881,-0.23678531517657528,-0.26211591401075857,-0.25003117774061884,0.09992111790878998,-0.2182858695008096,-0.43920764442994925,-0.33649802450102057,-0.3974797566293968,-0.47375853627799674,-0.18841962577017674,-0.2794531030634031,-0.2985385033524618,-0.1213378570033757,0.518745725325683,0.0901296001380065,-0.9094015597582462,-0.8556065878626914,-0.8850492103586572,-0.557795083857478,-0.3264420715825607
Latvia,2015.0,-0.4561331054397494,-0.5231141570515583,-0.8107022917053459,-0.5709667945202048,-0.6427287018457167,0.1890004162099953,0.8328337214105833,-0.5695052993450279,0.6111963356792774,0.3139379717522208,0.6326701356479005,-0.29432960043669226,-0.30130022391392525,-0.17761897066670468,0.060984730848060005,-0.5073399101264288,1.4679633513210362,0.044531491191227464,0.37225134406034155,-0.7552421940370192,0.1299172730438253,0.366046081003303,-0.15684379711167784,-0.4826823904741941,-1.6055353077195356,-0.5804278168813224,0.298288946851194,0.4319448703109817,-0.4920962300167093,-0.650737436150149,0.9658293502485854,1.0932500827882927,-0.28982562806727497,-0.28281069383147117,-0.2658858233480095,-0.3608644501084737,-0.2182378987362628,0.37103110680002754,-0.32073383079137946,0.6123791003317819,0.19122251099902146,0.25530408952341943,0.10026891488405212,-0.2996144281016536,0.2063561410005308,-0.5021550156102764,-0.1728924551481775,-0.0022783559537415056,0.7146233305433393,0.4053590019274394,-0.4756279266403186,-0.2988690938223321
Lithuania,2015.0,-0.14652420987685735,0.22557363429072366,-0.5511749545286584,-0.5336478930282866,-0.5842823444947387,0.7697259129077596,0.7622545924774827,0.37635561845605253,0.3915142158462849,0.30657416377417934,0.4848821313407531,-0.2856405144392902,-0.29251109824565197,-0.16370749876108956,-0.4046650364684354,0.024192679320334066,0.7581743389456952,-0.23875360471138418,-0.3158099523075426,-0.7552421940370192,0.1159790426523958,0.4071069022636731,-0.19871641678760363,-0.5731759435933049,-1.6858307464633597,-0.5804278168813224,0.32251900714022474,0.5164809318612902,-0.25564897338239034,-0.3847606316131022,0.7545064462747835,0.9957740152367157,-0.27354466871473404,-0.2833683375990952,-0.2631221695265377,0.10861518522987024,-0.22010875855358938,-0.34099688670510364,-0.35415409708416457,-0.30483215507332534,-0.35777346989247033,-0.20640019330236492,-0.29407968353125125,-0.2957266327894479,0.2303337506105725,-0.8219552477106987,-0.27581412895581464,-0.07484821225810195,0.5158600497324494,0.2465395296460735,-0.5534287131841024,-0.10979724632362145
Luxembourg,2015.0,-0.6883397771119186,-0.10717649519473492,-0.7863716038450314,-1.0827688721236541,-0.9739247268345923,-1.0980128467418069,-0.7199071151176227,-0.9970862621866123,1.1376044341470148,2.1548899662625693,1.7026552868316478,-0.27421535075187553,-0.28095439372468106,4.164984206672845,-0.3311413889974098,0.6772184320692136,0.18147076639073056,-0.6981348413102141,-0.5660140600776826,-0.8423325532378412,1.1195316308352352,1.0093322807491074,1.2109951123018454,-0.5796397688160986,0.963918732082838,-0.752554686715094,0.9040404540769638,0.8546251780625257,-0.5393856813435731,-0.6887341225125848,0.27760205487444706,0.1805196320780755,-0.2940230629003519,-0.28782948774008715,-0.27126767552666503,0.5346244839628123,-0.20768433053595883,2.8754054287835924,-0.3250031492595027,3.262100504835425,2.7351616337215674,-0.2126377314398313,-0.29802811268018115,-0.29510729795482904,0.246318823683934,-0.748155194149062,-0.18432819668235959,-0.23813038894291272,-0.27919307351111056,-0.2299188871980236,-0.15807369584936454,-0.49581893496682233
Madagascar,2015.0,-0.72704088905728,0.8702770101688001,2.149531397966246,2.8996910442281862,2.605914660912813,-0.2818580946260299,-1.7886767818188556,-1.4246672250281966,-2.087163287175029,-2.992411810388365,-2.4531433942853385,-0.3040993788550318,-0.31118248429155815,-0.8033986167611262,-0.13507832907467485,-1.593185057139101,0.536365272578401,-0.9584508753828843,-1.5668304911582414,1.4104047380900864,-1.3196586876647207,-1.399569233192628,-1.2036592890097837,2.4906772120108758,1.2048050483143107,1.5711580560408225,-2.2167913111502022,-2.495116260868461,4.038233207096843,3.8993657557514783,-1.869895563886349,-1.8339857639878403,-0.14889357367184275,0.005119371518383786,-0.22050371849015735,-0.14351276708146257,-0.22082832002179192,-0.7092872281732749,-0.3810009559763324,-0.7588054026980754,-0.6747993180129093,-0.21277309777291167,-0.30120913075418376,-0.30045075616300015,2.5401768097112782,2.154646912608606,2.8004003437391227,-1.235965913127868,-1.1338751809979375,-1.2026881549213888,-0.5470776285682832,0.288041432788249
Malaysia,2015.0,-1.1914542324016182,-0.606301689422923,-0.4984584641646437,-0.3363908422852905,-0.41868433200030086,1.2091938563547167,0.6210963346112823,0.933506570037511,0.2257163895572338,0.14457038825726898,0.14201396134817076,-0.12621323570556517,-0.13124829244990924,-0.3659916565723298,0.3550793207321623,-0.11248712939454758,-0.7501273123519049,0.419692834413605,0.12204723629020213,-0.5868674995820968,0.18567019460953738,0.16074197470145069,0.24792485975558817,-0.4826823904741941,0.3215552221322447,-0.32223751213066504,-0.22992636744967757,-0.4979518067424155,-0.047575387544190724,-0.26127140093518775,-0.019392296656301076,-0.2861839640779577,-0.1145509250375768,-0.0974870817244309,-0.0757755315236096,-1.0216135665105877,0.6488976314671959,0.16642536153993243,0.4580391886973417,0.03796397068413887,0.2994752396255128,0.0009543119373333165,0.11370242286563163,0.1406015392378448,-0.06539010124661096,0.8139459395722246,0.3531516554241913,-0.9456864879104263,-0.9152355721059583,-0.9446065124641695,-0.5530317703956136,-0.44067297944636513
Maldives,2015.0,0.7049002529210957,1.5357772691397173,-0.7174346549074738,-0.5976231527287178,-0.623246582728724,1.852700487830618,-1.0022236308500239,0.38931261733004013,0.26716584612949656,1.1975949291171881,0.6385816558201861,-0.3085239617861575,-0.315658008578346,-0.37857822639169586,-0.18409409405535862,-0.9705325952157507,-1.7926299242781871,1.637053111400504,-0.06560584453740315,-0.5055831643279963,0.8268287926152412,0.5713501873051553,1.099334793166048,-0.2564485076764171,2.5698275069593213,-0.32223751213066504,0.9040404540769638,0.7753726203591113,-0.4353488884244733,-0.30876725888823187,-1.2787625757434171,-1.2875290216532445,-0.2945318428801188,-0.2874577252283378,-0.2626130754015298,-1.4128465959592078,-0.21967702167266787,0.43650494528325795,-0.37268495379625793,-0.36968547616257535,0.9180622603483204,0.10920195943460641,-0.30006869381877993,-0.2970941421870551,-0.9205915106714401,-0.1946547924367946,-0.45878599350272564,-0.4014125656277235,-0.15993510502457647,-0.24977132123319443,-0.2430194525859447,-0.49581893496682233
Malta,2015.0,0.7823024768118191,0.6207144130547059,-0.7944818331318028,-1.1467441318240854,-0.9544426077175997,-0.485896782654974,0.10687696667012313,-0.03826834551154434,0.9718066078579637,1.484783440260803,1.229733673048776,-0.30424412539949336,-0.31132889734003083,0.3240457407051711,1.4579340327975463,0.4190454600522152,1.024345218586448,-0.7287602570834695,0.18459826323273684,-0.6333156911558685,1.2867903955323754,1.200949446630835,1.3086978915456688,-0.5990312444844794,0.963918732082838,-0.8386181216319798,0.33221103125583723,0.3632593203013552,-0.02865960701344494,-0.32776560206944977,0.21192061174745472,-0.023293963711584775,-0.29516781785482743,-0.2885110523449609,-0.2724313192409689,-0.8042618834835764,-0.21417637400463066,0.2728203490751818,-0.37568897334270324,0.26958297457431746,0.32267225290261803,-0.20612678893226183,-0.29129076216948774,-0.27294234398303296,-0.6968004876443823,-0.4529549799025204,-0.7103723072547283,-0.5828372063886245,-0.4183273700787334,-0.4880005296552429,-0.4228345357713225,-0.49581893496682233
Mauritius,2015.0,-0.4561331054397494,-0.33594220921598766,-0.5876709863191301,-0.688254770637662,-0.6622108209627094,0.8638976150749649,0.38919348240252427,0.6484525948097882,0.4080939984751896,0.7925854903249114,0.5558203734081832,-0.30367985920921947,-0.31075813460869667,-0.3856285982078069,0.011968965867376346,0.8898314678479197,1.0021643119497186,-0.34594255991777795,0.05949620934766685,-0.27334220645913776,0.17173196421810985,0.22917667680206813,0.12230700072781678,-0.2564485076764171,-0.8025809202812937,-0.8386181216319798,0.6811238994178808,0.8123571472873707,-0.07594905834030874,-0.4037589747943201,0.12339344927194335,-0.09123182897480472,-0.28868087311279944,-0.2837401001108445,-0.26544945695514555,-0.9172847586576223,-0.2209242615508856,-0.5292341723443912,-0.3819023426341515,-0.5827749597415397,-0.496955549555102,-0.21276330152512296,-0.3012083679201133,-0.3004145906252122,-0.4490318550072822,0.2973455646407764,-0.21863542128490504,0.3787133896441504,-0.4382036981598225,-0.09095184895182855,-0.5085741780848801,-0.44067297944636513
Mexico,2015.0,-0.4561331054397494,-0.04478584591621128,-0.6687732791868449,-0.12847124825888923,-0.3748495639870673,0.8325070476858967,0.3791107496977955,0.6354955959358006,0.4951378572769418,0.034113268586648066,0.22477524376017324,0.40770218019253546,0.40881422827550384,-0.36348380619478693,-0.0860625640939912,1.360617475643623,-1.3046499782701402,-0.8665746280631184,0.3097003171178068,-0.19205787120503737,0.1299172730438253,0.16074197470145069,0.09439192094386692,-0.2887676337903852,0.0003734671569480985,-0.23617407721377917,1.8974729259272263,1.4041095781395325,0.17941397882475602,0.04270208996429492,-0.4077695255811261,-0.41024441368905523,0.8046873034062756,0.6020460445505557,0.42517308748422,1.3779490141076154,-0.21822190848141385,-0.6519976195004482,-0.1274721406463129,-0.6939520816088254,-0.6206729536996635,-0.2126608862073319,-0.2978419811669781,-0.29074030926693284,-0.624867658814256,0.8877459931338613,-0.11571374747726786,-0.7642618471495254,-0.6568433070518014,-0.7063773040421208,-0.4291856203871416,0.7961720229410338
Mongolia,2015.0,-1.036649784620172,-0.7102861048871286,0.276068432722033,0.4313122741198836,0.3606004326794065,0.23608626729359794,0.006049639622837037,0.013559649984405103,-0.30483665456772985,-0.48135328987624953,-0.3841113339852741,-0.3039172190088238,-0.31099822719242093,-0.6395366194511087,-0.5762202139008283,-4.957027016066471,-1.4820972313639755,5.733202471073402,-0.19070789842247257,-0.04110124859027924,-0.5948707073104477,-0.3867356421034889,-0.7709755523585669,-0.32108675990435337,0.883623293339014,0.5383968370381929,-0.06031594542646202,-0.313029172101115,-0.4920962300167093,-0.4702531759285821,0.13196059402763793,0.0357824408651283,-0.27405344869450093,-0.2745079977357362,-0.25701304002644226,-0.6303805370619675,-0.22089228104118772,-0.6601818493108521,-0.384149094077237,-0.7310111222312539,-0.6206729536996635,-0.21275350527733425,-0.3011892970683507,-0.3004462354707767,0.1903710679271693,-0.6743551405874271,-0.20719967975072376,-0.8005467753017056,-0.4183273700787334,-0.5872626998310965,-0.5224671756819843,0.0004946647172931294
Morocco,2015.0,-0.49483421738511113,-0.8558642865370168,1.439886335373741,0.43664354576158626,0.7551133447985084,0.23608626729359794,-0.1149431528339062,0.23382863084219135,-1.4985810038488978,-0.4003514021177946,-0.9693518310415784,-0.24332361683282805,-0.24970699536695387,-0.6743152992151465,0.15901626080942743,-0.484559942007282,1.678681964369965,-0.043516579156881736,-0.7849426543765546,0.16210958954497195,-0.12097087400188404,-0.23617929748213126,0.02460422148399326,0.0021045012353281393,0.08066890590077216,0.1080796624537639,-0.4528429221087606,0.20475420489452623,0.18887186909012824,0.5746556990383885,-0.027959441411996067,-0.12963149194966814,-0.08478729622121296,-0.03980193198466008,-0.1901762541861119,-0.4478051233192782,-0.18553782757016948,-0.6929187685524673,-0.3654141985514826,-0.7402758823868612,-0.667066980253874,-0.21196980545423738,-0.29458620535406604,-0.2908035989580618,-2.1674272103936203,-0.10855472994822107,-1.6137958884551005,0.3242859974158803,0.31709676892155936,0.3259492657867564,0.06222955176185992,-0.4721849540294835
Nepal,2015.0,-0.5335353293304725,-1.251005065300999,2.2590194933376613,1.5828669487276446,2.138343802104989,0.047742862959187955,-0.7703207786412658,-0.6990752880849019,-2.2861206787218906,-1.4975587908459622,-2.2166825873939024,-0.29652839858031377,-0.30352433738330903,-0.7844241261687737,0.08549261333840188,-0.23398029269666545,0.4476416460314833,0.12875138456767943,-0.8787691947903573,0.7310999363236754,-0.873635315139014,-1.0163349014291705,-0.729102932682643,1.0039974107683407,-0.3208082878183487,-0.06404720738000784,0.14806257305920334,-0.3394466913355865,4.217933122138923,3.1394320285027724,-1.0845739612810046,-1.0984845270077623,-0.06341853707100302,-0.021461648071693207,-0.07984828452367325,0.6389532918157775,-0.22006078778904256,-0.5619710915860063,-0.25770055915793294,-0.5457159191191111,-0.5897436026635232,-0.21205351884443183,-0.2451652372623789,-0.13645360437127121,-2.015569016196688,-1.9904560957699298,-2.5057837281212905,0.6145654226333218,0.4363547374080933,0.5244736061384636,-0.5059940499597035,-0.40916100486324664
Netherlands (Kingdom of the),2015.0,1.3241180440468805,0.8702770101688001,-0.7579858013413312,-1.1467441318240854,-0.9154783694836143,-0.8468883076292602,-0.9820581654405668,-0.5176773038490783,1.0339807927163578,1.5805129439753407,1.3893447177004954,0.15831799074003067,0.15655881482535466,1.2999307630909065,-0.4046650364684354,0.046972647439480826,0.536365272578401,-0.18515912710818744,0.37225134406034155,-0.801690385610791,1.0777169396609505,0.899836757388118,1.2109951123018454,-0.5925674192616858,-0.481399165305997,-0.5804278168813224,0.19652269363726493,0.34212530491377846,-0.17998585125940855,-0.337264773660058,1.382763728359059,1.235033453772404,-0.1930302369166216,-0.21521187711171827,-0.15897605709633855,1.3170905428600521,-0.09149913880352174,0.2482676596439705,0.12631779270979687,0.3714953362859962,0.1834901732399864,-0.20930700719166964,-0.1600497373436578,0.07243402119976333,0.5820053582245207,-0.17005477458291746,0.3188444308216458,-0.23813038894291272,-0.19968776118675452,-0.19021401912768213,-0.46332270019716915,-0.5194529159041612
New Zealand,2015.0,0.9371069245932653,1.6189648015110816,-0.8107022917053459,-1.13608158854068,-0.7303982378721838,-0.21907695984789316,0.6210963346112823,0.22087163196820378,0.7645593249966498,0.6747645626762491,0.839573341677907,-0.2018316518632336,-0.20773732278569543,1.010439657245487,0.13450837831908566,0.6734217707160238,-0.9275745654457401,-0.3076607902012088,0.997761613485691,-0.726212074303412,1.1474080916180922,0.98195839990886,1.2668252718697433,-0.5667121183705113,0.482146099619893,-0.32223751213066504,0.32251900714022474,0.32627479337309573,-0.6055909132011827,-0.8122233531904993,1.4570123162417459,1.0932500827882927,-0.2660401640131722,-0.26725862875662426,-0.23926747338330775,0.8041405709163059,-0.21695867834834714,1.1239802493571776,-0.12074531671998086,1.353559912780353,1.0263149889748115,-0.212780222316758,-0.2987970494232494,-0.29439754927574036,0.9496620389118304,0.3711456182024114,0.8220170583256496,-0.49212488600817395,-0.4978326824030895,-0.4880005296552429,1.249882374920028,-0.48794094132104276
Nicaragua,2015.0,0.43399246930356533,1.3486053213041471,-0.44979708844401484,1.2043466621667605,0.47749314738136256,0.3773438205444055,-0.6190797880703367,-0.31036532186528004,0.39565916150351094,-1.085185544075644,-0.3841113339852741,-0.3032198595975832,-0.31029283890380466,-0.7291567819995272,0.28155567326113673,-1.593185057139101,0.536365272578401,-0.9584508753828843,-0.37836097925007783,-0.04110124859027924,-0.10703264361045652,-0.08562295286077173,-0.1428862572197039,-0.1142443527749572,0.24125978338842047,0.1080796624537639,-0.3995367894728931,-0.7779775106278133,0.5577295894396663,0.4131697819980383,-0.6619281533334009,-1.0423619426598851,-0.2561189544077176,-0.23714586530492868,-0.2536675643478185,1.4735837546395005,-0.2205724759442088,-0.6683660791212559,-0.3788867006236369,-0.7124816019200397,-0.6361376292177338,-0.21277309777291167,-0.3006415822057286,-0.2988639931925534,-0.2572109781269469,1.4043463680653112,0.39889462156091804,-0.5828372063886245,-0.6568433070518014,-0.6269675679014379,0.6616131623797857,0.08715259482086889
Norway,2015.0,1.246715820156157,1.3486053213041471,-0.7823164892016456,-1.1467441318240854,-1.022630024627074,-0.6585449032948499,0.5605999383829106,-0.025311346637556745,1.0091111187729997,1.0945016174246083,1.194264552015061,-0.07441911943376411,-0.07885785726188957,2.6921662660804087,-0.4046650364684354,0.19124577886074545,0.7359934323089659,-0.39188068357766076,1.810924963738645,-0.8539446011312841,1.1892227827923767,1.036706161589353,1.3086978915456688,-0.6119588949300667,-0.1602174103307003,-0.5804278168813224,0.41459323623854205,0.30514077798551825,-0.4542646689552191,-0.5937424066064966,0.9858193546785393,1.2852483976626101,-0.27201832877543336,-0.2633551223832563,-0.2386856515261558,1.5170540912449026,-0.1268695825293889,0.4610576347144694,-0.19651370964962936,0.5104667386201033,0.46185433256524977,-0.20922507493743678,-0.21744079580397313,-0.08782903881535874,0.7898113081782175,-0.3791549263408837,0.3760231384925555,-0.8368317034538858,-0.5773379947274455,-0.7063773040421208,-0.4109262521166617,-0.5273309095499408
Oman,2015.0,-0.8431442248933645,-0.5855048063300815,-0.8066471770619601,-0.8375303766053347,-0.7742330058854174,-0.7841071728511233,1.5083768126273998,2.2032924596882766,1.0712853036313938,0.17402562016943446,-0.01759708330354867,-0.2627681070831023,-0.2693753550098753,0.06351320903062403,0.3305714382418205,0.5253519779415672,-0.040338299976563546,-0.4684442230107991,0.15332274976146948,-0.43010485302061735,0.5480641847866748,0.4071069022636731,0.7364387559747038,-0.5279291670337495,3.2121910169099146,0.5383968370381929,0.5405895497415019,0.7225375818901683,0.5766453699704122,-0.02379211116996712,0.30615920406009595,0.37547176718122843,-0.2778692985427527,-0.26831195587324735,-0.25483120806212245,-1.8214677600499887,-0.2166868440159151,2.842668509541977,0.09013525412320793,1.131205669045782,3.6243804760106033,-0.2117053067639422,-0.30064310787386966,-0.29994443863396875,-1.7358302374128656,1.9578467697775785,0.8906315075307422,0.7234202070898623,-1.0941225248357593,-0.8850492103586572,-0.5780391660704013,-0.5352089031957203
Pakistan,2015.0,-1.694568687691318,-1.500567662415093,2.100870022245617,0.5752566084458537,0.9694166550854278,0.48721080640614467,0.01613237232756579,0.35044162070807783,-2.2405262764924014,-0.6801761052833674,-1.3417776018955898,-0.12887264679363852,-0.1339383220184582,-0.7583519458286583,0.5756502631452391,-0.587069798543443,0.12601849979890703,0.5957889751098232,-1.2540753564455667,2.6180577190081507,-1.1245234621847233,-1.1395173652102808,-1.0501263501980616,0.5838487712867548,0.08066890590077216,1.3129677512901647,-2.4590919140405103,-2.23622457237064,-2.4877110760103625,-1.410671163398855,-1.7185426732024098,-1.4677120556122192,0.5403761039173693,0.9396683656375708,0.5245191695929156,-0.12612463243930172,-0.12338370697231882,-0.5701553213964102,0.5163682034294939,-0.6105692402083611,-0.5510819138683477,3.158922620913058,4.947006888235313,6.665230732255965,-2.199397356540343,0.9123460109877402,-1.0991875194169136,-0.4376974937799037,-0.9351119001870475,-0.8453443422883159,-0.5276274319323374,-0.21221116371875637
Panama,2015.0,0.12438357374067331,1.8061367493466525,-0.4984584641646437,-0.13913379154229438,-0.31153267685684116,-0.297553378320564,-0.19560501447173514,-1.5671942126420582,0.6277761183081821,0.4538503233350072,0.5262627725467537,-0.2778677476682678,-0.28464884162152354,-0.17813946791487395,0.5021266156742136,0.15327916532883382,-0.42850416611932846,-0.6675094255369588,-1.066422275617962,-0.11077353595093686,0.5201877240038179,0.543976306464908,0.485203037919159,-0.3081591094587661,0.482146099619893,0.19414309737064975,-0.10393005394671703,-0.21264259901012303,-0.9177012919584835,-0.8597192111435434,-0.716186736786134,-0.9035323919046094,-0.27201832877543336,-0.26416060782537987,-0.2571584954907302,-0.24784157493442785,-0.18838409293328176,-0.3328126568946998,-0.3415788492381603,-0.35115595585136106,-0.3191117810972948,-0.21277844118079642,-0.27172711959733625,-0.22227442554210072,-0.1213378570033757,0.7401458860105896,0.23879424008237202,-0.5828372063886245,-0.7562249474572464,-0.6865248700069501,-0.29700367182040693,0.37076036606893487
Paraguay,2015.0,-0.06912198598613425,0.8910738932616412,-0.25109647091811343,0.09544216069261986,-0.06800618789443258,-0.2818580946260299,-1.072802759783124,-0.06418234325951905,0.3707894875601535,0.004658036674482069,0.16566004203731427,-0.28883475174249273,-0.295742111620422,-0.5476451961834061,-0.15958621156501673,-0.12767377480731246,-0.5504991526213402,-1.0503271227026503,-0.8787691947903573,0.09243730218431445,-0.07915618282759948,-0.07193601244064901,-0.07309855775983026,-0.10778052755216357,0.24125978338842047,0.19414309737064975,-0.7193735852880992,-1.0157351837380568,-1.5419220494730863,-1.4391686781706825,-0.6762067279262256,-0.820825425497211,-0.25471980946335865,-0.24501483847028946,-0.23810382966900384,-0.621686469740887,-0.22034861237632358,-0.5292341723443912,-0.34887465734992945,-0.5549806792747183,-0.504687887314137,-0.20950293214744387,-0.3009329848206612,-0.2997681316372524,0.262303896757295,1.182946207380403,0.7190953845180132,-0.6735495267690749,-0.6369669789707125,-0.6468200019366088,-0.5379479444330434,0.22107848679912223
Peru,2015.0,-0.72704088905728,0.495933114497659,0.20307636914108962,0.3620057427777498,0.28754248599068394,-0.297553378320564,-0.2460186779953782,-0.37515031623521705,-0.08929948039196361,-0.19416477873263527,-0.12400444640469467,-0.1946317379419022,-0.20045451441272583,-0.5325507759864972,-0.0860625640939912,-1.3426054078284846,2.931903189345177,0.3890674186403498,-0.44091200619261256,-0.25592413461897345,0.25536134656667897,0.16074197470145069,0.35958517889138564,-0.204737905894068,0.08066890590077216,-0.06404720738000784,0.2934429347933881,0.32627479337309573,-0.4069752176283553,-0.5747440634252786,0.1091148746791189,0.14802760956088348,-0.08237059131732018,-0.07239311218135122,-0.130030419703029,0.01298044469798552,-0.21511979904071843,-0.6765503089316597,-0.3493106288910179,-0.7310111222312539,-0.6438699669767688,-0.212780222316758,-0.29853310883485495,-0.29413534912677763,1.2933411099890983,1.5888465019694002,1.6339547072525673,-0.9638289519865165,-0.8556065878626914,-0.904901644393828,-0.2616757636449133,0.008372658363072712
Philippines,2015.0,-1.1527531204562567,-0.606301689422923,-0.04834073874882635,0.7618511159054446,0.3946941411341437,-0.2504675272369614,-0.6190797880703367,-1.5153662171461086,0.15110736772716032,-1.247189319592555,-0.17720812795526766,-0.12309075834177796,-0.12808986520510235,-0.6842520648620144,0.6491739106162647,0.25958568321818576,1.0354356719048123,-0.5718050012455359,-0.7536671409052873,0.44660476293432355,-0.34398256026473834,-0.4825442250443537,-0.21267395667957756,-0.05606992576981453,0.5624415383637172,0.5383968370381929,-0.050623921310849564,-0.4451167682734725,0.5577295894396663,0.7266424444881305,-0.12790946356176716,-0.3423065484258353,0.4276813383990003,0.6054538675749245,-0.03868438813017273,0.4389897434309272,-0.21836582077505434,-0.7011029983628712,-0.33456611269572345,-0.7495406425424683,-0.6747993180129093,0.47428406918437493,0.28791846788738795,-0.2993477072604674,-0.24122590505358535,0.3342455914215939,-0.02422781520381277,-0.9819714160626065,-0.8953592440248694,-0.9446065124641695,0.1541218072969923,-0.2870521033536627
Poland,2015.0,-0.18522532182221874,-0.10717649519473492,-0.3970805980800001,-0.48566644825296323,-0.4673896297927826,0.785421196602294,1.5688732088557715,1.3222165362571332,0.23815122652891252,-0.34880474627150465,0.011960517557880824,-0.018416313381898638,-0.02221027657124467,-0.23941618940389292,0.18352414329976943,0.13809251991606894,-0.3508709928907754,0.02921878330459986,0.05949620934766685,-0.7552421940370192,0.5062494936123902,0.6534718298258955,0.3456276389994117,-0.6119588949300667,-0.9631717977689421,-0.9246815565488655,0.14806257305920334,0.30514077798551825,-0.8042066087740114,-0.8882167259153696,0.7002478628220504,0.9071594083716461,-0.15474454343916216,-0.1515785271839582,-0.06661183727346637,0.1694736564774336,-0.18147630283853736,-0.5865237810172178,-0.23125712890745953,-0.6013044800527539,-0.5820112649044881,-0.19350120666857523,-0.2569388183065412,-0.22933574679519997,-0.19327068583350138,-0.7850552209298812,-0.5502719257761816,-0.16556053263855228,-0.040677136538042565,-0.0710994149166579,-0.5105588920273235,-0.503696928612602
Portugal,2015.0,0.9371069245932653,0.16318298501220038,-0.5998363302492873,-0.6402733258623386,-0.6622108209627094,0.597077792267884,0.46985534404035323,0.5188826060699142,0.49099291161971514,0.5274884031154211,0.6149355751310422,-0.18879832953353837,-0.19455394448042207,0.08490091413721598,-0.4536808014491191,1.2163443442223594,-0.9275745654457401,-0.8589182741198045,0.12204723629020213,-0.8133024335042339,1.035902248486666,1.036706161589353,0.9876744740302486,-0.5602482931477176,-1.1237626752565903,-0.9246815565488655,1.005806707290893,1.3142900127423292,0.02808773457879242,0.2611830365482976,0.8601678982616845,1.010543116380894,-0.24785127973650545,-0.24935206777403163,-0.21759460920439758,0.7954465035952256,-0.21072247895725846,-0.038180383720162726,-0.1659236424962087,0.019434450372924652,-0.06394463504913672,-0.2127570675492574,-0.2991723637859375,-0.2973359992210121,0.17438599485380835,-0.908055310199274,-0.3444285781609064,0.7597051352420426,0.9332629394353182,0.921522286841878,-0.564146168473297,-0.48794094132104276
Qatar,2015.0,-1.2301553443469797,-0.5855048063300815,-0.8188125209921173,-1.0774376004819517,-0.9690541970553442,-0.8939741587128626,3.5350060862778507,3.524906344834992,1.1044448688892041,-0.9673646164269816,-0.7742716653561434,-0.2118436967437016,-0.2178646389012381,2.3446160580982895,0.28155567326113673,0.5253519779415672,-0.040338299976563546,-0.4684442230107991,-0.12815687147993787,-0.5984795474755398,0.8825817141809533,0.7082195915063902,1.1412074128419718,-0.5796397688160986,5.781645056712288,-0.4083009470475509,0.34674906742925554,0.18890369335384347,-0.15161218046329053,-0.3847606316131022,0.3804077919427833,0.42568671107143463,-0.2902072130521001,-0.2820052083893477,-0.2685040217051933,-1.9257965679029538,-0.2193732068305379,4.6677517572620255,0.04659337128793766,3.3176890657690676,4.9234132195284985,-0.21064464029881905,-0.29905183600279783,-0.29989471101951026,0.3821919448075046,2.9664475017865977,2.949064983683489,-1.3992480898126787,-1.4717727583764504,-1.5203270994841203,0.6659795330531613,-0.5509648904872796
Republic of Korea,2015.0,-0.06912198598613425,0.3087611666620884,-0.5998363302492873,-0.8801805497389557,-0.7742330058854174,0.3616485368498714,0.7320063943632972,0.674366592557763,0.5573120421353359,0.8073131062809944,0.6858738171984732,0.5879625346708609,0.5911499663486687,0.5351310338036372,-0.2086019765457005,1.3833974437627707,-1.2159263517232224,-0.9278254596096289,-0.7536671409052873,-0.8191084574509553,1.2310374739666612,1.2693841487314526,1.113292333058022,-0.5861035940388922,-0.24051284907452444,-1.0107449914657514,0.3855171638917047,0.42137786261719296,-0.558301461874319,-0.6982332941031931,0.25761205044449276,0.3311644637486937,-0.09356375087219204,-0.1214038033136377,-0.013229681879774881,-0.5086635945668412,-0.13938995207611315,-0.4964972531027759,-0.03521198775628505,-0.5457159191191111,-0.45829386075992656,-0.21242577626040282,-0.29114582369609193,-0.29456029419578617,0.06249048334027888,0.32194558249465355,0.1816155324114624,-0.9275440238343363,-0.7761012755383354,-0.8453443422883159,-0.2084854299874285,-0.5115749222583815
Republic of Moldova,2015.0,0.6661991409757343,0.22557363429072366,0.3774462988066766,0.9164579935148199,0.6382206300965524,-0.015038271818948791,-0.36701147045212146,-0.4140213128571789,-0.3421411654827663,-0.8642713047344022,-0.5318993382924215,-0.3062938836689447,-0.3134022550010296,-0.713163321101235,-0.9683463337462982,-1.1375856947561616,-0.32869008625404605,0.4503182501868605,0.6850064787730162,-0.2094759430452017,-0.6366853984847323,-0.3730487016833662,-0.8686783316023904,-0.5150015165881623,-2.2478988176701287,-0.4083009470475509,0.5115134773946652,0.5059139241675015,0.04700351510953686,-0.004793767988749202,0.5174821080338978,0.4522710931309557,-0.2762157636085103,-0.28144756462172366,-0.26457672416941763,-0.11743056511822117,-0.2183498305202054,-0.5046814829131797,-0.3618112346899993,-0.4901273581854682,-0.5201525628322072,-0.20168018300416793,-0.2908849344439795,-0.29873741381029556,-0.8246810722312721,-2.863756729582618,-1.956868134480558,-0.9275440238343363,-0.31894572967328844,-0.6269675679014379,-0.551443999241659,-0.10979724632362145
Romania,2015.0,-0.7657420010026414,-0.08637961210189384,0.21929682771463269,0.21273013681007719,0.2193550690812096,1.3347561259109901,0.46985534404035323,1.0630765587773852,-0.5410985570296277,-0.7906332249539882,-0.691510382944141,-0.2019420517700263,-0.2078489937548695,-0.40214255635426843,-0.11057044658433297,-0.3554734559987822,-0.7279464057151754,0.6570398066563339,-1.003871248675427,-0.5288072601148822,0.14385550343525283,0.22917667680206813,0.052519301267943116,-0.5279291670337495,-1.2843535527442387,-0.6664912517982081,-0.016701836906206316,0.04096558564080323,-1.5230062689423405,-1.562657908848597,0.09769201500485919,0.09485884544184137,-0.19697328175981513,-0.23138354637281408,-0.1617397109178103,-0.7347093449149329,-0.21876557714627798,-0.6028922406380254,-0.3166969616046423,-0.6476282808307897,-0.5742789271454529,-0.21225834948001396,-0.29687775890186074,-0.2895287637510362,-0.49698707422736615,-0.8465552655645776,-0.8132939810623655,-0.49212488600817395,-0.0009244803758645356,-0.21006645316285297,-0.5760544521279578,-0.43279498580058545
Russian Federation,2015.0,-0.6109375532211956,-0.48152039086587567,-0.6120016741794445,-0.714911128846175,-0.7011750591966949,0.7226400618241575,1.1554811679618984,0.9075925722895364,0.4702681833335838,0.2697551238839724,0.49079365151303866,0.525224107639009,0.5276892157498585,-0.37900408777656164,-1.3849803360821098,0.2823656513373336,-0.39523280616423423,-0.10093923373173547,-0.5660140600776826,-0.63912171510259,-0.23247671713331217,0.1196811534410806,-0.6174426135468456,-0.5602482931477176,-0.6419900427936454,-0.49436438196443655,0.21106072981068327,0.13078515103800648,-0.4826383397513371,-0.717231637284411,0.47464638425542455,0.8687597453967827,0.5361786690842923,0.08064912182212237,0.13760763458686834,-0.7434034122360134,-0.1822278448164378,-0.0627330731513742,2.617904964555462,-0.06394839102753967,-0.03301528401299631,-0.010669381347962394,0.35664524063539615,1.1249370639816512,0.32624418905074043,-0.022454667459645795,0.12443682474055276,-0.6009796704647146,-0.3388220577543775,-0.4482956615849016,-0.507383349719414,0.33924839148581637
Rwanda,2015.0,-0.06912198598613425,-0.6686923387014463,2.287405295841361,1.7161487397702093,2.1675669807804776,-1.286356251076217,-1.0425545616689382,-1.398753227280222,-1.9628149174582405,-1.4828311748898793,-1.9388411392964655,-0.30581487074002744,-0.3129177270736687,-0.7903388676252426,1.2863788553651534,-1.4640985711306018,0.40327983275802465,1.3920497852144613,-0.6911161139627523,1.0330131815531913,-1.1802763837504375,-1.2763867694115156,-1.0919989698739851,1.3918269241359584,1.0442141708266621,1.4850946211239362,-2.3815557211156113,-2.9494975917013706,3.4045545593168662,3.082436998959117,-1.5843240720298601,-1.5947263254521524,-0.25408383448865,-0.1381950767609824,-0.24130384988333958,3.62101838294637,-0.21692669783864926,-0.34918111651550743,-0.25636371751298404,-0.35115595585136106,-0.33457645661536506,-0.20822763879894987,-0.09442922493074282,0.29959428473816474,0.246318823683934,-0.5144550245372168,-0.11571374747726786,0.7234202070898623,0.7146233305433393,0.782555248595683,-0.5050016929884819,-0.36977103663434857
Saint Lucia,2015.0,-0.8818453368387262,-0.5647079232372404,-0.6079465595360588,-0.2990719407933723,-0.4917422786890234,-0.7370213217675209,-0.6493279861845226,-0.43993531060515406,0.8474582381411754,0.6158540988519181,0.8454848618501926,-0.30993401392902664,-0.31708429501240826,-0.33731698999136805,-0.8703148037849308,1.0796645355074779,0.6029079924885891,-0.6904784873669003,-0.5034630331351476,-0.13980365568454417,-0.09309441321902899,-0.017188250760154282,-0.12892871732772998,-0.10778052755216357,-0.481399165305997,-0.752554686715094,-0.1766202348138094,-0.10168901822534303,-0.4826383397513371,-0.32776560206944977,-0.1221980337246373,-0.12963149194966814,-0.29580379282953606,-0.28900673569396,-0.2741767848124248,-0.47388732528251953,-0.22094025180573457,-0.324628427084296,-0.3870451538463275,-0.31409691522893246,-0.3268441188563299,-0.21267513529502458,-0.3011404756878384,-0.3004869217007881,0.9976172581319144,0.518745725325683,0.9363744736674688,2.519524150622782,2.264976920868281,2.5295694436907064,4.76203216746798,0.6858801119001193
Saudi Arabia,2015.0,-0.34002976960366493,-0.21116091065894074,-0.8025920624185744,-0.7895489318300113,-0.7401392974306802,-1.5060902227996953,0.06654603585120883,0.45409761169997714,1.2578078582065764,1.1681396972050222,0.7449890189213322,0.09024111488193555,0.08769815247270454,0.1203420449443783,0.11000049582874366,0.22541573103946613,-0.32869008625404605,-0.06648564098682301,-1.2227998429742994,-0.5346132840616036,0.4365583416552487,0.28392443848256094,0.6666510565148301,-0.5214653418109558,0.6427369771075413,0.19414309737064975,0.879810393787933,0.89689320883768,0.70905583368563,0.2326855217764714,0.8258993192389057,1.0873424423306213,-0.08860314606946473,-0.0735703601352241,-0.030102515737181455,-0.19567717100794535,-0.21948513861448052,2.0651666775536155,2.3927106835184806,1.474001794803246,2.5109238387095503,-0.0881024861418554,-0.19397754546340398,-0.2995420970260777,-2.343263014200595,1.035346100257133,-0.573143408844545,2.4650967583945116,-0.9947408844303144,-0.4482956615849016,-0.5768483377049352,-0.08616326538628263
Senegal,2015.0,-0.9592475607294491,-1.3341925976723636,0.28012354736541883,0.6605569547130954,0.49697526649835533,-0.07781940659708554,-0.32668053963320715,-0.245580327495343,-0.23022763273765698,-0.5549913696566634,-0.43140349536356154,-0.30015074218874577,-0.3071883859607652,-0.7664433121411078,0.6736817931066067,-0.4162200376498406,1.2683351915904715,0.02921878330459986,0.49735339794541156,0.8414143913113831,-0.9572646974875831,-1.0163349014291705,-0.9105509512783141,1.4500013511411012,1.2851004870581348,2.087538665542137,-1.6740379606759126,-1.5203098011164622,-1.400053695492495,-2.4745783815470435,-1.6785626643425016,-1.2919597519964978,-0.19430218686603887,-0.16756431518917933,-0.2269037589188288,1.7865701781983967,-0.17370503898194992,-0.5701553213964102,-0.3204554082076749,-0.6105692402083611,-0.5356172383502775,-0.21028663197054073,-0.2749050863350569,-0.2358319815203623,-1.3761660932622368,-1.6952558815233865,-1.8425107191387389,-0.23813038894291272,-0.21956408926784343,-0.21006645316285297,-0.5724819670315596,-0.32250307475967094
Serbia,2015.0,0.7436013648664578,0.16318298501220038,-0.15782883412024135,0.004810542783675739,-0.08261777723217713,0.5499919411842814,-0.30651507422375,0.5318396049439014,-0.02298034987634283,-0.1499819308643868,-0.09444684554326518,-0.2867218201930433,-0.29360485334928477,-0.5754208220629846,-0.4536808014491191,0.9202047586734483,0.03729487325198931,-0.8933718668647167,-0.5034630331351476,-0.7204060503566905,0.283237807349536,0.2976113789026856,0.24792485975558817,-0.5408568174793368,-1.1237626752565903,-0.752554686715094,0.30798097096680643,0.32627479337309573,-0.3218542052399999,-0.4512548327473642,0.15766202829472167,0.11258176681485554,-0.2599348042559694,-0.2727731060142393,-0.23664927502612398,1.0301863212643976,-0.2135527540655218,0.027293454763067635,-0.1807417676306087,0.1584058527070318,-0.05621229729010165,0.18610161400800507,0.09501146247013696,-0.14087484136584935,-0.656837804960979,-1.3139556047882697,-1.1449304855536413,1.830110515731358,1.8475740311654123,1.953848856670755,-0.5069864069309253,-0.46430696038370395
Sierra Leone,2015.0,5.232930350528392,-0.6686923387014463,1.3993351889398837,2.00403740842215,1.7487014197651354,-1.4433090880215589,-1.869338643456684,-1.7615491957518694,-1.0177673076106497,-1.4975587908459622,-1.2590163194835873,-0.3084387085248009,-0.3155717737743727,-0.7974838753046573,-5.918938596795355,-0.7844961889093841,-0.29541872629895183,0.9403249025589455,-0.941320221732892,4.127623945155731,-2.3092730454561305,-2.5082114072226296,-2.0690267623122165,3.1758426856270003,1.0442141708266621,1.8293483607914796,-2.0181048167801494,-2.0513019377293396,1.1630345664235235,0.8596308467566532,-1.8641841340492191,-1.6951562132325646,-0.2600619992509111,-0.2057938934807353,-0.2516311878477867,-0.8477322200889786,-0.2207163882378493,-0.6519976195004482,-0.37409075539468467,-0.7032168417644326,-0.6206729536996635,-0.206151724835724,-0.2991220167372842,-0.29429809404682344,0.28628150636733724,-1.7444559172311442,-0.6188863749812724,-0.9275440238343363,-0.4382036981598225,-0.6865248700069501,-0.29521742927220784,-0.43279498580058545
Singapore,2015.0,-1.036649784620172,0.495933114497659,-0.8066471770619601,-1.1094252303321672,-0.9982773757308332,-0.3603345130987008,-0.5787488572514223,-0.4140213128571789,0.8391683468267227,2.0886156944601963,1.45437143959564,-0.12213825247928305,-0.1271263928988393,1.7544668145376374,-0.15958621156501673,0.25199236051180385,0.048385326570353784,-0.08562652584510759,-1.128973302560497,-0.8655566490247271,1.2589139347495184,1.159888625370465,1.3366129713296169,-0.5731759435933049,0.08066890590077216,-1.0107449914657514,0.07294938616320734,-0.04621222783295302,-0.298209479576568,-0.3040176730929277,-0.18359590447378216,-0.40876750357463704,-0.07244938171186556,-0.27525152275923487,-0.0001386900938559898,0.2738024643303989,1.2424638865874729,2.9163265778356116,0.25212115173476507,4.049605118062032,2.209362666107181,-0.212780222316758,-0.30123659278072196,-0.3004643182396707,0.8617441370083432,0.9492460377685576,1.0964748551460166,-0.8368317034538858,-0.7562249474572464,-0.8056394742179744,-0.548665399722238,-0.5509648904872796
Slovakia,2015.0,-0.030420874040772882,0.12158921882651783,-0.7660960306281026,-0.901505636305766,-0.8716436014703808,1.2876702748273874,2.2141681019584025,2.047808473200428,0.43296367241854766,-0.24571143457892522,0.17748308238188623,-0.25654032567436225,-0.2630758715599108,-0.049813237275322254,0.3795872032225043,-1.0768391131051032,1.3348779115006597,0.6723525145429614,-0.06560584453740315,-0.6913759306230832,0.39474365048096216,0.48922854478441324,0.28979747943151196,-0.5925674192616858,-0.8025809202812937,-0.8386181216319798,0.017220247498436928,0.030398577947014477,-0.6150488034665562,-0.6982332941031931,-0.02224801157486621,-0.07055508737295506,-0.26451382407387153,-0.27667661238760727,-0.2458129692762672,-0.3000059788609106,-0.21999682676964677,-0.4473918742403531,-0.34340899991360624,-0.4715978378742539,-0.42736450972378615,-0.2098057252609131,-0.29737665238397054,-0.2968839299986626,0.03052033719355642,-0.4406549709755801,-0.23007116281908713,0.7778475993181327,0.5556127058946275,0.7229979464901708,-0.4458572175036667,-0.49581893496682233
Slovenia,2015.0,0.6274980290303729,0.2671674004764062,-0.5308993813117296,-0.7735551169049035,-0.6816929400797022,0.8952881824640331,1.7100314667219718,1.5165715193669442,0.3003254113873067,-0.054252427149848875,0.19521764289874374,-0.2846156353045646,-0.29147441941515256,0.15488413505015733,-0.3556492714877516,0.1836524561543625,-0.1734237397969403,-0.07031381795847998,0.12204723629020213,-0.888780744811613,0.9801493269209519,0.9682714594887354,0.9737169341382746,-0.5925674192616858,-0.481399165305997,-0.6664912517982081,0.3031349589089999,0.26287274721036397,-0.4069752176283553,-0.6317390929689324,0.8601678982616845,0.8805750263121255,-0.28982562806727497,-0.28287265425009606,-0.26195852581223383,1.26492613893357,-0.2202846513569278,0.22371497021275902,-0.3279144473703729,0.1491410925514247,0.32267225290261803,-0.21277487890887326,-0.3007346479623301,-0.299216607185986,0.03052033719355642,-1.0556554173225448,-0.4930932181052719,0.2517161411115199,0.09845716002958045,0.22668709561090286,-0.2882709304736557,-0.48794094132104276
South Africa,2015.0,0.47269358124892674,0.8494801270759587,-0.1699941780503986,-0.3523846572103983,-0.27256843862285574,-0.21907695984789316,0.3488625515836096,0.14312963872427917,0.26716584612949656,0.3581208196204693,0.3193595665167477,-0.09853291240855458,-0.10324927850660141,-0.5315570994218104,-0.5762202139008283,-0.6743930096668401,-1.0052077386742932,1.0743110965669376,0.49735339794541156,0.626591505282689,-1.3614733788390052,-1.3311345310920104,-1.4409374671733535,0.2865128110382479,1.0442141708266621,0.022016227536878027,0.5405895497415019,0.4847799087799247,-0.25564897338239034,0.2801813797295155,0.6459892793693178,0.8067295205912342,-0.038361123067483044,0.17811286031907134,0.1975352858735193,1.682241370345431,12.540530357530892,-0.24278612898025795,0.4453957557287975,-0.28630263476211104,-0.1876620391936982,-0.21254333123386737,1.0910744216903319,0.217177544811627,-0.04141249163656926,-0.7973552298568197,-0.44735025196854356,2.9368008243728543,2.7221324667333278,2.9861754264996323,0.7175820955566913,2.064528999911551
Spain,2015.0,0.8597047007025419,0.7662925947045942,-0.7336551134810166,-0.8428616482470372,-0.8278088334571472,-0.5957637685167132,0.2883661553552382,-0.7897742802028139,0.9013425316851168,1.0797740014685262,1.0819456687416285,0.4223031811986872,0.4235833343430491,0.3935084643699432,0.03647684835771812,0.7075917228947434,-0.8166700322620931,-0.3842243296343471,-0.2532589253650079,-0.8365265292911197,1.2310374739666612,1.2146363870509598,1.2389101920857952,-0.5990312444844794,-0.8828763590251179,-0.9246815565488655,1.2481073101812008,1.57318170124015,0.2456192106823656,-0.061788797532402955,1.154306534873868,1.1464188469073342,-0.09012948600876544,-0.10355920274966993,-0.029375238415741516,1.6474651010611094,-0.04475962388005441,0.31374149812720087,1.1322782166848946,0.4085543769084246,0.2840105641074426,-0.21199830362962271,-0.27490813767133887,-0.27428498957341096,0.08646809295032115,-0.8465552655645776,-0.35586431969508847,2.719091255459773,2.6426271544089723,2.827355954218267,-0.3335224083613667,-0.5115749222583815
Sri Lanka,2015.0,-1.1527531204562567,-0.5647079232372404,0.49098950882147724,0.2767053965105083,0.3703414922379028,2.182301445415835,-0.05444675660553476,0.7132375891797252,-1.0467819272112333,-0.22362001064480072,-0.7151564636332846,-0.2616070680633323,-0.2682009486507279,-0.6462084478140058,0.3305714382418205,-0.3630667787051647,2.2886568968800245,-0.3765679756910332,-1.6293815181007765,-0.552031355901768,0.15779373382668233,0.33867220016305566,-0.0033108582999565993,-0.43097178869184505,-0.5616946040498212,-0.23617407721377917,0.1141404886545601,0.14663566257868924,-0.3786015468322373,-0.337264773660058,0.3033034891415312,0.1716581713915686,-0.1253624996076235,-0.17989443849553208,-0.09468474188104799,-1.421540663280288,-0.21360072483006862,-0.7011029983628712,-0.37903004434715826,-0.7495406425424683,-0.6747993180129093,-0.12283641852870057,-0.2221963033994965,-0.29666241607971133,-1.2882481913587498,0.2850455557138361,-0.9047799133358206,-0.21998792486682253,-0.8953592440248694,-0.6666724359717794,-0.5113527776043009,-0.3855270239259078
Suriname,2015.0,-0.41743199349438803,-0.04478584591621128,-0.603891444892673,-0.6989173139210672,-0.6719518805212057,-0.20338167615335903,1.1353157025524416,0.8816785745415616,0.7023851401382557,0.26239131590593084,0.46714757082389474,-0.30790020231277865,-0.3150270676025125,-0.40346745844051746,-1.5320276310241612,-1.9842411765177914,0.8247170588558832,0.5498508514499401,0.49735339794541156,0.06340718245070713,-0.41367371222187993,-0.31830094000287146,-0.47786721462709825,0.18309160747354977,-0.07992197158687614,0.1080796624537639,0.45336133270099116,-0.37114771441695205,1.1157451150966597,0.8501316751660449,-0.5905352803692787,-1.4499891342392053,-0.29186074798634254,-0.28559891266959114,-0.27272223016954494,-0.8998966240154612,-0.2206364369636046,-0.08728576258258561,-0.37814647880091207,-0.1195369519611825,-0.04074762177203138,-0.21277576947685403,-0.30123659278072196,-0.3004914423930116,-0.5689199030574918,-0.5759550691719132,-0.6875008241863642,0.5057106381767813,-0.6170906508896233,-0.13065671702217002,-0.3680564309598829,-0.1019192526778418
Sweden,2015.0,1.517623603773688,1.5149803860468758,-0.8188125209921173,-1.1467441318240854,-1.022630024627074,-0.7056307543784525,0.21778702642213799,-0.25853732636933013,1.0215459557446784,1.330143472721933,1.2947603949439206,-0.0012472878771852983,-0.004843579681855647,1.6016298953024781,0.2080320257901112,-0.1428604202200773,-0.861031845535552,0.48860001990342966,1.6858229098535757,-0.8481385771845626,1.1752845524009492,1.0230192211692302,1.294740351653693,-0.5990312444844794,-0.07992197158687614,-0.49436438196443655,1.1269570087360468,0.8546251780625257,1.9764131292455802,1.3535877694683125,2.613576858260526,1.870104802972069,-0.25433822447853344,-0.2409874112596717,-0.200721775346991,1.8648167840881205,0.6766407236301162,0.6247422309225453,0.02460935136236534,0.7791447831327103,0.554642385673671,-0.1643938827843732,0.042813778361814436,0.34237811594132167,0.7258710158847727,-0.5144550245372168,0.2616657231507354,-0.23813038894291272,0.01895184770522439,-0.09095184895182855,-0.3946515977886253,-0.4800629476752632
Switzerland,2015.0,1.5950258276644107,-0.12797337828757602,-0.7012141963339309,-0.9441558094393867,-0.8619025419118845,-1.4433090880215589,0.3589452842883384,-0.07713934213350664,0.8101537272261387,1.1681396972050222,1.0701226283970566,0.11960749008879706,0.11740263027300984,3.1867806056361734,-0.47818868393946096,0.540538623354332,0.2701943929376479,-0.5986022400471342,0.18459826323273684,-0.7552421940370192,1.2589139347495184,1.1462016849503422,1.3505705112215927,-0.5861035940388922,0.0003734671569480985,-0.752554686715094,0.5163594894524711,0.5534654587895504,-0.057033277809562945,-0.1852780282103174,0.2204877565031493,0.4404558122156129,-0.2634962641143377,-0.25969945768438796,-0.22355828324020507,0.725893965026582,0.05222127177879929,1.5086390504461564,0.19395485149958314,1.7890036400938891,1.389734863649461,-0.21264663711963921,-0.1691900151764395,0.013194870303084548,0.8617441370083432,0.3342455914215939,0.7419668675863759,-0.6735495267690749,-0.5574616666463564,-0.6071151338662673,-0.552634827607125,-0.5115749222583815
Thailand,2015.0,-1.1527531204562567,0.7662925947045942,0.39366675738021945,0.6818820412799057,0.5456805642908369,1.162108005271114,-0.12502588553863495,-0.29740832299129244,-0.752490785548168,-0.7906332249539882,-0.8156523065621449,-0.06491614079017362,-0.06924546839309402,-0.5548375217944724,-0.13507832907467485,-1.236298889939132,-1.2602881649966813,1.7289293587202699,-0.5034630331351476,-0.4533289488075032,0.5480641847866748,0.7492804127667603,0.3456276389994117,-0.43097178869184505,-0.5616946040498212,-0.752554686715094,1.005806707290893,1.5573311896994675,-0.66233825479342,-0.26127140093518775,0.9315607712258067,1.0164507568385655,0.12165018056920801,0.02476082422247331,0.22939003255258858,-1.3954584613170467,-0.09039581121894451,-0.3000757376530846,0.5069927490802578,-0.31409691522893246,-0.28818243006115446,0.6897516487290872,0.6526950407255243,0.1984618790063576,0.7658336985681758,0.7893459217183474,0.867760024462378,-1.4536754820409492,-1.3723911179710053,-1.4409173633434376,-0.5046047501999932,-0.14130922090673986
Timor-Leste,2015.0,0.3178891334674809,-1.3757863638580459,1.0830362467557957,1.3749473547012434,1.2713895013988146,-0.7684118891565892,-1.3954502063344396,-1.3469252317842721,-0.8644043182932772,-0.7538141850637813,-0.8747675082850039,-0.3100664938171779,-0.3172183001754172,-0.762421287950709,-0.2086019765457005,-2.231024164475217,0.15928985975400084,2.2419050729222967,0.997761613485691,1.3233143788892643,-0.9293882367047281,-1.043708782269416,-0.7709755523585669,1.2173036431205304,0.40185066087606897,1.3129677512901647,-0.5013030426868221,-0.8255290452498623,2.08044992216468,2.2370107273949342,-0.716186736786134,-0.7883334029800187,-0.28690014318361523,-0.2749417206661104,-0.26748583345517735,1.4214193507130177,-0.22090827129603666,-0.6601818493108521,-0.3870846702241631,-0.7124816019200397,-0.6206729536996635,-0.21277309777291167,-0.3012304901081579,-0.3004914423930116,0.7978038447148983,0.14974545751750476,0.6276094522445566,-0.49212488600817395,-0.8556065878626914,-0.6666724359717794,3.9427422520273194,-0.24372313830187484
Türkiye,2015.0,-1.0753508965655338,-0.2943484430303055,0.4382730184574627,-0.31506575571848017,-0.03391247943969542,0.7383353455186914,-0.3871769358615786,0.9075925722895364,-0.6115626332024743,0.14457038825726898,-0.31908461209012956,0.21906799278398278,0.218008247190485,-0.3114813993095114,0.6001581456355809,0.062159292852245696,1.5123251645944953,-0.5373514085006237,-0.2532589253650079,-0.34882051776651685,0.39474365048096216,0.44816772352404316,0.3456276389994117,-0.502073866142575,0.482146099619893,-0.1501106422968933,0.2255987659841016,0.12021814334421772,-0.17998585125940855,-0.270770572525796,0.43752209031408107,0.7062996328108218,0.3745138305133589,0.046632851997058807,0.5528829851290732,-0.6738508736673697,2.1029714561560438,-0.26733881841146934,0.7332374425921243,-0.31409691522893246,-0.21085905247080347,-0.2108476897984396,2.7276235461828664,8.012369890704141,-1.615942189362656,-0.022454667459645795,-1.1906734516903688,0.7234202070898623,0.33697309700264827,0.4649163040329513,0.6159647417035862,-0.34613705569700975
Uganda,2015.0,-0.6883397771119186,-1.251005065300999,2.161696741896403,2.174638100956633,2.2747186359239375,-1.1764892652144776,-2.2020688227127287,-1.6190222081380077,-1.8633362216848102,-1.7700196860334938,-1.968398740157895,-0.2930753348289639,-0.30003151762525304,-0.7879729710426551,0.6001581456355809,-2.4056705867220103,0.9799834053129892,2.134716117715903,-1.5042794642157067,1.3000902831023786,-1.7656820601904262,-1.8512382670567027,-1.6642581054449495,1.4370737006955139,1.6062822420334317,2.5178558401265656,-0.8502159108488657,-0.7462764875464478,-0.08540694860568096,-0.4417556611567559,-0.6933410174376148,-0.5859967173047766,-0.06545365699007064,0.22198083670549212,-0.20763090990067043,1.117126994475202,0.38774478927422007,-0.537418402154795,-0.16944628221712413,-0.5642454394303253,-0.5201525628322072,0.10782246963235977,0.6850529363281728,1.6361550233833626,1.213415744622292,0.2973455646407764,0.9821174398041972,-0.9638289519865165,-1.0543698686735814,-1.0240162486048523,-0.4752309838518299,0.20532249950756307
United Arab Emirates,2015.0,-1.2688564562923412,-0.6686923387014463,-0.8147574063487315,-0.9974685258564128,-0.9106078397043662,-1.6002619249669003,1.2058948314855413,1.6720555058547935,1.1376044341470148,0.6305817148080005,0.39620932875646464,-0.09138819844061953,-0.09602230561821887,1.0755018132666463,0.3550793207321623,0.009006033907570278,-0.2732378196622225,0.13257956153933667,-1.879585625870916,-0.6100915953689827,0.7571376406580996,0.6397848894057728,0.9178867745703749,-0.5667121183705113,-0.1602174103307003,-0.752554686715094,-0.007009812790593863,0.08323361641595747,0.6617663823587662,0.48916315472290994,2.105259602755976,2.750343231165094,-0.26375065410422116,-0.26149630982450967,-0.07192096171997792,-0.40433478671387596,-0.21492791598253108,6.345518868394805,1.6756718024572372,6.347265636652603,6.292037002877711,-0.21276241095714216,-0.3000145325997742,-0.29857918958247326,-0.16929307622345965,2.4498471268551496,2.1714345593591164,-0.7461193830734354,-1.2332568214033823,-1.2026881549213888,-0.5677186535696953,-0.5115749222583815
United Kingdom,2015.0,1.1306124843200729,1.5773710353253994,-0.7944818331318028,-1.0667750571985464,-0.9739247268345923,-0.5957637685167132,0.18753882830795207,-0.2067093308733807,1.000821227458547,1.462692016326678,1.3302295159776365,1.4890005739518166,1.5025618871770212,1.3041420590079125,-0.30663350650706794,0.5101653325288034,-1.4155545114537873,0.021562429361285922,0.5599044248879462,-0.7610482179837407,0.9940875573123814,0.8450889957076251,1.1272498729499958,-0.5731759435933049,-0.3208082878183487,-0.49436438196443655,0.6617398511866559,0.844058170368737,-0.25564897338239034,-0.4037589747943201,1.4541566013231813,1.3088789594932948,0.0001789603998598727,-0.0037409683449752124,0.3127360135896055,0.05645078130338775,0.3839231183653221,0.33010995774800855,1.7820483419288586,0.4456134175308532,0.2685458885893724,-0.21275350527733425,-0.06463902880941158,0.22948286904398044,0.4541247736376309,-0.36685491741394516,0.12443682474055276,-0.6372645986168949,-0.3984510419976445,-0.5078529636904138,0.9083131054255081,-0.48794094132104276
United Rep. of Tanzania,2015.0,-1.2688564562923412,-0.7934736372584934,2.031933073308059,2.307919891999198,2.260107046586193,-1.3334421021598195,-2.292813417055286,-1.8004201923738314,-1.6892485040813063,-1.8068387259237007,-1.8619913770567489,-0.2819850508588204,-0.2888135483774435,-0.781111870953151,0.624666028125923,0.24060237645222993,1.2239733783170128,-0.6177431249054188,-0.3158099523075426,1.3987926901966437,-1.2639057660990065,-1.3037606502517631,-1.2036592890097837,1.508175778146244,2.007759435752553,2.345728970292794,-2.827388830433778,-3.171404753270931,-1.6648746229229319,-2.2560974349630407,-2.358222814960945,-2.318412281516887,-0.08720400112510575,0.2240874909387383,-0.2565766736335783,1.2040676676860065,-0.20258343923914526,-0.6601818493108521,-0.28996038698264315,-0.6939520816088254,-0.6361376292177338,0.08648267967662457,0.19946022907171732,0.4183573901416025,2.2844156405374973,2.043946832266152,2.5602497715213026,-1.072683736443057,-1.1736278371601154,-1.1431308528158768,-0.564146168473297,-0.0073833289284865235
United States of America,2015.0,3.7235869846592937,2.3260588266676816,-0.8188125209921173,-1.018793612423223,-0.9398310183798552,-0.43881093157137163,-0.9618927000311096,-0.10305333988148137,0.9510818795718323,1.359598704634099,1.2415567133933478,10.855307199597,10.976705198106417,1.8288979210258434,-0.23310985903604228,0.19124577886074545,-0.06251920661329327,-0.11625194161836307,0.12204723629020213,-0.6449277390493114,0.715322949483815,0.6534718298258955,0.7503962958666797,-0.5150015165881623,-0.24051284907452444,-0.49436438196443655,0.25952085038874484,0.22060471643520974,-0.4069752176283553,-0.5652448918346704,0.2290549012588439,0.23664221642595307,1.2993486387346473,1.2456908732258931,1.451361388035973,-0.23914750761334758,3.368967903311596,0.5101630135768922,12.054209628395776,0.6494381409542105,0.45412199480621473,-0.10105846912641576,0.44897867652922835,0.907532454261552,0.35821433519746293,-0.3791549263408837,0.055822375535461044,-0.6191221345408047,-0.4183273700787334,-0.5078529636904138,0.3523947301470942,-0.1806991891356379
Uruguay,2015.0,0.5500958051396502,1.8269336324394934,-0.636332362039759,-0.49099771989466584,-0.5988939338324831,-0.2661628109314955,0.2782834226505094,0.026516648858392694,0.7562694336821971,0.6084902908738766,0.768635099610476,-0.27603449588269324,-0.2827944831389606,-0.03121729013618368,-0.4536808014491191,1.1783777306904477,-1.1493836318130344,-0.7440729649700971,-0.06560584453740315,-0.5462253319550466,0.5201877240038179,0.6671587702460202,0.3316700991074377,-0.5150015165881623,-0.6419900427936454,-0.32223751213066504,-0.9616741881784072,-0.7647687510105775,0.4915243575820568,0.5651565274477802,-0.6605002958741186,-0.6081503690210441,-0.2739262536995592,-0.2704186101064936,-0.2516311878477867,-0.7868737488414156,-0.21988489498570415,-0.5292341723443912,-0.36893322239468757,-0.5457159191191111,-0.5201525628322072,-0.21271966369406414,-0.3006934549225229,-0.2991894830326451,0.3821919448075046,0.35884560927547277,0.3760231384925555,0.034006572198438875,-0.21956408926784343,-0.0710994149166579,-0.5272304891438486,0.11078657575820763
Uzbekistan,2015.0,-0.8431442248933645,-0.3151453261231466,0.22740705700140412,0.31935556964412914,0.2826719562114357,0.26747683468266614,0.3387798188788812,0.37635561845605253,-0.2675321436526934,-0.5697189856127465,-0.4550495760527051,-0.258177310958972,-0.2647317038750531,-0.6931951539441956,0.8697448530293416,-0.10869046804135664,-0.2510569130254932,0.24742487068904384,0.49735339794541156,0.005346942983492503,-0.4554884033961645,-0.4414834037839836,-0.46390967473512235,-0.42450796346905145,0.40185066087606897,0.1080796624537639,-0.14269815040916617,-0.13339004130670853,-0.5110120105474552,-0.5367473770628441,0.05771200614495058,0.1332585084167052,0.00908261004578068,-0.15777456904644702,-0.048138993308891924,-0.5347457965300826,-0.21838980615732775,-0.40647072518833405,-0.0868756484831828,-0.3974797566293968,-0.41963217196475106,-0.05835217217552161,-0.16877808477836723,-0.2999625214028627,-0.8166885356945919,0.17434547537138365,-0.5274004427078174,-0.6735495267690749,-0.4382036981598225,-0.5277053977255843,-0.562955340107831,-0.44067297944636513
Zambia,2015.0,-0.9592475607294491,-0.7726767541656521,1.9265000925800302,1.7268112830536149,1.9191699620388212,-1.1450986978254094,-1.5265257314959115,-1.1396132498004738,-1.6270743192229122,-1.64483495040679,-1.7555840139556027,-0.2982506371262801,-0.30526640450242465,-0.7642193693534755,-0.18409409405535862,0.335518910282009,1.6675915110516009,-0.8665746280631184,-0.06560584453740315,1.7007059354261596,-1.7517438297989978,-1.7828035649560852,-1.7061307251208742,0.4481084416080886,1.6865776807772557,2.087538665542137,-1.7951882621210666,-1.8082607607722017,-0.2840226441785097,-0.4702531759285821,0.29045277200798914,0.372517946952393,-0.23691251017151702,-0.09079535651294299,-0.20370361236489476,-0.8216500181257373,-0.1793016281790808,-0.6519976195004482,-0.3551649931812144,-0.6939520816088254,-0.6284052914586986,-0.1710767049122355,-0.22227258680654693,-0.1841469073291437,0.022527800656875662,-0.6374551138066096,-0.3101213535583609,-0.020420820029831536,0.11833348811066938,0.08772005736470798,-0.3494001199009144,-0.15706520819829908
