Country,Year,Current health expenditure (% of GDP),Domestic general government health expenditure (% of total government expenditure),Employment by industry: Agriculture (%) Female,Employment by industry: Agriculture (%) Male,Employment by industry: Agriculture (%) Male and Female,Employment by industry: Industry (%) Female,Employment by industry: Industry (%) Male,Employment by industry: Industry (%) Male and Female,Employment by industry: Services (%) Female,Employment by industry: Services (%) Male,Employment by industry: Services (%) Male and Female,GDP in constant 2015 prices (millions of US dollars),GDP in current prices (millions of US dollars),GDP per capita (US dollars),GDP real rates of growth (percent),All staff compensation as % of total expenditure in public institutions (%),Capital expenditure as % of total expenditure in public institutions (%),Current expenditure other than staff compensation as % of total expenditure in public institutions (%),Public expenditure on education (% of GDP),"Infant mortality for both sexes (per 1,000 live births)",Life expectancy at birth for both sexes (years),Life expectancy at birth for females (years),Life expectancy at birth for males (years),"Maternal mortality ratio (deaths per 100,000 population)",Population annual rate of increase (percent),Total fertility rate (children per women),Gross enrollment ratio - Lower secondary level (female),Gross enrollment ratio - Lower secondary level (male),Gross enrollment ratio - Primary (female),Gross enrollment ratio - Primary (male),Gross enrollment ratio - Upper secondary level (female),Gross enrollment ratio - Upper secondary level (male),Students enrolled in lower secondary education (thousands),Students enrolled in primary education (thousands),Students enrolled in upper secondary education (thousands),"Seats held by women in national parliament, as of February (%)","Asylum seekers, including pending cases (number)",International migrant stock: Both sexes (% total population),International migrant stock: Both sexes (number),International migrant stock: Female (% total Population),International migrant stock: Male (% total Population),Other of concern to UNHCR (number),Total population of concern to UNHCR (number),Total refugees and people in refugee-like situations (number),Labour force participation - Female,Labour force participation - Male,Labour force participation - Total,Unemployment rate - Female,Unemployment rate - Male,Unemployment rate - Total,"Assault rate per 100,000 population","Intentional homicide rates per 100,000"
Afghanistan,2010.0,0.6661991409757343,-1.8333177919005519,2.267129722624432,1.5028978741021057,1.5928444668291937,0.9894598846312384,-1.183712819535139,-0.6472472925889523,-2.547252255127146,-1.0925493520536855,-1.5782384087870258,-0.30200116729315474,-0.30908803322527095,-0.8003229512037624,0.3795872032225043,0.3962654919330685,2.0668478305127307,-1.0656398305892778,-0.7536671409052873,2.77482036556963,-1.7935585209732834,-1.9333599095774436,-1.6363430256610005,5.1860923299158195,1.2851004870581348,3.206363319461652,-2.3718636969999993,-0.4662507836610493,-2.270179599906789,1.1731035092467441,-1.9926913053846391,-1.2757137407379016,-0.10895434526014086,0.03702898711020115,-0.1924308138825757,0.4476838107520078,-0.22049252466996408,-0.6847345387420635,-0.36286965375124364,-0.7402758823868612,-0.659334642494839,1.9130447328246316,1.529543817075459,-0.27140982931926816,-2.8787629621581976,0.875445984206921,-1.682410337660192,0.3605709255680604,0.01895184770522439,0.04801518929436633,-0.2430194525859447,-0.2909911001765525
Albania,2010.0,-0.26262754571294183,-0.6270985725157641,1.3344533546457118,0.6712194979965007,1.022992482657158,-0.1406005413752223,0.12704243207958027,0.03947364773238028,-1.291333720987584,-0.8937265366465676,-1.2058126379330143,-0.3046532183874419,-0.3108077661505518,-0.6312559814120521,0.011968965867376346,0.9353914040862131,-0.19560464643366965,-0.8206365044032353,-0.8162181678478223,-0.29656630224602365,0.5759406455695318,0.5713501873051553,0.6247784368389063,-0.5667121183705113,-1.2843535527442387,-0.5804278168813224,0.007528223382824474,-0.16509106438807478,-1.0217380848775846,-1.2396860747678964,-0.24499377522292742,-0.14144677286501092,-0.26947442887659884,-0.27611896861998325,-0.25439484166925846,-0.49996952724576094,-0.2206044564539067,-0.5701553213964102,-0.3756522980116401,-0.6013044800527539,-0.5510819138683477,-0.19952500849065155,-0.30108707730290313,-0.30015239047624953,-0.3850915627138367,-0.9449553369800914,-0.7332437903230917,1.3221215216008355,1.0525209079218525,1.2391612314046094,-0.557795083857478,-0.24372313830187484
Argentina,2010.0,0.9758080365386267,1.1614333734685762,-0.6444425913265304,-0.4483475467610451,-0.564800225377746,-0.34463922940416636,0.32869708617415244,-0.8545592745727509,0.7852840532827812,0.5127607871593387,0.6740507768539011,0.05655626332103242,-0.05361711625718151,-0.33395741684409364,1.5804734452492555,1.4213640572946824,-1.0606600052661166,-1.019701706929395,0.18459826323273684,-0.22689401488536612,0.26929957695810847,0.31129831932280827,0.20605224007966438,-0.2693761581220043,-0.07992197158687614,-0.06404720738000784,1.7327085159618165,1.5678981973932562,1.096829334565914,1.0876109649312655,-0.27926235424570617,-0.6258732903940578,0.04571476858899771,0.016458128126738306,-0.053811756416123444,1.4214193507130177,-0.20582946097348118,-0.3573653463259112,0.07715192864988155,-0.341891195695754,-0.36550580765150537,-0.20797827976432814,-0.2947952218893842,-0.28568617536106544,-0.30516619734703027,0.2235455110791397,-0.1614567136139954,0.106576428502799,-0.15993510502457647,-0.031394546846316436,1.0819755753893112,-0.10979724632362145
Armenia,2010.0,0.8984058126479032,-0.9806455850940637,1.0992567053293385,0.5379377069539355,0.8525239403834719,-0.8939741587128626,-0.6392452534797938,-0.3881073151092042,-0.8519694813215986,-0.6286294494370774,-0.8097407863898589,-0.30582039073536704,-0.31208081519913633,-0.6663658866976522,-0.3556492714877516,1.6187904476606225,-0.12906192652348128,-0.8895436898930599,-0.941320221732892,-0.04110124859027924,-0.07915618282759948,0.1196811534410806,-0.33829181570735095,-0.41158031302346415,-1.3646489914880628,-0.752554686715094,0.5599735979727268,0.5957334895647047,-0.3691436565668637,-0.8122233531904993,0.28902491454870677,0.467040194275134,-0.27023759884624915,-0.2837401001108445,-0.26079488209792995,-1.125942374363553,-0.2206044564539067,-0.12002268182420085,-0.33475078073593567,-0.008359830093896844,-0.1953943769527333,-0.06579375822301863,-0.1702686625521325,-0.28559576151659555,0.31025911597737893,-0.32995489063312766,-0.02422781520381277,0.2517161411115199,0.6947470024622504,0.5244736061384636,-0.5609706261653875,-0.4170389985090262
Australia,2010.0,0.5887969170850116,1.0366520749115296,-0.7255448841942452,-1.1414128601823827,-0.8716436014703808,-0.45450621526590573,-0.7400725805270799,-0.28445132411730484,0.8971975860278902,1.0797740014685262,1.0701226283970566,0.3546317183316475,0.4889859190169419,1.970993669776055,-0.30663350650706794,-0.15045374292645922,-0.28432827298058716,0.2971911713205839,0.49735339794541156,-0.7494361700902978,1.1613463220095197,1.0503931020094774,1.2249526521938194,-0.5925674192616858,0.3215552221322447,-0.32223751213066504,1.0251907555221178,1.8320733897379713,0.08483507617102844,-0.05228962594179332,3.2875255790418394,4.546265930297172,-0.11773079991111994,-0.16520981928143358,-0.08566650309519275,0.4476838107520078,-0.16084887408339785,1.459533671583734,1.1301531136990677,1.7056207986934246,1.3510731748542857,-0.21275528641329583,-0.2622115274018665,-0.20192226915192615,0.5660202851511598,0.10054542180974696,0.4332018461634651,-0.5828372063886245,-0.47795635432200057,-0.5277053977255843,0.6556590205524554,-0.48794094132104276
Austria,2010.0,1.2854169321015183,0.5999175299618648,-0.8107022917053459,-0.8641867348138476,-0.7742330058854174,0.0006570118755853255,0.8227509887058545,0.5836676004398512,0.6650806292232189,0.5790350589617111,0.7213429382321891,-0.0888471605859406,-0.07507903574389334,1.39239000153843,-0.4536808014491191,0.2292123923926571,-0.9053936588090107,0.12875138456767943,0.6224554518304816,-0.7552421940370192,0.9383346357466674,0.899836757388118,0.9318443144623508,-0.5861035940388922,-0.6419900427936454,-0.8386181216319798,0.3128269830246123,0.30514077798551825,-0.5204699008128286,-0.5557457202440608,0.13481630894620264,0.405009969469585,-0.25090395961510686,-0.2697370455016198,-0.21919461931156545,0.4998482146784903,0.1887780481887928,0.5265314731976998,-0.06000761087871092,0.6679676612654247,0.45412199480621473,-0.2119448695507752,-0.19638657545805635,-0.10777885359764228,0.21434867753721157,-0.5390550423910957,-0.13858523054563204,-0.7279769189973453,-0.4978326824030895,-0.6071151338662673,-0.4109262521166617,-0.5115749222583815
Azerbaijan,2010.0,-1.694568687691318,-1.646145844064981,0.9857134953145379,0.569925336804151,0.8330418212664792,-0.8468883076292602,-0.5585833918419653,-0.8675162734467383,-0.7483458398909416,-0.25307524255696673,-0.567368459326137,-0.2820807307780408,-0.28538462922952607,-0.5539857990247409,0.3305714382418205,-0.18082703375198894,-1.4377354180905166,0.7182906382028446,-1.191524329503032,0.8878625828851546,-0.5948707073104477,-0.5099181058846011,-0.6593152332227694,-0.41158031302346415,0.1609643446445964,-0.23617407721377917,-0.23477237950748345,-0.17565807208186277,-1.0784854264698207,-1.1446943588618081,-0.970345364538409,-0.8710403693874172,-0.21210948615788047,-0.26019514103338703,-0.2724313192409689,-0.9346728932997831,-0.22070039798300037,-0.4637603338611607,-0.3177680362378732,-0.4715978378742539,-0.4660261985189616,0.846938678474817,0.6093981045518452,-0.291947334090606,0.6539381870546469,-1.1417554798111191,-0.0814065228747224,-0.310700245247273,-0.6170906508896233,-0.4482956615849016,-0.5744666809740031,-0.3934050175716874
Barbados,2010.0,-0.030420874040772882,-0.08637961210189384,-0.745820457411174,-0.9441558094393867,-0.8862551908081253,-1.3020515347707509,0.2883661553552382,-0.14192433650344366,0.9096324229995695,1.227050161029354,1.194264552015061,-0.30814001544364505,-0.31539682258933327,-0.04470290065693303,-1.4585039835531355,1.2315309896351243,-0.6170418725315283,-0.9814199372128257,0.872659559600621,-0.20366991909848026,0.26929957695810847,0.16074197470145069,0.35958517889138564,-0.2823038085675916,-0.6419900427936454,-0.5804278168813224,0.0899104283655293,0.28929026644483546,-0.39751732736298173,-0.7077324656938028,0.6231435600207988,0.467040194275134,-0.2954222078447109,-0.28863497318221065,-0.2737404184195608,-1.0563898357949093,-0.2080521063974846,0.23189920002316278,-0.38080724824184403,0.3714953362859962,0.15256082220384598,-0.21277487890887326,-0.30123659278072196,-0.3004914423930116,0.9096993562284272,0.17434547537138365,0.6847881599154662,0.34242846149197037,0.6748706743811614,0.564178474208805,1.6011767427325212,0.32349240419425723
Belarus,2010.0,-0.4561331054397494,-0.5023172739587172,-0.7985369477751886,-0.4003661019857217,-0.41868433200030086,1.9468721899978225,1.4075494855801136,1.5424855171149194,-0.09758937170641628,-0.35616855424954613,-0.1417390069215526,-0.27840318721621243,-0.282700803603709,-0.5466988375503711,1.0167921479713926,-0.3478801332923998,0.425460739394754,0.25125304766070083,0.3097003171178068,-0.7320180982501334,-0.3718590210475954,0.06493339176058588,-0.7709755523585669,-0.6054950697072731,-1.1237626752565903,-0.752554686715094,0.14806257305920334,0.15191916642558323,-0.02865960701344494,-0.16627968502909948,1.0115207889456235,1.3709091842988441,-0.2372940951563422,-0.26787823294287316,-0.23214015563319634,0.8389168402006278,-0.21991687549540206,0.23189920002316278,-0.10766565393336894,0.3159067753523532,0.19122251099902146,-0.19900669792583067,-0.28843928841394295,-0.29783327536559656,0.4381397005642693,-0.31765488170618733,0.0901296001380065,-0.7098344549212551,0.05870450386740242,-0.30932862333870653,-0.5347724021251338,-0.24372313830187484
Belgium,2010.0,1.2854169321015183,0.6831050623332295,-0.7823164892016456,-1.061443785556844,-0.9593131374968479,-0.21907695984789316,0.802585523296397,0.38931261733004013,0.8930526403706641,1.0134997296661532,1.040565027535627,-0.0453299706595154,-0.01982734216792444,1.2670921185245905,-0.18409409405535862,1.2998708939925645,-1.1493836318130344,-0.8665746280631184,1.0603126404282264,-0.7784662898239051,0.8686434837895258,0.8314020552875004,0.889971694786427,-0.5861035940388922,-0.3208082878183487,-0.4083009470475509,2.139773528817534,2.032846535919954,-0.2651068636477639,-0.4037589747943201,2.656412582038999,1.9705346907524814,-0.2537022495038248,-0.244705036377165,-0.14923054098904337,1.3779490141076154,0.07145754836208057,0.4037680260416427,-0.0008867189279703945,0.5289962589313175,0.35360160393875845,-0.21154233282345727,-0.24497758008103487,-0.21961173782246216,-0.30516619734703027,-1.3139556047882697,-0.8590369471990931,-0.020420820029831536,0.11833348811066938,0.08772005736470798,2.2553384581618863,-0.5076359254354917
Belize,2010.0,-0.49483421738511113,0.350354932847771,-0.6606630499000734,0.21806140845177965,-0.1459346643624032,-0.4702014989604399,-0.6795761842987085,-0.5824622982190153,0.8433132924839487,0.3139379717522208,0.49079365151303866,-0.30988188063970784,-0.3171283430058047,-0.5695533985381673,-0.5762202139008283,-2.375297295896481,1.1130688451333657,2.058152578282765,0.37225134406034155,-0.05851932043044367,-0.20460025635045515,-0.15405765496138918,-0.19871641678760363,-0.41158031302346415,0.963918732082838,0.19414309737064975,-0.3365386327214125,-0.630039402914773,0.5388138089089206,0.8121349888036091,-0.8846739169814624,-1.1398380102114618,-0.293514282920585,-0.286776160623464,-0.27388587388384883,-1.9257965679029538,-0.22049252466996408,0.4610576347144694,-0.3773037210173981,0.5475257792425318,0.43865731928814444,-0.21277844118079642,-0.3009848575374555,-0.2998901903272868,-0.5289572203740887,0.9738460556224365,0.055822375535461044,0.7234202070898623,-0.3388220577543775,0.06786762332953698,-0.3474154059584709,2.5844765805330057
Bhutan,2010.0,-1.2688564562923412,-1.1470206498367932,1.8372875704255436,1.3269659099259201,1.6366792348424275,-0.752716605462055,-2.091158762960714,-1.8263341901218064,-1.6395091561945911,-0.17207335479851127,-1.093493754659582,-0.3101045204517398,-0.3172468383119839,-0.7211600515503811,2.0216153300754094,-2.375297295896481,1.1130688451333657,2.058152578282765,-0.37836097925007783,0.9981770378728628,-0.7481912416161584,-0.8794654972279357,-0.5616124539789459,0.13138100569120073,0.0003734671569480985,-0.06404720738000784,-0.8744459711378965,-1.2746268722358778,0.45369279652056654,0.07119960473612112,-1.3644340233003638,-1.2461755384495452,-0.29084318802680875,-0.2832444167618454,-0.2730131410981209,-1.186800845611116,-0.21956508988872525,-0.1363911414450085,-0.376779418749383,-0.5086568784966825,0.15256082220384598,-0.21277844118079642,-0.30100011421886563,-0.2998901903272868,0.9496620389118304,0.08824541288280838,0.7534026091205587,-0.8186892393777958,-0.9351119001870475,-0.904901644393828,-0.3474154059584709,-0.3855270239259078
Bolivia (Plurin. State of),2010.0,-0.649638665166557,-0.2943484430303055,0.5153201966817917,0.4952875338203147,0.5164573856153479,-0.5172873500440425,-0.22585321258592106,-0.1678383342514184,-0.350431056797219,-0.599174217524912,-0.4964302172587065,-0.29554706607548964,-0.30601646117871056,-0.7340305289596577,0.11000049582874366,-0.028960579624342432,0.22583257966418924,-0.009062986411969287,1.4356188020834357,1.1433276365408993,-1.0548323102275818,-1.0710826631096633,-1.0082537305221377,0.564457295618374,0.482146099619893,0.7105237068719645,0.1141404886545601,0.21532121258831496,-0.038117497278817164,-0.1377821702572733,-0.11077517405037758,-0.08827800874596882,-0.24149152998941914,-0.20058921831624468,-0.17293978166798538,0.01298044469798552,-0.22031663186662567,-0.619260700258833,-0.35755689628667653,-0.6568930409863968,-0.5897436026635232,-0.21277666004483484,-0.30011064969265766,-0.2973540819899061,0.853751600471663,1.2690462698689782,1.1993965289536528,-0.9819714160626065,-1.0543698686735814,-1.0438686826400232,-0.2537369078751394,-0.1806991891356379
Brazil,2010.0,0.395291357358204,-0.4399266246801935,-0.8066471770619601,-0.2830781258682645,-0.42355486177954904,0.20469569990452968,0.3791107496977955,0.35044162070807783,0.5282974225347519,0.24766369994984838,0.40803236910103574,0.7335536384193816,1.052143236956101,-0.2926961804437658,0.9432685005003671,0.10012590638415732,-0.39523280616423423,0.08281326090779662,0.5599044248879462,-0.02948920069683636,-0.07915618282759948,0.01018563008009114,-0.17080133700365377,-0.21120173111686164,-0.1602174103307003,-0.49436438196443655,0.5648196100305327,0.6538520318805418,0.19832975935550182,0.4986623263135182,0.3489949278385693,-0.011478682796241991,1.5163433001052316,0.7566372890196514,1.0755044683158128,-1.1607186436478747,-0.20702873008715209,-0.6929187685524673,-0.23621992106505102,-0.7402758823868612,-0.667066980253874,-0.21276775436502693,-0.29324819439440164,-0.2807993070674673,0.17438599485380835,0.5556457521065005,0.33028017235582713,0.43314078187242083,-0.31894572967328844,0.028162755259195683,0.8648478700859964,1.5288254319985377
Bulgaria,2010.0,0.0856824617953116,-0.04478584591621128,-0.6079465595360588,-0.714911128846175,-0.6963045294174466,1.9782627573868914,1.4377976836942998,1.6331845092328308,0.13452758509825558,0.05620469252077204,0.14792548152045673,-0.28188753094115354,-0.2867643860930992,-0.5090810818872281,-0.5272044489201447,-0.044147225037107295,-0.861031845535552,0.3967237725836635,-0.5034630331351476,-0.45913497275422466,0.004473199520969635,0.1196811534410806,-0.08705609765180419,-0.5602482931477176,-1.3646489914880628,-0.6664912517982081,-0.5594551873804962,-0.3764312182638468,0.3401981133360932,0.2136871785952535,0.11768201943481349,0.25436513779896686,-0.2682024789271816,-0.2739503539681122,-0.2302492345974525,-0.11743056511822117,-0.19839399246872158,-0.6356291598796406,-0.3695820141667339,-0.666157801142004,-0.6206729536996635,-0.21266266734329348,-0.2906469302139822,-0.27549653508930766,-0.29717366081035007,-1.47385572083848,-0.9390871379383668,0.17914628480715944,0.6748706743811614,0.4847687380681223,-0.4232314785598112,-0.4170389985090262
Burundi,2010.0,1.7111291635004955,-1.2925988314866812,3.0294912755809524,3.1769171695967215,3.278047770449062,-1.678738343439571,-2.131489693779628,-2.2409581540894035,-2.700615244444518,-2.712587107222792,-2.896507407206781,-0.3095868675554451,-0.31694656748376027,-0.8144236948359845,0.3550793207321623,0.10012590638415732,-0.23996645970712832,0.036875137247913525,1.3105167481983657,2.461295072446671,-2.323211275847559,-2.480837526382383,-2.13881446177209,3.305119190082873,2.0880548744963763,3.3784901892954236,-3.316836048272201,-3.2083892801991913,3.0073231681712116,3.0159427978248567,-2.2382827883812193,-2.0791528429811996,-0.263369069119396,-0.1754332883545401,-0.26399490231226563,0.8041405709163059,-0.02809777832745333,-0.4801287934819683,-0.32540786928609367,-0.49939211834107533,-0.47375853627799674,0.07102063839411582,0.005062645880701038,-0.16774583594230377,2.3563484693676235,0.801645930645286,2.045641402483116,-1.3629631616604987,-1.0742461967546704,-1.2423930229917304,-0.5689094819351613,-0.22796715101031562
Cabo Verde,2010.0,-0.9205464487840876,-0.8142705203513344,-0.30786807592551385,-0.027177087066539735,-0.165416783479396,-1.207879832603546,-0.29643234151902126,-0.31036532186528004,0.43710861807577367,0.3654846275985108,0.39620932875646464,-0.31013457375970005,-0.3171748725762939,-0.6738894378302808,-0.5272044489201447,0.7531516591330369,-0.3730518995275049,-0.5832895321605067,0.5599044248879462,0.27242404453267965,-0.03734149165331493,0.21548973638194346,-0.28246165613945123,-0.2758399833447979,0.08066890590077216,0.1080796624537639,0.9525005746550254,0.4055273510765102,0.2267034301516198,0.8501316751660449,-0.36493380180265284,-0.8680865491585815,-0.2919879429812843,-0.285660873088216,-0.27141313099095304,-0.35217038278739315,-0.22090827129603666,-0.4801287934819683,-0.38557297506421606,-0.49939211834107533,-0.45829386075992656,-0.21257717281713745,-0.30106266661264697,-0.3004914423930116,-0.2731960512003078,-0.1331547478020982,-0.28724987048999673,0.46942571002460093,0.5556127058946275,0.564178474208805,2.532801467315483,0.08715259482086889
Cambodia,2010.0,0.008280237904588839,-0.9598487020012226,1.4439414500171266,1.710817468128507,1.6415497646216755,0.597077792267884,-0.9921408981452952,-0.5565483004710405,-1.5980596996223284,-1.512286406802045,-1.684645771888172,-0.30321801959913663,-0.3112327362276865,-0.7879256531110033,0.5756502631452391,-0.11248712939454758,-1.803720377596552,0.7757132927776983,-2.0046876797559863,1.0852673970736848,-0.845758854356157,-0.9205263184883057,-0.7849330922505408,1.1591292161153879,0.3215552221322447,0.36626996720442107,-1.7854962380054542,-1.8875133184756163,1.4751449451808243,2.009030609220322,-0.6733510130076606,-0.6214425600508047,-0.22126752579368475,-0.14922403127621245,-0.25810395600860214,-0.09134836315497977,-0.22015672931813624,-0.6683660791212559,-0.36809924602847044,-0.7217463620756468,-0.6438699669767688,-0.2071482704062301,-0.3009634981834814,-0.29991279378840424,0.9576545754485112,0.5556457521065005,0.9135029905991047,-1.417390553888769,-1.3326384618088274,-1.401212495273096,-0.3972317259138018,-0.3855270239259078
Cameroon,2010.0,-1.2688564562923412,-1.7501302595291868,1.658862526116571,1.4975666024604033,1.6512908241801718,-0.2504675272369614,-2.2020688227127287,-1.048914257682562,-1.593914753965102,-1.0410026962073955,-1.4718310456858796,-0.2954838927954916,-0.3011581536253649,-0.7595822120516038,-0.18409409405535862,0.9885446630308896,0.9799834053129892,-1.2800177410020652,-1.191524329503032,3.1580179460532474,-2.3929024278047004,-2.535585288062877,-2.2086021612319637,2.781549347036589,1.445691364545783,2.43179240520968,-2.3912477452312237,-2.0777194569638113,-0.4164331078937275,0.9261250478909153,-1.6814183792610662,-1.4972502579005758,-0.17344220769559585,-0.07257899343722589,-0.2138127671329099,-0.717321210272772,-0.1828674550103956,-0.6028922406380254,-0.31400416581827495,-0.6476282808307897,-0.5665465893864179,-0.21266444847925506,-0.13841271176787578,0.17089921851970843,1.5171321330161562,1.3059462966497957,1.6682619318551128,-0.6735495267690749,-0.8158539317005133,-0.7460821721124623,-0.48396372519858116,-0.17282119548985833
Canada,2010.0,1.478922491828326,1.3070115551184642,-0.7742062599148741,-1.0241248840649257,-0.9398310183798552,-0.4702014989604399,0.4295244132214386,-0.025311346637556745,0.9469369339146056,1.219686353051312,1.2001760721873465,0.5471115024934797,0.6851359763712136,1.4282096757988065,-0.13507832907467485,-0.10489380668816568,0.15928985975400084,0.09812596879442421,0.43480237100287683,-0.6971819545698046,1.0498404788780935,0.9545845190686126,1.1272498729499958,-0.5473206427021304,0.0003734671569480985,-0.6664912517982081,0.18683066952165248,0.22588822028210373,-0.5393856813435731,-0.7457291520562372,0.4118206560469969,0.5645162618267104,-0.19519255183063094,-0.15572987523182572,-0.011338760844031041,-0.0044076899441753085,0.5949305213520053,0.903006044476275,1.3569838376770065,1.131205669045782,0.7866125184447239,-0.2127695355009885,0.029192613198890882,0.4479001138221425,0.8697366735450239,0.014445359321171683,0.604737969176194,-0.25627285301900277,0.25746778467829257,0.04801518929436633,0.06580203685825807,-0.44067297944636513
Chile,2010.0,-0.030420874040772882,0.5375268806833411,-0.603891444892673,-0.3950348303440191,-0.506353868026768,-0.18768639245882465,0.46985534404035323,-0.6472472925889523,0.7023851401382557,0.32866558770830384,0.5144397322021826,-0.18746126399571553,-0.18262748497263032,-0.21684553600600717,0.5266344981645554,-1.798204770211424,0.004023513296895117,1.859087375756605,-0.3158099523075426,-0.5636434037952109,0.659570027918101,0.6397848894057728,0.6526935166228561,-0.4762185652514005,-0.07992197158687614,-0.49436438196443655,0.1335245368857843,0.11493463949732373,-0.22727530258627235,-0.09978548389483745,0.02058771220360712,-0.05283216599994131,-0.22978959045478037,-0.1942072951978812,-0.13061224156018095,-0.6912390083095307,-0.21659090248682142,-0.537418402154795,-0.29233111137580126,-0.5549806792747183,-0.5278849005912424,-0.21144347977758937,-0.2983469773216519,-0.2931679209909497,-0.48100200115400465,0.10054542180974696,-0.3329928366267243,0.23357367703542986,-0.02080080845695346,0.10757249139987862,-0.06241048382358958,-0.3146250811138913
China,2010.0,-1.036649784620172,-0.48152039086587567,0.5072099673950204,0.9751019815735485,0.7599838745777566,2.6688552399463945,0.2480352245363235,1.08899055652536,-1.1835651338997006,-1.401829287131424,-1.3654236825847332,4.322140022018248,3.4582493663799543,-0.6113351321866645,1.7030128577009649,0.335518910282009,-0.7612177656702696,-0.03203204824191083,-0.5660140600776826,-0.23270003883208756,0.25536134656667897,0.24286361722219085,0.28979747943151196,-0.41158031302346415,-0.3208082878183487,-0.5804278168813224,0.2643668624465507,0.18890369335384347,-0.6245066937319285,-0.6127407497877145,-0.32780950786130936,-0.24778430110309427,6.638485746408529,5.969119466256988,6.225937003289169,-0.07396022851281893,-0.21902142122386112,-0.7092872281732749,-0.16978565816794772,-0.7588054026980754,-0.6825316557719443,-0.21221293051299359,0.1581527641539132,1.060169106495638,0.9736396485218727,0.8139459395722246,1.0736033720776523,-0.8549741675299759,-0.4978326824030895,-0.6666724359717794,0.18071697412573465,-0.48794094132104276
Colombia,2010.0,0.0856824617953116,1.1822302565614176,-0.8066471770619601,0.24471776666029266,-0.13132307502465884,0.691249494435089,-1.2240437503540533,-0.03826834551154434,0.39980410716073694,0.05620469252077204,0.23068676393245924,-0.16784872055399014,-0.14042516453892587,-0.5224247386130223,0.2080320257901112,0.28995897404371546,2.954084095981907,-1.2570486791721236,0.05949620934766685,-0.08754944016405099,0.17173196421810985,0.24286361722219085,0.10834946083584085,-0.16595495455730624,0.0003734671569480985,-0.32223751213066504,0.7101999717647175,0.3791098318420387,1.3900239327924688,1.4295811421931828,-0.01653658173773635,-0.3925214923160415,0.1713834235914228,0.025008665896972863,-0.07155732305925795,-1.1954949129321966,-0.21830185975565858,-0.6929187685524673,-0.3556293751900278,-0.7402758823868612,-0.667066980253874,6.327665021320402,5.301692691988819,-0.2995375763338542,0.3022665794406982,1.1460461805995854,0.7076596429838303,1.0136996323073038,0.2375914565972033,0.6237357763143172,-0.11123444680769881,2.1511869300151267
Costa Rica,2010.0,0.43399246930356533,4.280965837394751,-0.6687732791868449,-0.2297654094512385,-0.42355486177954904,-0.015038271818948791,-0.2056877471764639,-0.33627931961325475,0.7231098684243871,0.5937626749177936,0.6090240549587567,-0.2823045972557038,-0.29484378071284384,-0.4394764044275008,0.42860296820318805,-0.4390000057689879,1.0132547652680834,0.13640773851099336,1.1854146943132957,-0.45913497275422466,0.687446488700958,0.6260979489856482,0.7364387559747038,-0.45036326436022595,0.1609643446445964,-0.4083009470475509,1.0833429002157917,1.1822024165699718,1.0495398832390501,1.1161084797030918,-0.1536108978288509,-0.45159789689275454,-0.2603163892407946,-0.2577786847070164,-0.2564312181692903,1.2736202062546498,-0.21497588674707793,0.01092499514226008,-0.28448181569735403,0.08428777146217459,-0.025282946253961245,-0.21271075801425623,-0.2708468090799744,-0.2123198612659647,-0.608882585740895,0.38344562712934993,-0.27581412895581464,0.08843396442670896,-0.29906940159219947,-0.13065671702217002,0.10112994503375174,0.3313703978400368
Croatia,2010.0,0.43399246930356533,0.5583237637761826,-0.19026975126732731,-0.4483475467610451,-0.33101479597383376,0.3773438205444055,1.1655639006666272,0.9205495711635234,0.08893318286876618,-0.10579908299613884,0.035606598247024335,-0.27998619921305684,-0.2805666473039377,-0.167824158814792,-1.188917276159375,0.25958568321818576,-0.5726800592580695,-0.016719340355283226,-0.3158099523075426,-0.7610482179837407,0.4226201112638192,0.47554160436429055,0.35958517889138564,-0.5796397688160986,-1.1237626752565903,-0.752554686715094,0.6084337185507884,0.44779538185166445,-1.1919801096542941,-1.363175305445811,0.3232934935714855,0.07122828361115623,-0.2703647938411909,-0.2797126729002268,-0.24857662309773895,0.1173092525509508,-0.21967702167266787,0.36284687698962365,-0.24122842824798174,0.4919372183088889,0.3072075773845479,-0.16921007442449573,-0.2623640942159673,-0.2962645951640438,-0.43304678193392065,-1.449255702984601,-1.0305730702118219,0.6689928148615922,0.6947470024622504,0.7428503805253415,-0.4922995237568437,-0.45642896673792427
Cuba,2010.0,1.478922491828326,0.5791206468690236,-0.47412777630432923,0.17541123531815883,-0.12158201546616236,0.016352295570119444,-1.647518523952655,-0.4269783117311665,0.5200075312202992,0.3213017797302623,0.39029780858417823,-0.264465812316448,-0.2782984858411575,-0.5553580190426417,-0.30663350650706794,-0.6516130415476928,-1.7926299242781871,1.323142599724637,5.063578364750462,-0.6855699066763618,0.5480641847866748,0.47554160436429055,0.6247784368389063,-0.3598697112411151,-0.8025809202812937,-0.5804278168813224,-0.08454600571549281,-0.03828697206261127,-0.4164331078937275,-0.34676394525066767,0.10054772992342391,0.0859973847553345,-0.24403542988825366,-0.23720782572355356,-0.21759460920439758,1.8300405148037988,-0.22079633951209404,-0.7092872281732749,-0.38738091391944063,-0.7588054026980754,-0.6825316557719443,-0.212780222316758,-0.30059276082521635,-0.29863795858137865,-0.7687333164745079,-0.3791549263408837,-0.7561152733914559,-1.072683736443057,-1.0146172125114032,-1.0637211166751939,-0.4510174737540197,-0.21221116371875637
Cyprus,2010.0,-0.14652420987685735,-0.8350674034441757,-0.7174346549074738,-0.8908430930223605,-0.8424204227948917,-0.3760297967932349,0.32869708617415244,-1.3469252317842721,0.8640380207700801,1.1239568493367742,1.0701226283970566,-0.2977765308598869,-0.3022165462554259,0.6454291324838713,-0.3311413889974098,0.7835249499585667,0.4476416460314833,-0.8972000438363736,1.122863667370761,-0.8191084574509553,0.8268287926152412,0.7492804127667603,0.889971694786427,-0.45036326436022595,0.482146099619893,-0.8386181216319798,0.06083435601869194,0.01983157025322573,-0.2840226441785097,-0.4417556611567559,0.01487628236647726,0.0032904183479362764,-0.2928783079458764,-0.28665223978621424,-0.27010403181236115,-0.8390381527678982,-0.1346888171505232,0.6656633799745644,-0.34060721124196675,0.9922342667116747,0.45412199480621473,-0.20209518768321694,-0.28782749548939857,-0.28515273367869304,0.47810238324767257,-0.05935469424046327,0.30740868928746296,-0.4014125656277235,-0.27919307351111056,-0.30932862333870653,-0.5212763473165182,-0.5115749222583815
Czechia,2010.0,0.008280237904588839,0.4127455821262942,-0.7417653427677883,-1.1414128601823827,-0.8765141312496288,1.8370052041360836,2.274664498186774,2.2939914518061886,0.30861530270175935,-0.2383476266008837,0.0710757192807398,-0.20500503585070856,-0.18850137795118693,0.1203420449443783,-0.30663350650706794,-1.1907389537008382,0.24801348630091855,1.1623591669150464,-0.44091200619261256,-0.8365265292911197,0.5341259543952454,0.5713501873051553,0.4712454980271851,-0.5990312444844794,-0.5616946040498212,-0.752554686715094,0.10444846453894764,0.09380062410974623,-0.09486483887105453,-0.2137755429821436,0.15195059845759223,0.16870435116273272,-0.2486144497061558,-0.2613723889872599,-0.20828545948996638,-0.5782161331354848,-0.2039426109013056,-0.40647072518833405,-0.28636362176866353,-0.4901273581854682,-0.33457645661536506,-0.212780222316758,-0.2958753949332182,-0.28942478782989584,-0.17728561276014043,-0.42835496204864154,-0.36730006122927056,-0.020420820029831536,-0.21956408926784343,-0.11080428298699938,0.10351160176468387,-0.48794094132104276
Denmark,2010.0,1.4402213798829646,0.9742614256330059,-0.7823164892016456,-1.1414128601823827,-0.905737309925118,-0.3603345130987008,0.31861435346942407,-0.7897742802028139,0.9262122056284743,1.1975949291171881,1.1765299914982026,-0.1369226399972738,-0.11844335465128139,1.919842985660511,-0.42917291895877724,0.5860985595926266,-0.4174137128009638,-0.39953703752097475,2.4364352331639947,-0.790078337717348,0.7571376406580996,0.6534718298258955,0.8480990751105012,-0.5796397688160986,-0.481399165305997,-0.4083009470475509,1.1124189725626286,1.0712488357851917,-0.4637225592205913,-0.6412382645595407,0.9772522099228447,1.0518965995845933,-0.2652769940435219,-0.2650900141047532,-0.23766746327613988,1.3779490141076154,-0.16719700525842915,0.019109224952663855,-0.25994731060101844,0.08428777146217459,-0.009818270735890974,-0.20701468520911132,-0.2638241586269124,-0.2194761170557573,0.5899978947612015,-0.39145493526782404,0.21592275701400784,-0.3288427093233632,0.21771512851611435,-0.011542112811145786,-0.4565746727928614,-0.503696928612602
Ecuador,2010.0,-0.3013286576583035,-0.606301689422923,0.028706439475502693,0.5645940651624487,0.33137725400391743,-0.062124122902551426,-0.3367632723379355,-0.36219331736122945,0.022614052353145984,-0.40771521009583556,-0.24223484985041263,-0.2620296543732221,-0.27505568497519683,-0.6054203907301955,-0.037046799113307424,0.5443352847075229,0.3700084728029305,-0.6215713018770758,-0.12815687147993787,-0.05851932043044367,0.22748488578382392,0.2702374980624382,0.20605224007966438,-0.1336358284433381,0.40185066087606897,0.19414309737064975,0.4969754412212462,0.3791098318420387,0.8130926266047311,0.6316507285820423,-0.1336208933988966,-0.2773225033914508,-0.17535013261972174,-0.15907573783756968,-0.17308523713227336,0.8823871768060297,0.5767336113339054,-0.5128657127235835,-0.2923659787680091,-0.5457159191191111,-0.4892232117960669,-0.0673210823100767,-0.040141375469238696,0.24763344832131295,-0.28118858773698857,0.7524458949375282,0.12443682474055276,-0.6554070626929849,-0.7959776036194244,-0.7460821721124623,-0.4625288146201918,0.811928010232593
El Salvador,2010.0,0.7823024768118191,1.2446209058399411,-0.5998363302492873,0.5539315218790434,-0.01443036032270263,1.0679363031039093,-1.1635473541256816,0.14312963872427917,0.36249959624570083,-0.4150790180738771,0.011960517557880824,-0.2983947703379261,-0.30676217509508413,-0.6822173938009891,-0.38015715397809346,-0.006180611505195669,-0.6170418725315283,-0.32297349808783643,-0.44091200619261256,-0.04110124859027924,-0.27429140830759674,-0.04456213160040165,-0.533697374194996,-0.3921888373550833,-0.5616946040498212,-0.1501106422968933,-0.2735404759699326,-0.2971786605604323,0.7279716142163758,1.0781117933406559,-1.1502554044079971,-1.1605147518133112,-0.2477240847415637,-0.2318172693031883,-0.2471220684548591,-0.2739237768976692,-0.22068440772815143,-0.6601818493108521,-0.37886578018831213,-0.7032168417644326,-0.6361376292177338,-0.21277309777291167,-0.30115268103296644,-0.3003241767807423,-0.4490318550072822,0.5802457699603794,-0.19576393821654167,-0.8005467753017056,-0.4183273700787334,-0.5872626998310965,-0.32955298047647974,4.569730979269468
Estonia,2010.0,-0.22392643376758045,0.12158921882651783,-0.7052693109773165,-0.8481929198887399,-0.8229383036778991,1.0051551683257722,1.6797832686077863,1.2963025385091584,0.48684796596248914,0.07093230847685503,0.45532453047932364,-0.29913751637751484,-0.30608780652012735,-0.1307742183314701,-0.30663350650706794,-0.18082703375198894,-0.12906192652348128,0.281878463433956,0.49735339794541156,-0.7494361700902978,0.26929957695810847,0.5302893660447853,-0.0451834779758804,-0.5731759435933049,-1.1237626752565903,-0.5804278168813224,0.2643668624465507,0.4530788856985585,-0.22727530258627235,-0.23277388616336153,0.6145764152651039,0.5822391831997242,-0.2914791630015174,-0.28553695225096626,-0.2671949225266014,0.05645078130338775,-0.22081232976694298,0.6247422309225453,-0.3330092190643958,0.9273809456224248,0.399995630492969,-0.032917550644105315,-0.14709681482649595,-0.3003196560885188,0.28628150636733724,-0.5513550513180343,-0.12714948901144996,0.9955571682312138,2.3444822331926374,1.7553245163190478,-0.551443999241659,-0.14918721455251951
Eswatini,2010.0,0.6661991409757343,0.5583237637761826,-0.2673169294916564,-0.251090496018049,-0.28230949818135204,1.962567473692357,-1.1332991560114958,0.5966245993138384,-0.20535795879429924,0.5201245951373796,0.12427940083131281,-0.3088876681457579,-0.31545327846819354,-0.6340004214478537,0.03647684835771812,-0.18082703375198786,0.7692647922640596,-0.969935406297855,0.872659559600621,2.5716095274343793,-3.7867254669475323,-3.863218508814856,-3.6462287701053615,3.7188040043416657,-0.481399165305997,0.8826505767057359,-1.0779784775657553,-1.0685702222069997,1.342734481465605,2.351000786482239,-1.0874296761995694,-0.9448858751083086,-0.2890624580976246,-0.27512760192198504,-0.2708313091338011,-0.7434034122360134,-0.21583936050892097,-0.4637603338611607,-0.38085580431395577,-0.5086568784966825,-0.4350968474828213,-0.21277487890887326,-0.3000801363298375,-0.2970647576876024,-0.4010766357871982,-1.7321559083042048,-1.1334947440194592,3.698784315568638,3.298545981084909,3.6810106177306077,0.14677836570995137,0.9222199212735075
Finland,2010.0,0.8597047007025419,0.45433934831197675,-0.7052693109773165,-1.13608158854068,-0.8131972441194028,-0.2504675272369614,0.9538265138673262,0.4022696162040273,0.826733509855044,0.5790350589617111,0.8632194223670501,-0.16779842726311792,-0.16361674325928954,1.3734628288777293,-0.11057044658433297,-0.5225265555391936,-0.6392227791682579,0.7948541776359829,1.122863667370761,-0.8539446011312841,0.8686434837895258,0.9135236978082426,0.7922689155426035,-0.5796397688160986,-0.5616946040498212,-0.4083009470475509,0.18683066952165248,0.19418719720073824,-0.5204699008128286,-0.6127407497877145,0.9401279159815012,0.7181149137261645,-0.2722727187653168,-0.26855979754774695,-0.24086748349047563,1.5518303605292243,-0.187440667897194,-0.36554957613631506,-0.330273807576441,-0.3882149964737897,-0.3500411321334352,-0.20720170448507763,-0.27994894520923086,-0.26105744412746457,0.3502217986607822,-0.9203553191262125,-0.20719967975072376,-0.18370299671464246,0.31709676892155936,0.10757249139987862,-0.4343458766374946,-0.3934050175716874
France,2010.0,1.6724280515551335,0.5791206468690236,-0.745820457411174,-0.9441558094393867,-0.8862551908081253,-1.4119185206324902,0.6715099981349254,0.25974262859016606,0.8516031837984014,0.9398616498857393,1.0169189468464839,1.1098247340784595,1.3212529016259849,1.1115580771852813,-0.42917291895877724,-0.0631305318030631,-0.4395946194376931,0.2627375785756715,0.5599044248879462,-0.7784662898239051,1.063778709269523,1.118827804110095,0.9737169341382746,-0.5667121183705113,-0.40110372656217286,-0.32223751213066504,0.356441091544868,0.3632593203013552,-0.2367331928516459,-0.270770572525796,0.71738215233344,0.7003919923531503,0.11643518577659726,-0.03236668174967351,0.10677107615781496,-0.2826178442187498,0.5557703872269381,0.23189920002316278,1.4987159128474412,0.30664201519674605,0.21441952427612668,-0.210696293241705,0.08084105677645036,0.6067481971713107,-0.0014498089531660412,-1.1663554976649981,-0.584579150378727,0.08843396442670896,0.2375914565972033,0.20683466157573221,0.892236922491716,-0.46430696038370395
Georgia,2010.0,0.8597047007025419,-1.022239351279746,1.2087448007007537,1.3216346382842175,1.3152242694120482,-1.1450986978254094,-1.022389096259481,-1.2562262396663604,-0.8975638835510876,-0.9526370004708992,-0.9634403108692924,-0.3038442324037775,-0.310611721560224,-0.6739840736935843,0.624666028125923,-0.08211383856901892,-1.7482681110047285,0.7297751691178151,-1.191524329503032,-0.250118110672252,-0.23247671713331217,0.01018563008009114,-0.47786721462709825,-0.3598697112411151,-1.2040581140004147,-0.4083009470475509,0.400055200065123,0.2945737702917295,-0.047575387544190724,-0.337264773660058,-0.970345364538409,-0.8710403693874172,-0.27557978863380167,-0.2721535018279904,-0.2724313192409689,-1.482399134527851,-0.22026866110207885,-0.5701553213964102,-0.3704108249933647,-0.5920397198971468,-0.5665465893864179,0.4311823600500092,0.25140465226863246,-0.2976072407544218,0.3422292621241014,0.6786458413758932,0.4446375876976464,1.6305434108943673,2.9805247317874852,2.450159707550023,-0.5689094819351613,-0.1806991891356379
Germany,2010.0,1.6337269396097722,1.3070115551184642,-0.7701511452714884,-1.1467441318240854,-0.9495720779383514,0.4558202390170764,1.3974667528753848,1.0501195599033974,0.7065300857954817,0.5495798270495457,0.7272544584044746,1.5821486553097213,1.7888713626768062,1.1511631859777978,0.13450837831908566,0.44941875087774386,-0.48395643271115196,-0.23875360471138418,0.24714929017527157,-0.7842723137706266,0.8825817141809533,0.8314020552875004,0.889971694786427,-0.5861035940388922,-0.8025809202812937,-0.8386181216319798,0.2885969227355815,0.3474088087606725,-0.17998585125940855,-0.28026974411640565,0.37755207702421817,0.8274062621930838,0.32859643733939586,-0.09996549846942643,0.12466209826523744,0.925857513411432,0.6103771075360865,0.2728203490751818,2.1449964578238423,0.34370105581917465,0.25308121307130216,-0.16936147098123033,0.7219329123007704,2.386011283878929,0.12643077563372437,-0.6620551316604885,-0.2529426458874513,-0.38327010155163344,-0.02080080845695346,-0.17036158509251148,0.11541988541934464,-0.48794094132104276
Greece,2010.0,1.0532102604293494,0.2879642835692473,-0.30786807592551385,-0.4963289915363684,-0.42355486177954904,-0.5800684848221791,0.11695969937485189,-0.09009634100749377,0.5034277485913938,0.726311218522539,0.6090240549587567,-0.16403808377119503,-0.13405247456472505,0.4479714037011099,-2.242756223244075,0.9126114359670664,1.1796115650435541,-1.2800177410020652,-0.37836097925007783,-0.790078337717348,0.9383346357466674,0.94089757864849,0.9318443144623508,-0.6054950697072731,-1.0434672365127662,-0.8386181216319798,0.3515950794870614,0.6538520318805418,-0.6812540353241645,-0.6317390929689324,0.5317606826267223,0.6413155877764373,-0.25192151957464065,-0.25021951363478007,-0.2219582731330372,-0.4217229213560368,0.6700687288871996,0.2728203490751818,-0.0480628171392214,0.3714953362859962,0.237616537553232,-0.21231890810270782,-0.21362204844702895,-0.2939680835145083,-0.5928975126675335,-1.0310553994686658,-0.9390871379383668,1.4128338419812858,0.5158600497324494,0.9612271549122192,-0.5423143151064189,-0.44067297944636513
Guatemala,2010.0,-0.3013286576583035,0.641511296147547,-0.2713720441350422,1.1883528472416525,0.604126921641815,1.962567473692357,-0.6493279861845226,0.22087163196820378,-0.20535795879429924,-1.1146407759878094,-0.7801831855284295,-0.2795016662887999,-0.2929683288249925,-0.6926273387643745,-0.18409409405535862,0.6164718504181552,-1.9700771773720225,-0.17750277316487376,-1.191524329503032,0.6556216250162963,-0.39973548183045043,-0.3046139995827487,-0.47786721462709825,0.17016395702796253,0.7230324158513656,0.8826505767057359,-1.4559674180746356,-1.3010443914703493,0.917129419523831,0.9831200774345678,-1.4929411946357838,-1.5061117185870827,-0.2038418114866683,-0.125679072198755,-0.22384919416878105,-0.8825084893733004,-0.22094025180573457,-0.6765503089316597,-0.37213921453895943,-0.7217463620756468,-0.659334642494839,-0.21271966369406414,-0.30102452490912174,-0.29987210755839283,-0.7927109260845496,1.0599461181110101,-0.12714948901144996,-0.873116631606066,-0.8357302597816024,-0.8651967763234866,-0.3787738862490776,2.663256516990802
Guyana,2010.0,-1.036649784620172,-0.751879871072811,-0.4903482348778722,0.2553803099436978,-0.04365353899819173,-0.5329826337385766,0.4295244132214386,0.45409761169997714,0.5904716073931461,-0.5476275616786225,-0.09444684554326518,-0.3088110015438185,-0.316077395107022,-0.6077862873127831,0.11000049582874366,0.09253258367777543,-0.06251920661329327,-0.03203204824191083,-1.4417284372731718,0.7601300560572827,-0.9851411582704402,-0.865778556807811,-1.0361688103060864,0.3317595875978033,-1.2843535527442387,0.2802065322875356,0.4049012121229296,0.22588822028210373,-0.9082434016931112,-0.7932250100092814,-0.3877795211511718,-0.48113609918111105,-0.28982562806727497,-0.28392598136671915,-0.27126767552666503,0.6824236284211798,-0.22089228104118772,-0.6274449300692369,-0.38717196784317254,-0.6754225612976111,-0.5974759404225582,-0.21277666004483484,-0.30122743877187586,-0.3004643182396707,-1.0644571683316915,0.21124550215220114,-0.7103723072547283,1.068127024535574,0.5754890339757165,0.782555248595683,5.352683036739155,0.9064639339819484
Hungary,2010.0,0.2017857976313964,-0.19036402756609966,-0.7255448841942452,-0.8055427467551192,-0.8083267143401546,1.303365558521922,1.3873840201706569,1.348130534005108,0.43296367241854766,0.22557227601572388,0.41985540944560773,-0.24169031154511142,-0.23620659558808077,-0.19872276818338613,-0.6252359788815122,-0.3554734559987822,0.31455620621110697,0.2971911713205839,-0.003054817594867869,-0.6855699066763618,0.10204081226096826,0.24286361722219085,-0.05914101786785632,-0.5279291670337495,-1.1237626752565903,-0.9246815565488655,0.03660429572966115,0.13078515103800648,-0.3880594370976095,-0.47975234751919044,0.2604677653630579,0.3223030030621868,-0.24352664990848677,-0.2660194203841265,-0.20421270648990272,-0.9607550952630245,-0.2151038087858695,-0.3573653463259112,-0.2765173284861311,-0.36968547616257535,-0.3423087943744001,-0.21267157302310138,-0.29232363950095047,-0.27602093538723305,-0.6328601953509367,-1.6460558458156296,-1.2821593839638246,0.3787133896441504,0.8140049709487843,0.6634406443846584,-0.002869065550285688,-0.45642896673792427
Iceland,2010.0,0.5887969170850116,0.5375268806833411,-0.7255448841942452,-0.688254770637662,-0.7547508867684247,-0.5800684848221791,0.1774560956032233,-0.2326233286213554,0.938647042600153,0.9619530738198633,1.076034148569343,-0.3016429809288939,-0.30967616699625444,1.2190170999664103,-1.581043396004845,0.41145213734583225,-0.5283182459846109,-0.18515912710818744,1.373067775140901,-0.8655566490247271,1.1055934004438075,0.9956453403289828,1.1970375724098694,-0.6054950697072731,-0.6419900427936454,-0.1501106422968933,-0.036085885137431224,-0.011869452828139773,-0.4731804494859649,-0.6887341225125848,0.8715907579359438,0.8362677228795907,-0.29516781785482743,-0.28820125025183646,-0.271704041919529,1.8039583128405572,-0.22034861237632358,0.18279382116073997,-0.3802219926067099,0.2510534542631032,0.15256082220384598,-0.2125807350890606,-0.30087958643572593,-0.300120745630685,1.5251246695528364,0.9492460377685576,1.519597291910748,-0.34698517339945323,0.1580861442728476,-0.051246980881487256,-0.5109558348158122,-0.5194529159041612
India,2010.0,-1.3849597921284258,-1.6669427271578223,1.8940591754329443,1.3429597248510277,1.4808222819064858,0.6441636433514863,-0.2762668761095641,0.065387645480355,-2.070583504546124,-1.5270140227581277,-1.8324337761953193,0.6503047487038901,0.7176154777554948,-0.7612856575910669,1.1883473254037857,0.6240651731245382,-0.9053936588090107,-0.2693790204846397,-0.8162181678478223,1.6368396720122238,-0.9572646974875831,-1.084769603529788,-0.7988906321425167,0.5321381695044058,0.24125978338842047,0.19414309737064975,-0.7969097782129976,-0.8043950298622847,0.5766453699704122,0.13769380587038316,-1.1473996894894323,-0.9862393583120077,7.261232441643219,8.286129320734679,6.74564937719015,-0.9868372972262658,-0.16107273765128308,-0.6765503089316597,1.0503553416150824,-0.7217463620756468,-0.659334642494839,-0.2036821798249881,-0.0057528155709079525,0.5350228943533386,-1.815755602779672,0.9615460466954963,-0.7904224979940013,-0.020420820029831536,0.1580861442728476,0.08772005736470798,-0.4895209242374229,-0.27523511288499325
Indonesia,2010.0,-1.5784653518552334,-1.500567662415093,0.7383515020680075,0.9591081666484409,0.8768765892797127,0.5342966574897473,-0.5585833918419653,-0.21966632974736783,-0.8602593726360509,-0.7906332249539882,-0.916148149491005,0.09242764636924676,0.15024878467274594,-0.6785739130638042,0.624666028125923,-0.9629392725093683,0.6472698057620481,0.7948541776359829,-1.191524329503032,0.6149794573892461,-0.7063765504418739,-0.8384046759675636,-0.5755699938709198,0.790691178416151,0.08066890590077216,0.1080796624537639,-0.2686944639121267,-0.4662507836610493,0.6050190407665301,0.10919629109855696,-0.6990524472747446,-0.6317809308517293,1.2036980025384696,1.5899429591057714,0.9147761802775866,-0.3608644501084737,-0.18785641452326657,-0.7092872281732749,-0.309868376548459,-0.7588054026980754,-0.6825316557719443,-0.21276062982118057,-0.29682283484878447,-0.29682968169198065,-0.049405028173250015,1.3305463145036744,0.570430744573647,-0.4014125656277235,-0.47795635432200057,-0.4482956615849016,-0.5300090886632696,-0.49581893496682233
Ireland,2010.0,1.401520267937603,0.2671674004764062,-0.7417653427677883,-0.6669296840708516,-0.7450098272099283,-0.45450621526590573,-0.01411582578662011,-0.28445132411730484,0.9137773686567956,1.0650463855124432,1.0937687090862005,-0.18121201593843247,-0.1806676594636252,1.4935084214782244,-0.47818868393946096,0.335518910282009,-0.06251920661329327,-0.2693790204846397,0.872659559600621,-0.7726602658771837,0.9383346357466674,0.8450889957076251,1.0155895538141984,-0.5796397688160986,-0.481399165305997,-0.23617407721377917,0.6278177667820126,0.5481819549426558,-0.12323850966717254,-0.2897689157070139,1.5426837637986925,1.2114028919417188,-0.27354466871473404,-0.25870809098638975,-0.2525039206335146,-0.717321210272772,-0.1389582151951916,0.5920053116809303,-0.20060300906316805,0.7328209823546746,0.5391777101556008,-0.212780222316758,-0.2795171811253255,-0.25932601900586594,0.3022665794406982,-0.15775476565597712,0.11300108320637067,0.5057106381767813,1.9072030154086794,1.3185709675452923,0.7374292349811259,-0.4721849540294835
Israel,2010.0,0.04698134984995021,-0.08637961210189384,-0.7863716038450314,-1.0241248840649257,-0.9495720779383514,-0.34463922940416636,0.23795249183159511,-0.07713934213350664,0.9303571512857008,1.374326320590182,1.2415567133933478,-0.15905843464202818,-0.1726285904716378,0.6901445778947771,0.5021266156742136,0.4342321054649801,-0.12906192652348128,-0.34594255991777795,0.43480237100287683,-0.7668542419304621,1.1055934004438075,0.9682714594887354,1.2249526521938194,-0.6054950697072731,0.5624415383637172,0.5383968370381929,0.4727453809322154,0.33155829721998975,0.10375085670177422,-0.09978548389483745,0.46607923949972996,0.4611325538174626,-0.2501407896454565,-0.24005800498029842,-0.22530374881166093,-0.2565356422555084,-0.13182656153256198,1.459533671583734,0.11595365408373227,1.8816512416499607,1.2118910951916542,-0.21276597322906535,-0.25385849432984514,-0.1853494114605934,0.47810238324767257,-0.2684548459984313,0.19305127394564367,-0.11113314041028201,0.2773441127593815,0.12742492543504927,1.9099982321767237,-0.40916100486324664
Italy,2010.0,0.7823024768118191,0.5999175299618648,-0.7093244256207023,-0.9121681795891711,-0.8424204227948917,0.4087343879334738,1.2159775641902701,1.0760335576513727,0.6485008465943136,0.4980331712032557,0.5912894944418992,0.8540195633803274,1.005725337436075,0.8629969822186275,-0.47818868393946096,0.5709119141798618,-0.9275745654457401,-0.20812818893812898,-0.2532589253650079,-0.801690385610791,1.1613463220095197,1.0914539232698475,1.1830800325178956,-0.5796397688160986,-0.5616946040498212,-0.752554686715094,0.5454355617993077,0.7066870703494847,-0.19890163179015433,-0.26127140093518775,0.3518506427571344,0.4138714301560923,-0.07066865178268139,-0.11520776145114889,0.13949855562261218,-0.07396022851281893,-0.1557959535511311,0.08458306343589436,1.1055943305666762,0.17693537301824602,0.0288434180592845,-0.2112537887976807,-0.2076673656926729,-0.04554248375678629,-1.0644571683316915,-1.5230557565462368,-1.5337456977158266,0.17914628480715944,-0.0009244803758645356,0.10757249139987862,-0.1517226112335454,-0.49581893496682233
Jamaica,2010.0,-0.6109375532211956,-0.4399266246801935,-0.4984584641646437,0.18074250695986152,-0.165416783479396,-0.7370213217675209,-0.36701147045212146,-0.6861182892109146,0.7396896510532918,0.13720658027922747,0.5085282120298962,-0.3026120467774077,-0.3100049759610448,-0.596146076126452,-1.2624409236304004,0.8898314678479197,-1.4820972313639755,-0.34594255991777795,1.0603126404282264,-0.10496751200421542,-0.16278556517617057,-0.24986623790225398,-0.05914101786785632,-0.05606992576981453,-0.5616946040498212,-0.5804278168813224,0.09960245248114176,-0.09376376245500202,-0.31712526010731384,-0.41325814638492836,0.43466637539551595,0.0032904183479362764,-0.2772333235680441,-0.271843699734866,-0.25948578291933805,-0.7694856141992545,-0.2209242615508856,-0.6519976195004482,-0.38316996604864323,-0.6939520816088254,-0.6206729536996635,-0.21253620669002102,-0.3012060794179018,-0.3004010285485417,0.06249048334027888,-0.31765488170618733,-0.12714948901144996,0.21543121295933984,-0.29906940159219947,-0.051246980881487256,-0.3775830578836115,3.6007377608385753
Kazakhstan,2010.0,-1.6171664638005947,-0.606301689422923,0.2922888912955759,0.3993246442696681,0.3508593731209102,0.0006570118755853255,-0.09477768742444906,-1.9429471799876927,-0.2592422523382407,-0.3635323622275876,-0.2777039708841281,-0.22229366125444733,-0.22635969768401965,-0.4036567301671245,0.8942527355196833,-0.7123596231987518,0.09274713984381285,0.7336033460894719,-0.7536671409052873,0.06340718245070713,-0.790005932790445,-0.5509789271449711,-1.0361688103060864,-0.4956100409197814,0.24125978338842047,0.19414309737064975,0.24982882627313238,0.26287274721036397,0.42531912572444724,0.2136871785952535,0.21763204158458457,0.18347345230691098,-0.13719163413720398,-0.2307019817679403,-0.19301263573972766,-0.37825258475063456,-0.21595129229286358,0.9602956531491016,0.47205226448720816,1.1219409088901746,0.9103299225892852,-0.1985881309748585,-0.28187891540760657,-0.28057779314851605,1.2054232080856107,0.5433457431795619,1.062167630543471,-0.3651276374755434,-0.5177090104841784,-0.4085907935145601,-0.5439020862603737,0.08715259482086889
Kyrgyzstan,2010.0,0.04698134984995021,-0.39833285849451133,0.4626037063177772,0.5805878800875564,0.5359395047323408,-1.4119185206324902,-0.49808699561359343,0.1042586421023173,-0.42089513297006576,-0.8127246488881122,-0.6501297417381395,-0.3078161757170531,-0.3152330385012113,-0.7836197213306939,-1.0173620987269818,-0.2036070018711357,-0.5504991526213402,0.4503182501868605,0.6850064787730162,0.5104710263482598,-0.7621294720075878,-0.5920397484053412,-0.938466031062264,-0.15949112933451262,0.0003734671569480985,0.6244602719550787,-0.0893920177732987,-0.10168901822534303,-0.5204699008128286,-0.6127407497877145,-0.3963466659068664,-0.3866138518583701,-0.23118873539913937,-0.26583353912825186,-0.24915844495489092,0.2998846662936403,-0.21211363112911671,-0.36554957613631506,-0.329348142882566,-0.30483215507332534,-0.41963217196475106,0.3236320272816962,0.16283351401052715,-0.28938410159988437,0.07847555641364039,0.6786458413758932,0.30740868928746296,-1.0182563442147867,-0.9549882282681363,-1.0041638145696816,-0.5431082006833963,-0.2988690938223321
Latvia,2010.0,-0.3013286576583035,-0.6478954556086052,-0.5876709863191301,-0.5229853497448814,-0.6086349933909796,0.34595325315533704,0.7118409289538397,0.36339861958206543,0.5490221508208832,0.32866558770830384,0.6267586154756142,-0.296946691560495,-0.30334008028417175,-0.285409218969396,-1.9976773983406564,-0.11248712939454758,0.8247170588558832,-0.12390829556167673,0.18459826323273684,-0.6855699066763618,-0.10703264361045652,0.18811585554169805,-0.4499521348431484,-0.4632909148058132,-1.8464216239510078,-0.8386181216319798,0.41943924829634793,0.632718016492965,-0.25564897338239034,-0.2232747145727519,0.37469636210565344,0.4168252503849278,-0.28868087311279944,-0.2829965750873459,-0.26283125859796175,-0.013101757265255877,-0.22012474880843835,0.4937945539560847,-0.30824148985573624,0.760615262821496,0.2994752396255128,0.3694820292047857,0.19769655670071154,-0.3001885560140375,0.1903710679271693,-0.7973552298568197,-0.3101213535583609,1.394691377905196,3.0202773879496627,2.311192669303828,-0.35059094826638043,-0.2988690938223321
Lebanon,2010.0,0.2017857976313964,-0.16956714447325819,-0.7539306866979454,-0.9068369079474686,-0.8375498930156436,-0.7213260380729866,0.11695969937485189,0.42818361395200244,0.9966762818013211,1.219686353051312,0.8750424627116221,-0.2833540097030501,-0.2943567712083902,-0.4608641095340928,1.0658079129520766,1.5808238341287109,0.6472698057620481,-1.7700243933741502,-1.9421366528134512,-0.48235906854111055,0.6177553367438164,0.46185466394416785,0.708523676190754,-0.5085376913653686,-0.481399165305997,-0.23617407721377917,0.4049012121229296,0.413452606846852,-0.0759490583403074,0.4416672967698658,0.3989699389134552,0.26618041871430964,-0.26947442887659884,-0.2614343494058848,-0.2504675441334828,-1.65628048094946,-0.19831404119447685,0.5920053116809303,-0.18442221458588734,0.6772324214210318,0.5778393989507761,-0.21271075801425623,-0.28671375774646235,-0.26404562168719475,-2.2873152584438303,-0.5021550156102764,-1.9225609098780128,0.3787133896441504,-0.3984510419976445,-0.21006645316285297,0.1725796469617164,-0.30674708746811175
Lithuania,2010.0,-0.030420874040772882,0.05919856954799455,-0.5552300691720441,-0.5443104363116918,-0.5988939338324831,0.8011164802968284,0.701758196249111,-0.31036532186528004,0.3915142158462849,0.3654846275985108,0.5262627725467537,-0.2899528574651767,-0.2951670061291755,-0.2651571442224461,-0.47818868393946096,0.4342321054649801,-0.3065091796173167,-0.28469172837126727,0.37225134406034155,-0.7029879785165261,-0.05127972204474245,0.31129831932280827,-0.4359945949511725,-0.5602482931477176,-1.9267170626948322,-0.752554686715094,0.3370570433136431,0.4953469164737127,-0.4542646689552191,-0.49875069070040834,0.5917306959165848,0.6176850259457521,-0.2665489439929391,-0.28250089173834675,-0.259631238383626,-0.2652297095765887,-0.21983692422115733,-0.3000757376530846,-0.3477614835690697,-0.26777311445089674,-0.3191117810972948,-0.2062292042500529,-0.2942917514028514,-0.2968658472297686,0.07847555641364039,-1.1663554976649981,-0.5502719257761816,1.068127024535574,2.7221324667333278,1.9737012907059261,-0.5510470564531702,-0.015261322574266106
Luxembourg,2010.0,-0.06912198598613425,0.5167299975905001,-0.7904267184884172,-1.0774376004819517,-0.9739247268345923,-1.03523171196367,-0.6594107188892513,-0.9063872700687005,1.1127347602036568,2.1033433104162795,1.643540085108789,-0.2779296942826348,-0.2833664866588412,4.415579972700524,0.03647684835771812,0.6772184320692136,0.18147076639073056,-0.6981348413102141,0.37225134406034155,-0.7668542419304621,0.9522728661380949,0.9135236978082426,0.9597593942463006,-0.5731759435933049,0.6427369771075413,-0.6664912517982081,1.0300367675799236,0.9761457665410944,-0.6150488034665562,-0.869218382734153,0.13481630894620264,0.07713592406882762,-0.29415025789529364,-0.28789144815871204,-0.271849497383817,-0.1869831036868648,-0.2098270246857175,1.909666311155943,-0.3471493671280866,2.196653086940603,1.807281102637356,-0.2124738669313656,-0.29494626303534405,-0.2857856305899823,-0.1373229300767372,-0.698955158441306,-0.44735025196854356,-0.6372645986168949,-0.7363486193761575,-0.6865248700069501,1.3554691566580206,-0.40916100486324664
Malawi,2010.0,-0.6883397771119186,-1.1054268836511107,2.141421168679474,2.201294459165146,2.2747186359239375,-1.0823175630472728,-2.081076030255985,-1.6967642013819324,-1.8716261129992626,-1.6742901823189555,-1.9329296191241796,-0.3077971623997721,-0.3138892645054832,-0.8025942119230465,0.796221205558316,0.844271531609625,-0.9053936588090107,-0.7134475491968418,-0.7536671409052873,2.3161444737786345,-2.4207788885875576,-2.480837526382383,-2.334220020259737,2.691055793917478,1.445691364545783,2.5178558401265656,-2.667470432526175,-2.76457495706007,3.3667229982553746,2.949448596690596,-2.1154870468829294,-1.981676775429623,-0.22190350076839338,-0.07834131236934049,-0.259922149312202,-0.11743056511822117,-0.07127146641960584,-0.5947080108276216,-0.3330526095969212,-0.6290987605195754,-0.5742789271454529,-0.21254867464175212,-0.277997615656881,-0.2745471897223737,1.5171321330161562,0.9738460556224365,1.4967258088423838,-0.5102673500842642,-0.6767196351328905,-0.5872626998310965,-0.5585889694344554,-0.2909911001765525
Malaysia,2010.0,-1.4236609040737873,-1.001442468186905,-0.4700726616609435,-0.30973448407677745,-0.37972009376631544,1.3504514096055245,0.32869708617415244,0.9464635689114986,0.159397259041613,0.16666181219139295,0.08289875962531178,-0.16834981346426595,-0.1599955018866834,-0.40479236052676654,0.9187606180100253,-0.11248712939454758,-0.7501273123519049,0.419692834413605,0.18459826323273684,-0.5868674995820968,0.08810258186954073,0.07862033218070859,0.15022208051176467,-0.4632909148058132,0.40185066087606897,-0.23617407721377917,-0.23477237950748345,-0.3922817298045295,-0.4164331078937275,-0.6602366077407587,-0.5020081178937674,-0.7587952006916623,-0.10386654546247183,-0.089680068977695,-0.11504850688136627,-1.0650839031159898,-0.03965873258324084,-0.013627694288951397,0.23507228832999724,-0.12880171211678962,0.09070212013156517,0.0009810289767570731,0.023530858727608475,0.06801278420518521,-0.6408527318876175,0.592545778887318,-0.13858523054563204,-0.9094015597582462,-0.8357302597816024,-0.8850492103586572,-0.5488638711164824,-0.4170389985090262
Maldives,2010.0,0.6274980290303729,0.495933114497659,-0.6647181645434591,-0.2724155825848593,-0.4138138022210527,1.2562797074383192,-1.0123063635547527,-0.3881073151092042,0.39565916150351094,1.227050161029354,0.7272544584044746,-0.30913238793914843,-0.316601628267867,-0.48627383883108366,0.8942527355196833,0.8063049180777134,-1.7039062977312696,-0.17750277316487376,-0.6911161139627523,-0.30237232619274507,0.5480641847866748,0.31129831932280827,0.8062264554345774,-0.23705703200803616,1.927463997008728,-0.06404720738000784,1.4516398166090596,0.8017901395935827,-0.0002859362173269321,0.18518966382342728,-0.6347988616070348,-0.6879035151996068,-0.29364147791552675,-0.2874577252283378,-0.27272223016954494,-1.360682192032725,-0.21967702167266787,0.5019787837664884,-0.3751680286754192,-0.04541887071632537,0.9335269358663906,-0.21277844118079642,-0.30006869381877993,-0.2970941421870551,-1.1603676067718594,-0.7112551673682445,-0.9848301040750944,0.7959900633942227,0.5158600497324494,0.6237357763143172,-0.2430194525859447,-0.43279498580058545
Malta,2010.0,0.43399246930356533,0.350354932847771,-0.7985369477751886,-1.061443785556844,-0.964183667276096,0.2988674020717347,0.5706826710876393,0.674366592557763,0.7728492163111019,1.1755035051830642,0.9105115837453371,-0.30581977740255156,-0.31260690954280085,0.19505705902249487,0.45311085069352985,0.3962654919330685,0.24801348630091855,-0.43781880723754385,0.997761613485691,-0.63912171510259,1.1195316308352352,0.98195839990886,1.1970375724098694,-0.5925674192616858,-0.1602174103307003,-0.8386181216319798,0.3806711518338988,0.6538520318805418,-0.25564897338239034,-0.4417556611567559,-0.027959441411996067,0.8067295205912342,-0.293514282920585,-0.2885110523449609,-0.2733040520266969,-1.1694127109689552,-0.20026485228604818,-0.0627330731513742,-0.38075998355462887,-0.06394839102753967,-0.04847995953106645,-0.21277487890887326,-0.28990087849302903,-0.27275699560186967,-1.4241213124823204,-0.6620551316604885,-1.3622095747030976,-0.2744153170950929,-0.15993510502457647,-0.19021401912768213,-0.4113231949051504,-0.48794094132104276
Mauritius,2010.0,-0.8818453368387262,-0.5855048063300815,-0.5146789227381867,-0.661598412429149,-0.6086349933909796,1.4289278280781954,0.5303517402687247,1.08899055652536,0.1469624220699343,0.5863988669397526,0.28980196565531824,-0.30498135144374244,-0.31200078433789485,-0.45613231636891755,0.18352414329976943,-2.0335977741092757,1.0021643119497186,2.693629955577813,-0.6911161139627523,-0.27334220645913776,0.03234966030382667,0.14705503428132602,-0.05914101786785632,-0.2693761581220043,-0.6419900427936454,-0.6664912517982081,0.25952085038874484,0.12550164719111173,-0.1421542901979183,-0.356263116841276,-0.07936230994616397,-0.1946155369840526,-0.28944404308244975,-0.28281069383147117,-0.2648676350979936,-0.4391110559981976,-0.22090827129603666,-0.5537868617756025,-0.3828706230296139,-0.5920397198971468,-0.5278849005912424,-0.21253620669002102,-0.3011976882431262,-0.3004236320096592,-0.6808154145710207,0.35884560927547277,-0.3444285781609064,0.7959900633942227,-0.5972143228085345,-0.031394546846316436,-0.5085741780848801,-0.361893042988569
Mexico,2010.0,-0.4561331054397494,-0.1487702613804171,-0.6606630499000734,-0.09648361840867355,-0.3504969150908265,0.7540306292132257,0.2782834226505094,0.4022696162040273,0.5117176399058465,0.06356850049881353,0.2365982841047452,0.31025218246660813,0.3380464739270697,-0.3801870360678554,0.3550793207321623,1.4061774118819175,-1.1272027251763048,-0.9890762911561396,0.3097003171178068,-0.05271329648372213,0.0602261210866837,0.07862033218070859,0.038561761375967195,-0.2952314590131788,0.24125978338842047,-0.06404720738000784,1.1124189725626286,0.6697025434212253,0.4915243575820568,0.48916315472290994,-0.7190424517046989,-0.8060563243530328,0.6732948736314728,0.6335219372119988,0.3149178455539253,0.4737660127152492,-0.21822190848141385,-0.6519976195004482,-0.13883142047368896,-0.6939520816088254,-0.6206729536996635,-0.2127713166369501,-0.2988382424630566,-0.29418959743345957,-0.6888079511077014,0.9738460556224365,-0.12714948901144996,-0.6191221345408047,-0.4183273700787334,-0.5078529636904138,0.23172412244653162,1.237339667104692
Mongolia,2010.0,-1.2301553443469797,-0.7102861048871286,0.4869343941780917,0.6978758562050137,0.604126921641815,-0.42311564787683725,-0.6190797880703367,-0.5306343027230658,-0.4664895351995546,-0.3856237861617116,-0.4373150155358475,-0.3066085234033039,-0.3137471942169229,-0.6991098954006646,0.6736817931066067,-4.957027016066471,-0.7833986723069989,5.733202471073402,-0.06560584453740315,0.27242404453267965,-0.9154500063132986,-0.6467875100858359,-1.1199140496579352,-0.204737905894068,0.1609643446445964,0.1080796624537639,-0.06031594542646202,-0.313029172101115,1.8629184460611068,1.9900322660391039,0.2404777609331036,-0.03215542439809165,-0.27405344869450093,-0.27308290810736374,-0.26079488209792995,-1.5867279423808167,-0.2209562420605835,-0.6683660791212559,-0.38513674524614827,-0.7402758823868612,-0.6206729536996635,-0.21231890810270782,-0.3008216110463676,-0.3004417147785532,0.21434867753721157,-0.8342552566376372,-0.2529426458874513,-0.49212488600817395,-0.08042979270022059,-0.24977132123319443,0.27300617244935566,0.12654256304976694
Mozambique,2010.0,-0.5722364412758338,-1.3341925976723636,2.6929167601799353,2.307919891999198,2.698454726718529,-1.6473477760505029,-1.6273530585431977,-1.9429471799876927,-2.281975733064664,-1.8731129977260732,-2.3349129908396207,-0.30411839217231273,-0.31131773024311343,-0.8022156684698325,0.6981896755969484,-0.002383950152003643,0.6472698057620477,-0.1736745961932165,0.43480237100287683,3.4134829997089913,-2.72741995719898,-2.8366979773055943,-2.599413278207257,1.4564651763638947,1.445691364545783,2.776046144877223,-3.152071638306791,-3.1344202263426713,0.12266663723252001,1.230098538790398,-2.2211484988698302,-2.1441368880155838,-0.22610093560147032,0.03696702669157627,-0.25803122827645814,1.482277821960581,-0.1264058651387695,-0.6110764704484292,-0.31013078595944593,-0.6476282808307897,-0.5897436026635232,-0.212780222316758,-0.2859936423839064,-0.28206510089004594,2.3483559328309433,1.0599461181110101,2.159998817824935,-1.0001138801386968,-0.8158539317005133,-0.9247540784289987,-0.4343458766374946,-0.2673571192392137
Namibia,2010.0,1.0919113723747107,0.16318298501220038,0.4139423305971482,0.6019129666543667,0.5164573856153479,-1.2549656836871486,-0.7400725805270799,-0.9841292633126251,-0.13489388262145244,-0.1647095468204698,-0.12400444640469467,-0.30565417754236246,-0.31120792045675894,-0.5706890288978094,0.5756502631452391,0.745558336426655,-1.8148108309149165,-0.08562652584510759,2.1862311253938547,1.003983061819584,-2.4765318101532707,-2.439776705122012,-2.4737954191794844,2.4906772120108758,0.3215552221322447,1.0547774465395077,-0.11362207806232949,-0.6775909375368213,0.7847189558086132,1.0686126217500476,0.5174821080338978,0.4522710931309557,-0.27990441846182035,-0.26484217243025365,-0.26246761993724177,0.4129075414676858,-0.19825008017508106,-0.31644419727389217,-0.36246932443330104,-0.3604207160069682,-0.2727177545430842,-0.2126163578082923,-0.2878610601885007,-0.2677028616960022,0.04650541026691793,-1.1294554708841806,-0.5274004427078174,2.791661111764133,2.563121842084616,2.827355954218267,-0.5442990290488624,0.6149781690881028
Nepal,2010.0,-0.9592475607294491,-1.3133957145795225,2.409058735142933,1.8494305308127743,2.2795891657031864,-0.2661628109314955,-1.6777667220668406,-0.7897742802028139,-2.398034211467,-1.7700196860334938,-2.3467360311841925,-0.2994233294695449,-0.3068136678197589,-0.7929886717977408,0.624666028125923,0.15327916532883382,0.8468979654926129,-0.39953703752097475,-0.6911161139627523,1.1433276365408993,-0.9712029278790126,-1.084769603529788,-0.8268057119264666,1.6309884573793227,-0.481399165305997,0.1080796624537639,-0.9519821640627948,-1.10555474913526,3.6977491575434214,3.6903839807580825,-1.3158868696847605,-1.240267897991874,-0.09280058090254169,0.013607948869993454,-0.11635760605995815,0.9606337826957543,-0.20597337326712167,-0.537418402154795,-0.23899665686969665,-0.5086568784966825,-0.5820112649044881,1.213143794448364,1.058615831990377,0.10549836412240593,-2.2313675026870654,-1.609155819034812,-2.4486050204503806,0.6508503507855019,0.4562310654891825,0.5244736061384636,-0.5744666809740031,-0.33038106840545056
Netherlands (Kingdom of the),2010.0,1.2854169321015183,0.7039019454260707,-0.745820457411174,-0.9334932661559816,-0.8765141312496288,-0.752716605462055,0.04638057044175133,-1.2173552430443981,0.9966762818013211,1.381690128568223,1.2711143142547774,0.14114712523687079,0.20699066529291563,1.5856364344041858,-0.5762202139008283,0.1836524561543625,0.6472698057620481,-0.3612552678044056,0.49735339794541156,-0.7668542419304621,0.9801493269209519,0.8450889957076251,1.085377253274072,-0.5861035940388922,-0.481399165305997,-0.49436438196443655,1.3934876719153855,1.8109393743503936,0.33074022307071965,0.2136871785952535,0.8801579026916387,0.8717135656256186,-0.1998987666434748,-0.2098832811099779,-0.17119431609652952,1.7257117069508332,-0.012251435772148463,0.18279382116073997,0.08400995728170704,0.27884773472992475,0.12936380892674065,-0.2090505236132016,-0.1637616879307314,0.03837964668017532,0.5740128216878405,-0.03475467638658437,0.36458739695837256,-0.5646947423125344,-0.5972143228085345,-0.5674102657959258,0.8580998426816886,-0.49581893496682233
New Zealand,2010.0,1.0532102604293494,1.3486053213041471,-0.6403874766831447,-1.1307503168989776,-0.6914339996381984,-0.2818580946260299,0.4396071459261673,0.07834464435434213,0.7645593249966498,0.7336750265005805,0.8513963820224781,-0.21705947900684175,-0.22730828052772614,0.77015920031789,-0.6742517438621959,0.6734217707160238,-0.9275745654457401,-0.3076607902012088,1.4356188020834357,-0.6971819545698046,1.0219640180952365,0.8861498169679952,1.1412074128419718,-0.5602482931477176,-0.1602174103307003,-0.1501106422968933,0.400055200065123,0.46364589339234724,-0.3123963149746277,-0.49875069070040834,1.6283552113556392,1.3236480606374732,-0.26514979904858016,-0.26849783712912206,-0.23664927502612398,0.9954100519800759,-0.21751833726806025,1.0585064108739473,-0.14458247397215837,1.270177071379889,0.9644562869025308,-0.212780222316758,-0.2973873320609576,-0.2900667261256321,0.805796381251579,0.32194558249465355,0.6847881599154662,-0.310700245247273,-0.2593167454300215,-0.24977132123319443,0.4464701710189144,-0.48794094132104276
Nicaragua,2010.0,0.3178891334674809,0.9534645425401644,-0.5187340373815724,1.0977212293327085,0.41904679003038453,0.785421196602294,-1.4761120679722686,-0.32332232073926714,0.3583546505884742,-0.8053608409100713,-0.3072615717455576,-0.30504636472218705,-0.3127731752080156,-0.7541879678433041,0.18352414329976943,-1.593185057139101,0.536365272578401,-0.9584508753828843,-0.12815687147993787,0.17372163743841484,-0.2464149475247397,-0.1951184762217612,-0.2964191960314252,0.008568326458121769,0.3215552221322447,0.19414309737064975,-0.3995367894728931,-0.7779775106278133,1.4656870549154506,1.4105827990119648,-0.6619281533334009,-1.0423619426598851,-0.2561189544077176,-0.2328086360011865,-0.2536675643478185,-0.12612463243930172,-0.2207803492572451,-0.6683660791212559,-0.3796398362953276,-0.7124816019200397,-0.6361376292177338,-0.21277309777291167,-0.30112216767014627,-0.30020663878293147,-0.5689199030574918,1.5396464662616425,0.22735849854818993,0.034006572198438875,-0.040677136538042565,-0.011542112811145786,0.6616131623797857,0.488930270755629
Norway,2010.0,0.7823024768118191,1.1406364903757353,-0.8188125209921173,-0.9441558094393867,-0.905737309925118,-0.7056307543784525,0.4799380767450816,-0.4528923094791412,1.0132560644302264,1.0724101934904842,1.1883530318427744,-0.09385563635743666,-0.052208821257041724,3.324097243289558,-0.7232675088428797,0.016599356613952173,0.5141843659416717,-0.14687735739161828,1.247965721255831,-0.8249144813976768,1.008025787703809,0.9135236978082426,1.085377253274072,-0.5990312444844794,0.1609643446445964,-0.4083009470475509,0.18683066952165248,0.16248617411937197,-0.5110120105474552,-0.6982332941031931,1.042933653049837,1.2379872740012394,-0.2723999137602585,-0.26378884531363056,-0.23955838431188373,1.5170540912449026,-0.02152578358453678,0.1582411317295285,-0.25379282846085466,0.20472965348506753,0.15256082220384598,-0.2071714251737307,-0.21597920572488702,-0.11849289416732549,0.8137889177882598,-0.2315548192176138,0.45607332923182764,-1.0363988082908768,-0.6965959632139794,-0.8651967763234866,-0.34463680643905004,-0.5194529159041612
Pakistan,2010.0,-1.7332697996366797,-1.7085364933435045,2.181972315113332,0.7245322144135267,1.086309369787384,0.0006570118755853255,-0.23593594529064946,-0.7249892858328769,-2.1949318742629123,-0.7022675292174914,-1.3299545615510178,-0.1699671720987792,-0.20469987242416043,-0.7804494199100265,-0.2086019765457005,-1.1565690015221173,1.3126970048639304,0.7604005848910704,-1.5042794642157067,3.105763730532754,-1.3057204572732912,-1.3174475906718857,-1.2176168289017586,0.8617932558668808,0.883623293339014,1.6572214909577079,-2.788620733971329,-2.5585183070311923,-2.5539163078679716,-1.4486678497612908,-1.8784627086420436,-1.6803871120883862,0.40287831438536376,0.872069548917818,0.3293179365184361,0.004286377376904953,-0.18747264840689187,-0.537418402154795,0.6292768259850416,-0.5735101995859325,-0.5201525628322072,3.7917602280637723,6.031846950912649,8.2916266114261,-2.3592480872739556,0.8631459752799824,-1.213544934758733,-1.4536754820409492,-1.3525147898899164,-1.4210649293082667,-0.5093680636618575,-0.031017309865825342
Paraguay,2010.0,-0.5335353293304725,0.6831050623332295,-0.08483677053929797,0.4579686323283966,0.2193550690812096,-0.43881093157137163,-0.0846949547197203,-0.14192433650344366,0.23815122652891252,-0.4445342499860426,-0.1476505270938382,-0.2927754150821771,-0.30129464036546655,-0.6013510486081448,1.8255522701526743,-0.12767377480731246,-0.5504991526213402,-1.0503271227026503,-1.191524329503032,0.27242404453267965,-0.26035317791616724,-0.23617929748213126,-0.2545465763555014,0.021495976903709028,0.1609643446445964,0.2802065322875356,-0.7193735852880992,-1.0157351837380568,-0.35022787603611794,-0.1852780282103174,-0.8247039036915996,-0.9448858751083086,-0.25471980946335865,-0.23807527158430197,-0.24144930534762757,-0.8390381527678982,-0.2208443102766409,-0.5046814829131797,-0.3478836485802871,-0.5364511589635039,-0.4892232117960669,-0.20950293214744387,-0.30106266661264697,-0.30001224901732115,0.12643077563372437,1.3428463234306147,0.6962239014496491,-0.4739824219320839,-0.7761012755383354,-0.6468200019366088,-0.4478419314461101,0.44166230888095137
Peru,2010.0,-0.8431442248933645,0.12158921882651783,0.20713148378447543,0.34068065621093946,0.27780142643218764,-0.18768639245882465,-0.3165978069284784,-0.37515031623521705,-0.13074893696422638,-0.12052669895222132,-0.11218140606012313,-0.21886083748600949,-0.2266816823118049,-0.5861619925479323,1.1393315604231022,-0.19601367916475382,2.6435514030676948,-0.6675094255369588,-1.128973302560497,-0.0759373922706081,-0.00946503087045789,-0.08562295286077173,0.08043438105189099,-0.1336358284433381,-0.24051284907452444,0.19414309737064975,0.33221103125583723,0.373826327995144,0.5104401381128025,0.33717640927316794,-0.21072519620014868,-0.3659371102565204,-0.07054145678773967,-0.056903007525129196,-0.14457596613182777,0.46507194539416863,-0.21675080503531086,-0.6847345387420635,-0.3622420406915014,-0.7402758823868612,-0.659334642494839,-0.212780222316758,-0.2990854007019,-0.2953152497971098,1.645012717603046,1.859446698362063,2.0113341778805705,-0.8005467753017056,-0.8754829159437805,-0.8453443422883159,-0.3232018958606606,0.008372658363072712
Poland,2010.0,-0.18522532182221874,-0.23195779375178185,-0.30381296128212815,-0.43768500347763983,-0.38946115332481185,0.7226400618241575,1.548707743446314,1.2963025385091584,0.15525231338438697,-0.3929875941397531,-0.06488924468183568,-0.06008369153673039,-0.02308751407353439,-0.24178208598648054,-0.18409409405535862,-0.4390000057689879,0.07056623320708351,0.4656309580734881,0.24714929017527157,-0.7029879785165261,0.3529289593066776,0.543976306464908,0.16417962040374057,-0.6054950697072731,-0.8025809202812937,-0.8386181216319798,-0.045777909253042995,0.009264562559437728,-0.8042066087740114,-0.8882167259153696,0.2633234802816226,0.3016262614603371,-0.1273976195266911,-0.1515785271839582,-0.05526631105900332,-0.1869831036868648,-0.1869769505065746,-0.578339551206814,-0.22336366786554898,-0.5920397198971468,-0.5820112649044881,-0.21142299671403117,-0.27309869525610286,-0.23017659554877004,-0.2572109781269469,-0.8834552923453951,-0.6417578580496366,0.2517161411115199,0.35684942508373757,0.3458016998219271,-0.46887989923601087,-0.48794094132104276
Portugal,2010.0,1.2080147082107957,0.37115181594061203,-0.37680502486307144,-0.5389791646699892,-0.4820012191305271,0.691249494435089,1.115150237142984,0.9075925722895364,0.23815122652891252,0.05620469252077204,0.22477524376017324,-0.1835365473092346,-0.17062719854632902,0.23806905889393754,-0.47818868393946096,1.2846842485797998,-1.1493836318130344,-0.8512619201764907,0.43480237100287683,-0.8365265292911197,0.8686434837895258,0.899836757388118,0.8062264554345774,-0.5602482931477176,-1.0434672365127662,-0.8386181216319798,0.778044140574004,0.9444447434597282,0.5009822478474304,0.6601482433538685,0.5032035334410734,0.3163953626045154,-0.2486144497061558,-0.24458111553991524,-0.22530374881166093,0.45637787807308805,-0.2198209339663084,-0.12820691163460463,-0.19226505333985158,-0.11027219180557539,-0.12580333712141747,-0.2127267882379105,-0.3004951180641918,-0.29876001727141305,0.3502217986607822,-0.5267550334641554,-0.047099298272176134,0.5964229585572317,0.4562310654891825,0.5840309082439759,-0.5494592852992155,-0.4721849540294835
Qatar,2010.0,-1.926775359363487,-1.4589738962294108,-0.8147574063487315,-1.0667750571985464,-0.9544426077175997,-1.019536428269136,3.6862470768487796,4.678079244619871,1.1376044341470148,-1.0925493520536855,-0.9220596696632909,-0.239089167074512,-0.24058223639688514,2.6302270935482652,3.1979936896118186,0.9126114359670664,1.1796115650435541,-1.2800177410020652,-0.12815687147993787,-0.5346132840616036,0.6456317975266734,0.543976306464908,0.889971694786427,-0.5602482931477176,2.8910092619346184,-0.23617407721377917,0.43882329652757285,1.060681828091403,-0.019201716748071376,-0.5082498622910167,0.3804077919427833,0.42568671107143463,-0.292115137976226,-0.28454558555296805,-0.2702494872766491,-1.9257965679029538,-0.2207163882378493,5.7071489431833085,-0.01312723980877879,4.531372646153604,5.882223101648851,-0.21064464029881905,-0.2993050969142052,-0.30026540778183686,-0.06539010124661096,2.9910475196404764,2.857579051410032,-1.072683736443057,-1.4717727583764504,-1.460769797378608,-0.5323907453942016,-0.5509648904872796
Republic of Korea,2010.0,-0.3787308815490263,0.16318298501220038,-0.5471198398852727,-0.8108740183968217,-0.7109161187551911,0.3930391042389397,0.49002080944981036,0.5836676004398512,0.49099291161971514,0.8146769142590354,0.650404696164758,0.46249242726812767,0.3915654062980208,0.2840620884594406,0.771713323067974,1.3833974437627707,-1.2159263517232224,-0.9278254596096289,-0.7536671409052873,-0.7842723137706266,0.9801493269209519,1.0503931020094774,0.8480990751105012,-0.5731759435933049,-0.481399165305997,-1.0107449914657514,0.23529079009971407,0.23117172412899772,-0.2651068636477639,-0.4322564895661463,0.13196059402763793,0.21005783436643202,-0.04421209283480243,-0.08521891883670306,0.012225024370622964,-0.6477686717041284,-0.20958717086298334,-0.5619710915860063,-0.15167372671630783,-0.6198340003639683,-0.5278849005912424,-0.2124631801155961,-0.29933255894074334,-0.2988775552692239,-0.12933039354005646,0.18664548429832223,-0.02422781520381277,-1.054541272366967,-0.7562249474572464,-0.904901644393828,1.7952817663034917,-0.48794094132104276
Republic of Moldova,2010.0,1.246715820156157,0.5167299975905001,0.17469056663738947,0.4739624472535044,0.3118951348869248,-0.046428839208017304,-0.15527408365282086,-0.2067093308733807,-0.1763433391937152,-0.4150790180738771,-0.2304118095058411,-0.3070869229994057,-0.3138799585913854,-0.7352607951826032,0.8452369705389996,-0.3478801332923998,-0.1734237397969403,0.4503182501868605,1.810924963738645,-0.13980365568454417,-0.6088089377018752,-0.3730487016833662,-0.8407632518184405,-0.5085376913653686,-2.64937601138925,-0.5804278168813224,0.5115134773946652,0.5059139241675015,0.04700351510953686,-0.004793767988749202,0.5174821080338978,0.4522710931309557,-0.2703647938411909,-0.2813236437844739,-0.26035851570506596,0.14339145451419222,-0.21967702167266787,-0.4555761040507569,-0.35584142059004775,-0.43453879725182537,-0.48149087403703184,-0.20916273517878137,-0.2977885827820428,-0.29982690063615786,-1.032487022184969,-3.2573570152446747,-2.2885046389718338,-0.5102673500842642,0.31709676892155936,-0.0710994149166579,-0.5371540588560659,0.0004946647172931294
Romania,2010.0,-0.41743199349438803,0.07999545264083564,0.495044623464863,0.4473060890449914,0.4823636771606108,1.303365558521922,0.8630819195247689,1.0371625610294104,-0.814664970406562,-1.1146407759878094,-1.0048209520752935,-0.21595241327483705,-0.21272219077077173,-0.42935036705402585,-1.8506301033986052,-0.378253424117929,0.40327983275802465,0.2971911713205839,-0.8162181678478223,-0.38946268539356704,0.03234966030382667,0.16074197470145069,-0.08705609765180419,-0.4826823904741941,-1.444944430231887,-0.6664912517982081,0.09960245248114176,0.12021814334421772,-0.5204699008128286,-0.5177490338816263,0.2718906250373172,0.3488873851217078,-0.18628890218471014,-0.23788939032842732,-0.13628500466741247,-0.9346728932997831,-0.21476801343404164,-0.6438133896900444,-0.34351566830606445,-0.6846873214532182,-0.6206729536996635,-0.2122102588090512,-0.2985987125649183,-0.29588033632504673,-0.4250542453972399,-0.8834552923453951,-0.7675510149256379,-0.4376974937799037,0.01895184770522439,-0.17036158509251148,-0.3418582069196292,-0.46430696038370395
Rwanda,2010.0,0.47269358124892674,-0.5231141570515583,2.6807514162497776,2.675777635276677,2.8348295605374774,-1.5217855064942294,-1.768511316409398,-1.8911191844917434,-2.306845407008022,-3.0586860821907376,-2.5240816363527694,-0.3073604694351254,-0.31441039569496226,-0.7968687421931845,0.8942527355196833,-0.6440197188413104,1.5788678845046835,0.14406409245430732,-0.06560584453740315,1.6194216001720592,-1.5705468347104299,-1.6869949820152204,-1.4409374671733535,1.870149990622687,1.2048050483143107,1.8293483607914796,-2.4833219743295407,-2.8755285378448505,4.303054134527279,3.8138732114359986,-1.9755570158732496,-1.9285080113105808,-0.25879004930149385,-0.14761306039196537,-0.2564312181692903,2.9689633338653367,-0.21633505840923828,-0.36554957613631506,-0.2790264893402035,-0.3789502363181825,-0.35777346989247033,-0.21277844118079642,-0.21627365967610165,-0.05005865528805782,0.22234121407389174,-0.3791549263408837,-0.06997078134054031,0.7415626711659523,0.7344996586244282,0.8024076826308537,-0.5050016929884819,-0.34613705569700975
Saint Lucia,2010.0,-0.72704088905728,-0.8558642865370168,-0.5187340373815724,-0.24575922437634634,-0.4138138022210527,-0.5015920663495081,0.18753882830795207,-0.14192433650344366,0.7023851401382557,0.3360293956863448,0.6326701356479005,-0.3099726538964041,-0.31728468236264845,-0.41345154201903717,-0.7722832738235633,1.0796645355074779,0.6029079924885891,-0.6904784873669003,-0.7536671409052873,-0.02948920069683636,-0.14884733478474108,-0.1129968337010191,-0.15684379711167784,-0.15302730411171897,-0.24051284907452444,-0.752554686715094,-0.11362207806232949,0.09380062410974623,-0.4826383397513371,-0.32776560206944977,0.17194060288754612,0.09485884544184137,-0.2955494028396526,-0.28888281485671025,-0.2740313293481368,-0.9607550952630245,-0.22087629078633877,-0.29189150784268075,-0.38694778342512465,-0.2770378746065039,-0.29591476782018955,-0.212780222316758,-0.30122743877187586,-0.3004869217007881,0.7498486254948143,0.16204546644444334,0.5933022276420111,1.7756831235030877,1.6885634065167003,1.8347342524597312,4.76203216746798,1.4579234891865211
Saint Vincent & Grenadines,2010.0,-0.9979486726748107,-0.606301689422923,-0.5836158716757442,-0.24575922437634634,-0.42355486177954904,-0.6899354706839184,0.3488625515836096,0.05243064660636741,0.7935739445972333,0.2034808520815999,0.5439973330636121,-0.31059396003852086,-0.3177605247701847,-0.5131031060776271,-1.9976773983406564,2.06679648733718,0.2701943929376479,-1.3489249264918899,0.05949620934766685,-0.012071128856671928,0.1299172730438253,0.14705503428132602,0.16417962040374057,-0.3340144103499406,-1.2843535527442387,-0.23617407721377917,1.005806707290893,1.3248570204361179,0.15104030802863802,0.5366590126759541,0.42609923063982136,-0.12667767172083264,-0.29580379282953606,-0.28919261694983467,-0.27432224027671276,-0.039183959228497274,-0.22090827129603666,-0.3737338059467188,-0.38810512256944774,-0.36968547616257535,-0.36550580765150537,-0.21272767880589127,-0.30122743877187586,-0.3004756199702294,0.13442331217040512,0.518745725325683,0.36458739695837256,1.612400946818277,2.48361652976026,2.2119304991279747,4.171381298196806,1.237339667104692
San Marino,2010.0,-0.22392643376758045,2.263668177389158,-0.8107022917053459,-1.1307503168989776,-1.0128889650685777,1.1307174378820457,1.9318515862260015,1.8145824934686543,0.565601933449788,0.27711893186201386,0.45532453047932364,-0.30989046729912506,-0.316880185296529,2.377691292322864,-2.0221852808309984,2.173103005226532,-0.6503132324866225,-1.4561138816982833,-1.3166263833881018,-0.8133024335042339,1.2449757043580907,1.0640800424296002,1.3784855910055427,-0.6054950697072731,0.883623293339014,-0.752554686715094,0.10929447659675352,0.08587536833940447,-0.5204699008128286,-0.7029828798984986,1.0829136619097457,1.09472699290271,-0.29669415779412817,-0.28993614197333334,-0.27475860666957674,-0.47388732528251953,-0.21886151867537165,0.559268392439315,-0.3880247984288799,0.30664201519674605,0.1757578354809512,-0.21257539168117587,-0.30071710277870856,-0.3000732783623383,1.6290276445296856,1.0660961225744812,1.651108319553841,-0.23813038894291272,-1.0742461967546704,-0.6865248700069501,-0.4954750660647533,-0.5667208777788388
Sao Tome and Principe,2010.0,-0.030420874040772882,-1.4589738962294108,-0.2551515855614992,0.28736793979391345,0.09759182460000534,-1.1764892652144776,-0.19560501447173514,-0.29740832299129244,0.6070513900220508,-0.1499819308643868,0.08881027979759776,-0.31088774645715256,-0.31808499097506265,-0.773682955683826,0.7472054405776323,-0.08211383856901892,0.048385326570353784,0.4464900732152035,3.1244965295318785,0.5685312658154744,-1.194214614141865,-1.1942651268907756,-1.13387158954991,0.4093254902713268,0.883623293339014,2.0014752306252515,-1.0585944293345304,-1.4489824991833895,1.096829334565914,1.0211167637970036,-1.9926913053846391,-1.869431606733868,-0.2956765978345943,-0.2879534085773369,-0.27475860666957674,-1.2911296534640813,-0.22090827129603666,-0.5947080108276216,-0.38858784224379267,-0.6290987605195754,-0.5742789271454529,-0.21277309777291167,-0.3012289644400169,-0.30047788031634115,-1.1124123875517753,0.026745368248112005,-0.8132939810623655,2.4650967583945116,0.5953653620568053,1.338423401580463,-0.5820085939552883,-0.30674708746811175
Senegal,2010.0,-1.1140520085108951,-1.1886144160224754,0.6491389799135214,0.9431143517233329,0.8330418212664792,-0.2818580946260299,-0.5485006591372364,-0.27149432524331774,-0.5535333940013064,-0.9231817685587331,-0.8333868670790024,-0.3021115671999474,-0.30821513848289356,-0.7641720514218238,-0.06155468160364931,0.41145213734583225,0.026204419933624448,-0.3765679756910332,0.3097003171178068,1.3349264267827075,-1.277843996490436,-1.399569233192628,-1.147829129441885,2.2838348048814794,1.2851004870581348,2.345728970292794,-1.4317373577856047,-1.3353871664751618,-1.721621964515168,-2.332090807687911,-1.625731938349051,-1.2107296957035174,-0.19430218686603887,-0.18503715324139777,-0.2269037589188288,0.04775671398230718,-0.18616144750927838,-0.5537868617756025,-0.32314252190049725,-0.6013044800527539,-0.5201525628322072,-0.21028663197054073,-0.2642406660294077,-0.207044213441146,-1.4161287759456402,-0.9941553726878484,-1.5566171807841906,0.9411297760029437,0.11833348811066938,0.4649163040329513,-0.5724819670315596,-0.33432006522834035
Serbia,2010.0,1.014509148483988,0.5167299975905001,0.03276155411888849,0.09011088905091738,0.05862758636601994,0.7069447781296231,0.6311790673160111,0.065387645480355,-0.18463323050816788,-0.45926186594212554,-0.3309076524347011,-0.28776203264815686,-0.29226294053637625,-0.5664304150491517,-0.7232675088428797,1.2846842485797998,0.8136266055375186,-1.5250210671881077,-0.5034630331351476,-0.6449277390493114,0.08810258186954073,0.10599421302095595,0.052519301267943116,-0.5343929922565431,-1.2040581140004147,-0.8386181216319798,0.14321656100139676,0.13078515103800648,-0.8514960601008752,-0.9642100986402412,-0.019392296656301076,-0.08237036828829784,-0.2581540743267852,-0.2725252643397398,-0.23315834388321227,-0.04787802654957753,-0.21763026905200286,0.03547768457347141,-0.17587737900213732,0.1676706128626389,-0.04847995953106645,0.21257107553310153,0.17572693547018967,0.032263150101786556,-0.7847183895478689,-1.5845558011809333,-1.3622095747030976,2.1022474768727095,2.165595280462836,2.251635367198316,-0.5097650064503462,-0.43279498580058545
Singapore,2010.0,-1.4236609040737873,-0.04478584591621128,-0.8025920624185744,-1.0881001437653568,-0.9836657863930888,0.8325070476858967,0.16737336289849494,0.42818361395200244,0.6319210639654088,1.5068748641949268,1.0582995880524846,-0.15924366115231373,-0.16943169878189318,1.372563788176346,2.707836039804981,0.5253519779415672,0.048385326570353784,-0.4684442230107991,-1.003871248675427,-0.8597506250780056,1.1055934004438075,1.0230192211692302,1.1551649527339458,-0.5731759435933049,1.2048050483143107,-1.0107449914657514,0.48728341710563444,0.4028855991530625,0.11793769209983256,-0.0950358980995333,0.447517092529058,0.45374800324537345,-0.24759688974662197,-0.27370251229361264,-0.22261282272233315,0.10861518522987024,-0.12370351206929772,2.7362735220067274,0.1698312650773422,3.790191833705032,2.0779129242035843,-0.212780222316758,-0.30122743877187586,-0.3004643182396707,0.5100725293943951,0.875445984206921,0.8105813167914684,-0.7642618471495254,-0.7164722912950685,-0.7460821721124623,-0.5490623425107267,-0.5352089031957203
Slovakia,2010.0,0.3178891334674809,0.37115181594061203,-0.745820457411174,-0.9174994512308736,-0.8716436014703808,1.5074042465508661,2.3754918252340604,2.177378461940302,0.40394905281796356,-0.3414409382934631,0.11836788065902724,-0.26283741369125546,-0.26170542061043556,-0.026390861107704965,0.7472054405776323,-0.7731062048498102,0.7138125256722361,0.5804762672231956,-0.44091200619261256,-0.6565397869427544,0.24142311617525145,0.366046081003303,0.09439192094386692,-0.5925674192616858,-0.8025809202812937,-0.8386181216319798,-0.1330061262935544,-0.11753952976602577,-0.34076998577074574,-0.41325814638492836,0.15480631337615694,0.10667412635718415,-0.26120675420538664,-0.2769244540621068,-0.23577654224039604,-0.3608644501084737,-0.21670283427076403,-0.4964972531027759,-0.35149436075114987,-0.49939211834107533,-0.4892232117960669,-0.21115938859171676,-0.29873754836575006,-0.29841192397020394,-0.05739756470993077,-0.4529549799025204,-0.2986856120241788,1.0862694886116642,1.330789501057098,1.2987185335101217,-0.4033843391353766,-0.44067297944636513
Slovenia,2010.0,0.6661991409757343,0.2671674004764062,-0.47412777630432923,-0.6669296840708516,-0.5988939338324831,1.4289278280781954,0.6715099981349254,0.8428075779195994,0.14281747641270826,-0.15734573884242828,0.053341158763882277,-0.2851553681822178,-0.28832840005580945,0.2827371863731915,-0.5762202139008283,0.2140257469798922,-0.06251920661329327,-0.14687735739161828,0.49735339794541156,-0.8423325532378412,0.8268287926152412,0.8450889957076251,0.7643538357586537,-0.5861035940388922,-0.40110372656217286,-0.6664912517982081,0.0705263801343044,0.030398577947014477,-0.4826383397513371,-0.6412382645595407,0.3489949278385693,0.4463634526732843,-0.28982562806727497,-0.2834302980177201,-0.26283125859796175,-0.6738508736673697,-0.21903741147871006,0.2973730385063933,-0.32373810861480407,0.20472965348506753,0.4154603060110392,-0.20544550442695603,-0.2942902257347104,-0.2990764657270577,0.14241584870708532,-0.7604552030760023,-0.27581412895581464,-0.292557781171183,-0.02080080845695346,-0.13065671702217002,-0.1608522953687854,-0.5115749222583815
South Africa,2010.0,0.35659024541284223,0.6207144130547059,-0.06861631196575506,-0.34172211392699314,-0.21899261105112577,-0.09351469029161966,-0.1048604201291778,0.16904363647225434,0.13452758509825558,0.38757605153263475,0.24842132444931675,-0.120019800934494,-0.05927697321148781,-0.4435930644812033,-0.15958621156501673,0.5253519779415672,0.048385326570353784,-0.4684442230107991,0.24714929017527157,1.050431253393356,-2.0723231288018495,-2.0839162541988023,-2.082984302204191,0.790691178416151,0.08066890590077216,0.022016227536878027,0.3806711518338988,0.29985727413862423,-0.17998585125940855,0.052201261554903206,0.13481630894620264,-0.05873980645761228,-0.04103221796125928,0.14514991761063087,0.11477112669365429,1.9430633899778444,2.5245865057581867,-0.3819180357571227,0.1569192240503075,-0.4530683175630396,-0.3191117810972948,-0.21254333123386737,0.0492612519257162,-0.03875240403709677,-0.361113953103795,-1.1417554798111191,-0.8476012056649109,2.954943288448944,2.821514107138773,3.0457327286051448,0.7175820955566913,1.8518231714755016
Spain,2010.0,0.8597047007025419,0.7454957116117528,-0.7214897695508595,-0.8535241915304427,-0.8229383036778991,-0.31324866201509816,0.5404344729734534,0.3374846218340902,0.8516031837984014,0.7778578743688285,0.898688543400766,0.42290302069226093,0.563200583947216,0.6184579114423727,-0.8458069212945889,0.335518910282009,0.40327983275802465,-0.42250609935091626,0.12204723629020213,-0.801690385610791,1.1474080916180922,1.159888625370465,1.113292333058022,-0.5990312444844794,-0.5616946040498212,-0.8386181216319798,0.8895024179035455,0.9761457665410944,-0.09486483887105453,-0.17577885661970777,1.3342165747434562,1.0991577232459635,-0.04103221796125928,-0.12146576373226259,-0.10413934705976718,1.2562320716124893,-0.17760666116509258,0.37921533661043133,1.2327102532005376,0.4178191370640319,0.3922632927339339,-0.2127267882379105,-0.2912251584394244,-0.28322691879148415,0.014535264120195472,-0.5267550334641554,-0.2643783874216334,2.1022474768727095,2.4041112174359043,2.3906024054445107,-0.3684533737483716,-0.49581893496682233
Sri Lanka,2010.0,-1.1527531204562567,-0.6894892217942875,0.6572492092002927,0.3566744711360473,0.47749314738136256,2.182301445415835,-0.1855222817670064,0.5836676004398512,-1.2167246991575107,-0.23098381862284223,-0.797917746045287,-0.2743791106136181,-0.28301472310594283,-0.6950878712102657,1.0658079129520766,0.6316584958309202,1.2461542849537421,-1.019701706929395,-1.879585625870916,-0.4242988290738959,-0.07915618282759948,0.14705503428132602,-0.2545465763555014,-0.38572501213228966,-0.1602174103307003,-0.1501106422968933,0.0705263801343044,0.24173873182278646,-0.6055909132011827,-0.5272482054722345,0.3033034891415312,0.1716581713915686,-0.13337578428895222,-0.1834261823571507,-0.09468474188104799,-1.421540663280288,-0.21876557714627798,-0.7011029983628712,-0.37922297725070864,-0.7495406425424683,-0.6747993180129093,0.5618393696479486,0.3628302992790445,-0.2994878487193957,-1.4001437028722787,0.3342455914215939,-0.950522879472549,-0.20184546079073248,-0.7959776036194244,-0.6071151338662673,0.658834562860365,-0.27523511288499325
Sweden,2010.0,0.5500958051396502,0.5167299975905001,-0.8188125209921173,-0.9868059825730073,-0.9252194290421106,-0.7684118891565892,0.4396071459261673,-0.051225344385531925,0.992531336144095,1.160775889226981,1.2001760721873465,-0.032824727883978645,-0.010607662874057748,1.675729776269122,0.5756502631452391,-0.30991351976048814,-0.7501273123519049,0.6187580369397647,1.122863667370761,-0.8365265292911197,1.0777169396609505,0.9545845190686126,1.1830800325178956,-0.5925674192616858,-0.1602174103307003,-0.32223751213066504,0.026912271614049382,0.009264562559437728,-0.3218542052399999,-0.4322564895661463,0.329004923408615,0.431594351529106,-0.2539566394937083,-0.25437086168264755,-0.21759460920439758,2.1082506690783727,0.07700616679466463,0.4446891750936617,-0.04391359746648098,0.5845848198649604,0.38453095497489886,-0.19578106069940246,-0.13218035741185621,0.07304431464993516,0.5979904312978822,-0.4898550066833379,0.1816155324114624,-0.020420820029831536,0.2375914565972033,0.14727735947021992,-0.34543069201602744,-0.48794094132104276
Switzerland,2010.0,1.1693135962654342,-0.23195779375178185,-0.7093244256207023,-0.9334932661559816,-0.8570320121326362,-0.12490525768068818,0.5807654037923681,0.15608663759826674,0.7935739445972333,0.9840444977539878,0.9637152652959106,0.08262474797886941,0.05615978920085156,2.825224289885136,-0.0860625640939912,0.6088785277117734,-0.08470011325002261,-0.5373514085006237,0.05949620934766685,-0.7610482179837407,1.1892227827923767,1.077766982849725,1.2528677319777692,-0.5731759435933049,0.08066890590077216,-0.752554686715094,0.7828901526318098,0.6538520318805418,-0.1894437415247821,-0.29926808729762355,-0.1421880381545916,0.10667412635718415,-0.2599348042559694,-0.25951357642851325,-0.22894013541886063,0.5954829552103753,-0.01444210068645398,1.459533671583734,0.1466865484067157,1.733415079160246,1.3278761615771806,-0.21255579918559844,-0.20686638991864348,-0.07982741357977255,0.6779157966646886,0.34654560034853243,0.6161737107103753,-0.6191221345408047,-0.5972143228085345,-0.6071151338662673,-0.5573981410689893,-0.5115749222583815
Tajikistan,2010.0,-0.4561331054397494,-1.3757863638580459,1.98327169758743,1.1510339457497345,1.519786520140471,-1.0038411445746018,-0.49808699561359343,-0.5824622982190153,-1.726553014996343,-1.0999131600317271,-1.5250347272364528,-0.3072519095267792,-0.31470694415754674,-0.7899603241720287,0.6981896755969484,-0.002383950152003643,0.6472698057620477,-0.1736745961932165,-0.44091200619261256,1.1317155886474564,-0.845758854356157,-0.8384046759675636,-0.7849330922505408,-0.4180441382462578,0.8033278545951898,0.9687140116226217,-0.1960042830450343,0.09380062410974623,-0.4164331078937275,-0.337264773660058,-1.1359768298151727,-0.43978261597741175,-0.19175828696720434,-0.24780305730840943,-0.24494023649053928,-0.40433478671387596,-0.1944923702855789,-0.41465495499873783,-0.3170172250589964,-0.3789502363181825,-0.4428291852418563,-0.20861770757453674,-0.29036773294417767,-0.2863416757334722,-1.7678003835595884,-1.9166560422082939,-2.1855829651641967,0.1972887488832495,0.7941286428676954,0.6038833422791465,-0.29620978624342953,-0.3776490302801282
Thailand,2010.0,-1.3462586801830643,0.6831050623332295,0.6450838652701356,0.9857645248569539,0.8330418212664792,1.0522410194093748,-0.3770942031568502,0.05243064660636741,-0.9017088292083136,-0.9600008084489401,-0.975263351213864,-0.09823728599147631,-0.10658762009063322,-0.5885752070621717,0.9432685005003671,-1.236298889939132,-1.2602881649966813,1.7289293587202699,-0.7536671409052873,-0.31398437408618807,0.32505249852382057,0.5302893660447853,0.15022208051176467,-0.3986526625778769,-0.40110372656217286,-0.6664912517982081,0.1141404886545601,0.056816097181485975,-0.7852908282432657,-0.8407208679623255,-0.40205809574399626,-0.693811155657278,0.05907024305787892,0.028850211851715924,0.017315965620702534,-0.7694856141992545,-0.05707212011374235,-0.324628427084296,0.4460809645549277,-0.33262643554014676,-0.31137944333825973,0.7534931613862857,0.6895765423662629,0.13654195762114626,0.9736396485218727,1.0476461091840714,1.1422178212827432,-1.4536754820409492,-1.3723911179710053,-1.4409173633434376,-0.5292152030862921,-0.14130922090673986
Timor-Leste,2010.0,-0.14652420987685735,-1.7501302595291868,1.265516405708154,1.3056408233591097,1.3347063885290407,-0.9567552934909992,-1.4055329390391682,-1.4246672250281966,-1.009477416296197,-0.6507208733712019,-0.916148149491005,-0.31024926699620137,-0.317660020897928,-0.786648068956406,1.4579340327975463,-2.231024164475217,0.15928985975400084,2.2419050729222967,4.000210906727368,1.758766174893374,-1.1802763837504375,-1.3037606502517631,-1.0082537305221377,1.8055117383947508,0.883623293339014,2.087538665542137,-1.0779784775657553,-1.264059864542089,1.3805660425270967,1.885541378542406,-1.0560168120953557,-0.9862393583120077,-0.2890624580976246,-0.27580916652685883,-0.26894038809805726,0.6128710898525361,-0.22090827129603666,-0.6274449300692369,-0.38630467374662336,-0.666157801142004,-0.6052082781815934,-0.21277309777291167,-0.3012304901081579,-0.3004914423930116,0.8457590639349822,0.1989454932252608,0.6962239014496491,-0.8368317034538858,-0.9549882282681363,-0.904901644393828,2.4867561038507944,-0.2831131065307729
Tunisia,2010.0,-0.49483421738511113,0.39194869903345314,-0.0037344776715831293,-0.23509668109294118,-0.1556757239208997,3.3123618714222958,0.7219236616585685,1.5554425159889063,-0.8395346443499195,-0.08370765906201434,-0.5378108584647076,-0.2868064601215844,-0.2908782205186176,-0.6336691959262915,-0.037046799113307424,0.3051456194564793,0.31455620621110697,-0.2502381356263551,0.8101085326580862,-0.08174341621732954,0.22748488578382392,0.28392443848256094,0.22000977997163831,-0.34047823557273427,0.0003734671569480985,-0.23617407721377917,0.6908159235334925,0.9127437203783627,0.2267034301516198,0.10919629109855696,-0.09649659945755315,-0.5402125037578241,-0.22266667073804372,-0.22624083162694836,-0.19053989284683187,0.4737660127152492,-0.2206044564539067,-0.6847345387420635,-0.3781348563368428,-0.7310111222312539,-0.659334642494839,-0.21277666004483484,-0.30106266661264697,-0.3000936214773441,-2.127464527710217,-0.2315548192176138,-1.682410337660192,1.8663954438835382,0.6748706743811614,1.0406368910529022,-0.2928357725412757,-0.361893042988569
Türkiye,2010.0,-0.72704088905728,-0.04478584591621128,0.7707924192150937,-0.22443413780953603,0.12681500327549425,0.691249494435089,0.39927621510725264,0.7521085858016876,-0.934868394466124,0.14457038825726898,-0.44913805588041905,0.06564585564696575,0.16381866861021624,-0.32269574911097665,1.163839442913444,0.062159292852245696,1.5123251645944953,-0.5373514085006237,-0.5660140600776826,-0.09916148805749388,0.18567019460953738,0.22917667680206813,0.12230700072781678,-0.4826823904741941,0.1609643446445964,-0.23617407721377917,0.09475644042333518,0.27343975490415273,-0.3786015468322373,-0.4037589747943201,-0.5734009908578895,-0.25073812133192974,0.19822156752412695,0.1210473147655494,0.2544083724101225,-1.1346364416846335,-0.11359767100476426,-0.5619710915860063,-0.034477448027105236,-0.5827749597415397,-0.5510819138683477,-0.2108476897984396,-0.27403087849025903,-0.25514437869913303,-1.9676137969766043,-0.2438548281445524,-1.5451814392500087,0.5057106381767813,0.5754890339757165,0.564178474208805,0.6159647417035862,-0.23584514465609518
Uganda,2010.0,-0.030420874040772882,-0.8350674034441757,2.254964378694275,2.430539139758358,2.4451871781976235,-1.0823175630472728,-1.6576012566573834,-1.6708502036339574,-1.9835396457443721,-2.020389157286901,-2.151655865498758,-0.29655661188982746,-0.29916048406569523,-0.7800708764568125,3.9822459293027577,-2.4056705867220103,0.9799834053129892,2.134716117715903,-1.879585625870916,2.02003725249584,-2.323211275847559,-2.4260897647018895,-2.2086021612319637,1.7796564375035764,1.445691364545783,3.206363319461652,-1.3978152733809615,-0.8757223317953575,1.6832185310190253,1.4485794853744007,-0.7119031644082865,-0.44273643620624725,-0.19239426194191298,0.2288584431728547,-0.22624920932953285,0.8128346382373864,0.11168902956202714,-0.5947080108276216,-0.2619727186728286,-0.6290987605195754,-0.5742789271454529,0.5669547921296171,0.605588511203747,0.31341856155761255,1.1095127696454439,0.43264566283710776,0.9706816982700144,-0.7824043112256156,-0.8953592440248694,-0.8453443422883159,-0.2997822713398278,0.20532249950756307
Ukraine,2010.0,-0.030420874040772882,-0.751879871072811,-0.21054532448425603,-0.20844032288442818,-0.23360420038887034,0.8168117639913622,1.1252329698477128,0.8557645767935864,0.035048889324824695,-0.4224428260519186,-0.0589777245095497,-0.24838974588898252,-0.2338261427618533,-0.6841101110670592,-0.821299038804247,-0.6326297347817376,-0.5615896059397049,0.8790740710124351,1.6858229098535757,-0.49977714038127485,-0.441550173004737,-0.15405765496138918,-0.7430604725746169,-0.5150015165881623,-1.2040581140004147,-0.8386181216319798,0.36613311566048046,0.35797581645446125,-0.5204699008128286,-0.7362299804656289,-0.3192423631056144,-0.06760126714411958,-0.005672009367459514,-0.19464101812825543,-0.1521396502748031,-1.2302711822165182,-0.17330528261072628,0.14187267210872095,0.8552913947083362,0.26031821441871034,0.06750510685445997,-0.14090069945108322,-0.2305081434317106,-0.2868344311858332,0.03052033719355642,-1.215555533372755,-0.6074506334470912,-0.310700245247273,0.3767257531648265,0.04801518929436633,-0.5470776285682832,-0.22008915736453596
United Kingdom,2010.0,1.2080147082107957,1.2446209058399411,-0.7944818331318028,-1.061443785556844,-0.9690541970553442,-1.3805279532434218,0.3085316207646953,-0.14192433650344366,1.0174010100874524,1.3669625126121399,1.2947603949439206,1.320670156068075,1.2274412223942062,1.053404339185278,-0.30663350650706794,-0.6364263961349285,0.536365272578401,0.5039127277900572,0.6224554518304816,-0.7320180982501334,0.9243964053552398,0.7903412340271304,1.0295470937061744,-0.5602482931477176,-0.24051284907452444,-0.4083009470475509,0.6181257426664002,0.844058170368737,-0.02865960701344494,-0.1377821702572733,0.3432834980014394,0.29867244123150166,0.015823944777692146,-0.016071091651327942,0.17324422333742534,-0.23045344029226703,0.016962759836874737,0.19916228078154752,1.4495601215897194,0.2881124948855318,0.16802549772191613,-0.2123741233175169,0.08515106927479926,0.7761068899401047,0.3662068717341437,-0.3053548727792488,0.0901296001380065,-0.310700245247273,0.21771512851611435,-0.011542112811145786,0.9083131054255081,-0.4721849540294835
United Rep. of Tanzania,2010.0,-0.649638665166557,-0.7934736372584934,2.1779172004699463,2.409214053191547,2.3964818804051418,-1.3334421021598195,-1.8088422472283125,-1.8781621856177557,-1.8384665477414524,-1.8731129977260732,-1.9920448208470387,-0.2898749641976063,-0.2986319081449379,-0.7909540007367154,0.6736817931066067,-0.2036070018711357,0.613998445806954,0.0407033142195705,-0.12815687147993787,1.8864987017212467,-1.9050643641047094,-2.001794611678061,-1.7619608846887729,2.51653251290205,1.3653959258019588,2.5178558401265656,-2.764390673682298,-2.637770864734607,-0.07594905834030874,-0.41325814638492836,-2.2896856569153874,-2.247520596024832,-0.08453290623132952,0.23158470159234978,-0.2520675542406507,0.7432820996687428,-0.20103238451879757,-0.6601818493108521,-0.309258842877269,-0.7032168417644326,-0.6361376292177338,0.07802228385910165,0.11649286989553612,0.193552407251642,2.588132028931363,2.1423469036816676,2.8232718268074866,-0.9275440238343363,-1.0146172125114032,-0.9644589464993402,-0.564146168473297,0.11078657575820763
Venezuela (Boliv. Rep. of),2010.0,-0.030420874040772882,-0.606301689422923,-0.7498755720545598,-0.45901009004445026,-0.6135055231702277,-0.09351469029161966,0.2883661553552382,0.20791463309421618,0.826733509855044,0.5643074430056281,0.6976968575430451,-0.1009065104045979,-0.07389222149928214,-0.17605747892219686,-1.2624409236304004,-0.04035056368391527,-0.8277604855804578,0.3737547107537222,-0.3158099523075426,-0.14560967963126561,-0.12097087400188404,0.07862033218070859,-0.2964191960314252,0.09906187957723259,0.1609643446445964,0.1080796624537639,-0.1378521383513603,-0.4556837759672613,-0.3123963149746277,-0.1947771998009257,-0.284973784082836,-0.5874736274191944,-0.10882715026519914,-0.07580093520572007,-0.1618851663820983,-0.40433478671387596,0.03261721933399226,-0.3328126568946998,-0.04129647683505373,-0.33262643554014676,-0.3191117810972948,-0.20386296512508884,0.030451289415222862,0.6106359924835164,-0.15330800315009815,0.8631459752799824,0.2616657231507354,-0.310700245247273,-0.06055346461913149,-0.15050915105734083,-0.3781784720663446,3.0256442246966637
Viet Nam,2010.0,-0.8431442248933645,-0.6894892217942875,1.2574061764213826,1.3216346382842175,1.3444474480875372,0.8952881824640331,-0.06452948931026316,0.18200063534624147,-1.8840609499709415,-1.6521987583848312,-1.6609996911990281,-0.20228674481234576,-0.22688455123913784,-0.7452921966927747,1.9480916826043835,-1.88173131998163,3.6195112950837887,0.6953215763729027,-0.44091200619261256,0.05760115850398559,-0.03734149165331493,0.24286361722219085,-0.3103767359234011,-0.05606992576981453,0.0003734671569480985,-0.4083009470475509,-0.30261654831676993,-0.5983383798334068,-0.13269639993254476,0.17569049223281766,-0.05080516076051469,-0.10895475034781847,0.36637335083708844,0.13889191532951717,-0.13730319291742837,0.3172728009358011,-0.20114431630274018,-0.7092872281732749,-0.3733350369532008,-0.7588054026980754,-0.6825316557719443,-0.19461441664456508,-0.2827348152347123,-0.2917800684783367,1.6050500349196428,1.182946207380403,1.6682619318551128,-1.3629631616604987,-1.2730094775655605,-1.341655193167584,-0.13048617204940038,-0.4485509730921447
Yemen,2010.0,-0.649638665166557,-1.521364545507934,0.3328400377294333,0.10077343233432254,0.14629712239248704,0.4087343879334738,-0.6795761842987085,-0.1678383342514184,-0.41260524165561313,0.48330555524717267,-0.05306620433726414,-0.2806927586165302,-0.29903268284541823,-0.7658754969612869,0.11000049582874366,-1.6729149455561159,-0.3397805395724107,1.8476028448416344,-0.19070789842247257,1.665869791745831,-0.901511775921871,-0.9752740801687985,-0.8128481720344907,0.3899340146029459,1.445691364545783,2.173602100459023,-2.5608581672544393,-1.5757865915088523,-2.109395465395452,-0.5082498622910167,-1.7985026909222266,-1.3022981227974226,-0.17267903772594548,-0.0777217081830916,-0.18966716006110396,-1.8997143659397124,-0.18008515066667913,-0.619260700258833,-0.31479965891457373,-0.6568930409863968,-0.5897436026635232,0.3499304997544806,0.4746831333689389,0.5588514630633808,-3.318352471675633,-0.35455490848700655,-2.5400909527238364,2.1203899409487996,0.8537576271109625,0.9810795889473902,-0.29521742927220784,-0.22008915736453596
Zambia,2010.0,-1.2301553443469797,-1.3341925976723636,2.11709048081916,2.068012668122581,2.1919196296767187,-1.3334421021598195,-1.254291948468239,-1.5024092182721211,-1.7762923628830583,-1.814202533901742,-1.9211065787796078,-0.30109466139182345,-0.30563491870069914,-0.7554655519979013,1.6294892102299396,0.335518910282009,1.6675915110516009,-0.8665746280631184,-0.8162181678478223,2.083903515909776,-2.3650259670218445,-2.46715058596226,-2.2504747809078887,1.1074186143330387,1.847168558264904,2.603919275043452,-1.5480416471729523,-1.2851938799296658,0.25507710094773783,0.03320291837368528,0.27760205487444706,0.20415019390876063,-0.24060116502482706,-0.11043680921703251,-0.2656676401515775,-0.7086271429516915,-0.2157753994895252,-0.6274449300692369,-0.3505534577154951,-0.666157801142004,-0.6052082781815934,-0.19552813939285757,-0.21294922879684422,-0.08414919534543379,-0.0014498089531660412,-0.4898550066833379,-0.2643783874216334,0.7959900633942227,1.1519025483272975,1.060489325088073,-0.546879157174039,-0.1019192526778418
