frame_id,video_id,video_name,timestamp
"video0_0","video0","Exploring the Amazon Rainforest",0
"video0_1000","video0","Exploring the Amazon Rainforest",1000
"video0_2000","video0","Exploring the Amazon Rainforest",2000
"video0_3000","video0","Exploring the Amazon Rainforest",3000
"video0_4000","video0","Exploring the Amazon Rainforest",4000
"video0_5000","video0","Exploring the Amazon Rainforest",5000
"video0_6000","video0","Exploring the Amazon Rainforest",6000
"video0_7000","video0","Exploring the Amazon Rainforest",7000
"video0_8000","video0","Exploring the Amazon Rainforest",8000
"video0_9000","video0","Exploring the Amazon Rainforest",9000
"video0_10000","video0","Exploring the Amazon Rainforest",10000
"video0_11000","video0","Exploring the Amazon Rainforest",11000
"video0_12000","video0","Exploring the Amazon Rainforest",12000
"video0_13000","video0","Exploring the Amazon Rainforest",13000
"video0_14000","video0","Exploring the Amazon Rainforest",14000
"video0_15000","video0","Exploring the Amazon Rainforest",15000
"video0_16000","video0","Exploring the Amazon Rainforest",16000
"video0_17000","video0","Exploring the Amazon Rainforest",17000
"video0_18000","video0","Exploring the Amazon Rainforest",18000
"video0_19000","video0","Exploring the Amazon Rainforest",19000
"video0_20000","video0","Exploring the Amazon Rainforest",20000
"video0_21000","video0","Exploring the Amazon Rainforest",21000
"video0_22000","video0","Exploring the Amazon Rainforest",22000
"video0_23000","video0","Exploring the Amazon Rainforest",23000
"video0_24000","video0","Exploring the Amazon Rainforest",24000
"video0_25000","video0","Exploring the Amazon Rainforest",25000
"video0_26000","video0","Exploring the Amazon Rainforest",26000
"video0_27000","video0","Exploring the Amazon Rainforest",27000
"video0_28000","video0","Exploring the Amazon Rainforest",28000
"video0_29000","video0","Exploring the Amazon Rainforest",29000
"video0_30000","video0","Exploring the Amazon Rainforest",30000
"video0_31000","video0","Exploring the Amazon Rainforest",31000
"video0_32000","video0","Exploring the Amazon Rainforest",32000
"video0_33000","video0","Exploring the Amazon Rainforest",33000
"video0_34000","video0","Exploring the Amazon Rainforest",34000
"video0_35000","video0","Exploring the Amazon Rainforest",35000
"video0_36000","video0","Exploring the Amazon Rainforest",36000
"video0_37000","video0","Exploring the Amazon Rainforest",37000
"video0_38000","video0","Exploring the Amazon Rainforest",38000
"video0_39000","video0","Exploring the Amazon Rainforest",39000
"video0_40000","video0","Exploring the Amazon Rainforest",40000
"video0_41000","video0","Exploring the Amazon Rainforest",41000
"video0_42000","video0","Exploring the Amazon Rainforest",42000
"video0_43000","video0","Exploring the Amazon Rainforest",43000
"video0_44000","video0","Exploring the Amazon Rainforest",44000
"video0_45000","video0","Exploring the Amazon Rainforest",45000
"video0_46000","video0","Exploring the Amazon Rainforest",46000
"video0_47000","video0","Exploring the Amazon Rainforest",47000
"video0_48000","video0","Exploring the Amazon Rainforest",48000
"video0_49000","video0","Exploring the Amazon Rainforest",49000
"video0_50000","video0","Exploring the Amazon Rainforest",50000
"video0_51000","video0","Exploring the Amazon Rainforest",51000
"video0_52000","video0","Exploring the Amazon Rainforest",52000
"video0_53000","video0","Exploring the Amazon Rainforest",53000
"video0_54000","video0","Exploring the Amazon Rainforest",54000
"video0_55000","video0","Exploring the Amazon Rainforest",55000
"video0_56000","video0","Exploring the Amazon Rainforest",56000
"video0_57000","video0","Exploring the Amazon Rainforest",57000
"video0_58000","video0","Exploring the Amazon Rainforest",58000
"video0_59000","video0","Exploring the Amazon Rainforest",59000
"video0_60000","video0","Exploring the Amazon Rainforest",60000
"video0_61000","video0","Exploring the Amazon Rainforest",61000
"video0_62000","video0","Exploring the Amazon Rainforest",62000
"video0_63000","video0","Exploring the Amazon Rainforest",63000
"video0_64000","video0","Exploring the Amazon Rainforest",64000
"video0_65000","video0","Exploring the Amazon Rainforest",65000
"video0_66000","video0","Exploring the Amazon Rainforest",66000
"video0_67000","video0","Exploring the Amazon Rainforest",67000
"video0_68000","video0","Exploring the Amazon Rainforest",68000
"video0_69000","video0","Exploring the Amazon Rainforest",69000
"video0_70000","video0","Exploring the Amazon Rainforest",70000
"video0_71000","video0","Exploring the Amazon Rainforest",71000
"video0_72000","video0","Exploring the Amazon Rainforest",72000
"video0_73000","video0","Exploring the Amazon Rainforest",73000
"video0_74000","video0","Exploring the Amazon Rainforest",74000
"video0_75000","video0","Exploring the Amazon Rainforest",75000
"video0_76000","video0","Exploring the Amazon Rainforest",76000
"video0_77000","video0","Exploring the Amazon Rainforest",77000
"video0_78000","video0","Exploring the Amazon Rainforest",78000
"video0_79000","video0","Exploring the Amazon Rainforest",79000
"video0_80000","video0","Exploring the Amazon Rainforest",80000
"video0_81000","video0","Exploring the Amazon Rainforest",81000
"video0_82000","video0","Exploring the Amazon Rainforest",82000
"video0_83000","video0","Exploring the Amazon Rainforest",83000
"video0_84000","video0","Exploring the Amazon Rainforest",84000
"video0_85000","video0","Exploring the Amazon Rainforest",85000
"video0_86000","video0","Exploring the Amazon Rainforest",86000
"video0_87000","video0","Exploring the Amazon Rainforest",87000
"video0_88000","video0","Exploring the Amazon Rainforest",88000
"video0_89000","video0","Exploring the Amazon Rainforest",89000
"video0_90000","video0","Exploring the Amazon Rainforest",90000
"video0_91000","video0","Exploring the Amazon Rainforest",91000
"video0_92000","video0","Exploring the Amazon Rainforest",92000
"video0_93000","video0","Exploring the Amazon Rainforest",93000
"video0_94000","video0","Exploring the Amazon Rainforest",94000
"video0_95000","video0","Exploring the Amazon Rainforest",95000
"video0_96000","video0","Exploring the Amazon Rainforest",96000
"video0_97000","video0","Exploring the Amazon Rainforest",97000
"video0_98000","video0","Exploring the Amazon Rainforest",98000
"video0_99000","video0","Exploring the Amazon Rainforest",99000
"video0_100000","video0","Exploring the Amazon Rainforest",100000
"video0_101000","video0","Exploring the Amazon Rainforest",101000
"video0_102000","video0","Exploring the Amazon Rainforest",102000
"video0_103000","video0","Exploring the Amazon Rainforest",103000
"video0_104000","video0","Exploring the Amazon Rainforest",104000
"video0_105000","video0","Exploring the Amazon Rainforest",105000
"video0_106000","video0","Exploring the Amazon Rainforest",106000
"video0_107000","video0","Exploring the Amazon Rainforest",107000
"video0_108000","video0","Exploring the Amazon Rainforest",108000
"video0_109000","video0","Exploring the Amazon Rainforest",109000
"video0_110000","video0","Exploring the Amazon Rainforest",110000
"video0_111000","video0","Exploring the Amazon Rainforest",111000
"video0_112000","video0","Exploring the Amazon Rainforest",112000
"video0_113000","video0","Exploring the Amazon Rainforest",113000
"video0_114000","video0","Exploring the Amazon Rainforest",114000
"video0_115000","video0","Exploring the Amazon Rainforest",115000
"video0_116000","video0","Exploring the Amazon Rainforest",116000
"video0_117000","video0","Exploring the Amazon Rainforest",117000
"video0_118000","video0","Exploring the Amazon Rainforest",118000
"video0_119000","video0","Exploring the Amazon Rainforest",119000
"video0_120000","video0","Exploring the Amazon Rainforest",120000
"video0_121000","video0","Exploring the Amazon Rainforest",121000
"video0_122000","video0","Exploring the Amazon Rainforest",122000
"video0_123000","video0","Exploring the Amazon Rainforest",123000
"video0_124000","video0","Exploring the Amazon Rainforest",124000
"video0_125000","video0","Exploring the Amazon Rainforest",125000
"video0_126000","video0","Exploring the Amazon Rainforest",126000
"video0_127000","video0","Exploring the Amazon Rainforest",127000
"video0_128000","video0","Exploring the Amazon Rainforest",128000
"video0_129000","video0","Exploring the Amazon Rainforest",129000
"video0_130000","video0","Exploring the Amazon Rainforest",130000
"video0_131000","video0","Exploring the Amazon Rainforest",131000
"video0_132000","video0","Exploring the Amazon Rainforest",132000
"video0_133000","video0","Exploring the Amazon Rainforest",133000
"video0_134000","video0","Exploring the Amazon Rainforest",134000
"video0_135000","video0","Exploring the Amazon Rainforest",135000
"video0_136000","video0","Exploring the Amazon Rainforest",136000
"video0_137000","video0","Exploring the Amazon Rainforest",137000
"video0_138000","video0","Exploring the Amazon Rainforest",138000
"video0_139000","video0","Exploring the Amazon Rainforest",139000
"video0_140000","video0","Exploring the Amazon Rainforest",140000
"video0_141000","video0","Exploring the Amazon Rainforest",141000
"video0_142000","video0","Exploring the Amazon Rainforest",142000
"video0_143000","video0","Exploring the Amazon Rainforest",143000
"video0_144000","video0","Exploring the Amazon Rainforest",144000
"video0_145000","video0","Exploring the Amazon Rainforest",145000
"video0_146000","video0","Exploring the Amazon Rainforest",146000
"video0_147000","video0","Exploring the Amazon Rainforest",147000
"video0_148000","video0","Exploring the Amazon Rainforest",148000
"video0_149000","video0","Exploring the Amazon Rainforest",149000
"video0_150000","video0","Exploring the Amazon Rainforest",150000
"video0_151000","video0","Exploring the Amazon Rainforest",151000
"video0_152000","video0","Exploring the Amazon Rainforest",152000
"video0_153000","video0","Exploring the Amazon Rainforest",153000
"video0_154000","video0","Exploring the Amazon Rainforest",154000
"video0_155000","video0","Exploring the Amazon Rainforest",155000
"video0_156000","video0","Exploring the Amazon Rainforest",156000
"video0_157000","video0","Exploring the Amazon Rainforest",157000
"video0_158000","video0","Exploring the Amazon Rainforest",158000
"video0_159000","video0","Exploring the Amazon Rainforest",159000
"video0_160000","video0","Exploring the Amazon Rainforest",160000
"video0_161000","video0","Exploring the Amazon Rainforest",161000
"video0_162000","video0","Exploring the Amazon Rainforest",162000
"video0_163000","video0","Exploring the Amazon Rainforest",163000
"video0_164000","video0","Exploring the Amazon Rainforest",164000
"video0_165000","video0","Exploring the Amazon Rainforest",165000
"video0_166000","video0","Exploring the Amazon Rainforest",166000
"video0_167000","video0","Exploring the Amazon Rainforest",167000
"video0_168000","video0","Exploring the Amazon Rainforest",168000
"video0_169000","video0","Exploring the Amazon Rainforest",169000
"video0_170000","video0","Exploring the Amazon Rainforest",170000
"video0_171000","video0","Exploring the Amazon Rainforest",171000
"video0_172000","video0","Exploring the Amazon Rainforest",172000
"video0_173000","video0","Exploring the Amazon Rainforest",173000
"video0_174000","video0","Exploring the Amazon Rainforest",174000
"video0_175000","video0","Exploring the Amazon Rainforest",175000
"video0_176000","video0","Exploring the Amazon Rainforest",176000
"video0_177000","video0","Exploring the Amazon Rainforest",177000
"video0_178000","video0","Exploring the Amazon Rainforest",178000
"video0_179000","video0","Exploring the Amazon Rainforest",179000
"video0_180000","video0","Exploring the Amazon Rainforest",180000
"video0_181000","video0","Exploring the Amazon Rainforest",181000
"video0_182000","video0","Exploring the Amazon Rainforest",182000
"video0_183000","video0","Exploring the Amazon Rainforest",183000
"video0_184000","video0","Exploring the Amazon Rainforest",184000
"video0_185000","video0","Exploring the Amazon Rainforest",185000
"video0_186000","video0","Exploring the Amazon Rainforest",186000
"video0_187000","video0","Exploring the Amazon Rainforest",187000
"video0_188000","video0","Exploring the Amazon Rainforest",188000
"video0_189000","video0","Exploring the Amazon Rainforest",189000
"video0_190000","video0","Exploring the Amazon Rainforest",190000
"video0_191000","video0","Exploring the Amazon Rainforest",191000
"video0_192000","video0","Exploring the Amazon Rainforest",192000
"video0_193000","video0","Exploring the Amazon Rainforest",193000
"video0_194000","video0","Exploring the Amazon Rainforest",194000
"video0_195000","video0","Exploring the Amazon Rainforest",195000
"video0_196000","video0","Exploring the Amazon Rainforest",196000
"video0_197000","video0","Exploring the Amazon Rainforest",197000
"video0_198000","video0","Exploring the Amazon Rainforest",198000
"video0_199000","video0","Exploring the Amazon Rainforest",199000
"video0_200000","video0","Exploring the Amazon Rainforest",200000
"video0_201000","video0","Exploring the Amazon Rainforest",201000
"video0_202000","video0","Exploring the Amazon Rainforest",202000
"video0_203000","video0","Exploring the Amazon Rainforest",203000
"video0_204000","video0","Exploring the Amazon Rainforest",204000
"video0_205000","video0","Exploring the Amazon Rainforest",205000
"video0_206000","video0","Exploring the Amazon Rainforest",206000
"video0_207000","video0","Exploring the Amazon Rainforest",207000
"video0_208000","video0","Exploring the Amazon Rainforest",208000
"video0_209000","video0","Exploring the Amazon Rainforest",209000
"video0_210000","video0","Exploring the Amazon Rainforest",210000
"video0_211000","video0","Exploring the Amazon Rainforest",211000
"video0_212000","video0","Exploring the Amazon Rainforest",212000
"video0_213000","video0","Exploring the Amazon Rainforest",213000
"video0_214000","video0","Exploring the Amazon Rainforest",214000
"video0_215000","video0","Exploring the Amazon Rainforest",215000
"video0_216000","video0","Exploring the Amazon Rainforest",216000
"video0_217000","video0","Exploring the Amazon Rainforest",217000
"video0_218000","video0","Exploring the Amazon Rainforest",218000
"video0_219000","video0","Exploring the Amazon Rainforest",219000
"video0_220000","video0","Exploring the Amazon Rainforest",220000
"video0_221000","video0","Exploring the Amazon Rainforest",221000
"video0_222000","video0","Exploring the Amazon Rainforest",222000
"video0_223000","video0","Exploring the Amazon Rainforest",223000
"video0_224000","video0","Exploring the Amazon Rainforest",224000
"video0_225000","video0","Exploring the Amazon Rainforest",225000
"video0_226000","video0","Exploring the Amazon Rainforest",226000
"video0_227000","video0","Exploring the Amazon Rainforest",227000
"video0_228000","video0","Exploring the Amazon Rainforest",228000
"video0_229000","video0","Exploring the Amazon Rainforest",229000
"video0_230000","video0","Exploring the Amazon Rainforest",230000
"video0_231000","video0","Exploring the Amazon Rainforest",231000
"video0_232000","video0","Exploring the Amazon Rainforest",232000
"video0_233000","video0","Exploring the Amazon Rainforest",233000
"video0_234000","video0","Exploring the Amazon Rainforest",234000
"video0_235000","video0","Exploring the Amazon Rainforest",235000
"video0_236000","video0","Exploring the Amazon Rainforest",236000
"video0_237000","video0","Exploring the Amazon Rainforest",237000
"video0_238000","video0","Exploring the Amazon Rainforest",238000
"video0_239000","video0","Exploring the Amazon Rainforest",239000
"video0_240000","video0","Exploring the Amazon Rainforest",240000
"video0_241000","video0","Exploring the Amazon Rainforest",241000
"video0_242000","video0","Exploring the Amazon Rainforest",242000
"video0_243000","video0","Exploring the Amazon Rainforest",243000
"video0_244000","video0","Exploring the Amazon Rainforest",244000
"video0_245000","video0","Exploring the Amazon Rainforest",245000
"video0_246000","video0","Exploring the Amazon Rainforest",246000
"video0_247000","video0","Exploring the Amazon Rainforest",247000
"video0_248000","video0","Exploring the Amazon Rainforest",248000
"video0_249000","video0","Exploring the Amazon Rainforest",249000
"video0_250000","video0","Exploring the Amazon Rainforest",250000
"video0_251000","video0","Exploring the Amazon Rainforest",251000
"video0_252000","video0","Exploring the Amazon Rainforest",252000
"video0_253000","video0","Exploring the Amazon Rainforest",253000
"video0_254000","video0","Exploring the Amazon Rainforest",254000
"video0_255000","video0","Exploring the Amazon Rainforest",255000
"video0_256000","video0","Exploring the Amazon Rainforest",256000
"video0_257000","video0","Exploring the Amazon Rainforest",257000
"video0_258000","video0","Exploring the Amazon Rainforest",258000
"video0_259000","video0","Exploring the Amazon Rainforest",259000
"video0_260000","video0","Exploring the Amazon Rainforest",260000
"video0_261000","video0","Exploring the Amazon Rainforest",261000
"video0_262000","video0","Exploring the Amazon Rainforest",262000
"video0_263000","video0","Exploring the Amazon Rainforest",263000
"video0_264000","video0","Exploring the Amazon Rainforest",264000
"video0_265000","video0","Exploring the Amazon Rainforest",265000
"video0_266000","video0","Exploring the Amazon Rainforest",266000
"video0_267000","video0","Exploring the Amazon Rainforest",267000
"video0_268000","video0","Exploring the Amazon Rainforest",268000
"video0_269000","video0","Exploring the Amazon Rainforest",269000
"video0_270000","video0","Exploring the Amazon Rainforest",270000
"video0_271000","video0","Exploring the Amazon Rainforest",271000
"video0_272000","video0","Exploring the Amazon Rainforest",272000
"video0_273000","video0","Exploring the Amazon Rainforest",273000
"video0_274000","video0","Exploring the Amazon Rainforest",274000
"video0_275000","video0","Exploring the Amazon Rainforest",275000
"video0_276000","video0","Exploring the Amazon Rainforest",276000
"video0_277000","video0","Exploring the Amazon Rainforest",277000
"video0_278000","video0","Exploring the Amazon Rainforest",278000
"video0_279000","video0","Exploring the Amazon Rainforest",279000
"video0_280000","video0","Exploring the Amazon Rainforest",280000
"video0_281000","video0","Exploring the Amazon Rainforest",281000
"video0_282000","video0","Exploring the Amazon Rainforest",282000
"video0_283000","video0","Exploring the Amazon Rainforest",283000
"video0_284000","video0","Exploring the Amazon Rainforest",284000
"video0_285000","video0","Exploring the Amazon Rainforest",285000
"video0_286000","video0","Exploring the Amazon Rainforest",286000
"video0_287000","video0","Exploring the Amazon Rainforest",287000
"video0_288000","video0","Exploring the Amazon Rainforest",288000
"video0_289000","video0","Exploring the Amazon Rainforest",289000
"video0_290000","video0","Exploring the Amazon Rainforest",290000
"video0_291000","video0","Exploring the Amazon Rainforest",291000
"video0_292000","video0","Exploring the Amazon Rainforest",292000
"video0_293000","video0","Exploring the Amazon Rainforest",293000
"video0_294000","video0","Exploring the Amazon Rainforest",294000
"video0_295000","video0","Exploring the Amazon Rainforest",295000
"video0_296000","video0","Exploring the Amazon Rainforest",296000
"video0_297000","video0","Exploring the Amazon Rainforest",297000
"video0_298000","video0","Exploring the Amazon Rainforest",298000
"video0_299000","video0","Exploring the Amazon Rainforest",299000
"video0_300000","video0","Exploring the Amazon Rainforest",300000
"video0_301000","video0","Exploring the Amazon Rainforest",301000
"video0_302000","video0","Exploring the Amazon Rainforest",302000
"video0_303000","video0","Exploring the Amazon Rainforest",303000
"video0_304000","video0","Exploring the Amazon Rainforest",304000
"video0_305000","video0","Exploring the Amazon Rainforest",305000
"video0_306000","video0","Exploring the Amazon Rainforest",306000
"video0_307000","video0","Exploring the Amazon Rainforest",307000
"video0_308000","video0","Exploring the Amazon Rainforest",308000
"video0_309000","video0","Exploring the Amazon Rainforest",309000
"video0_310000","video0","Exploring the Amazon Rainforest",310000
"video0_311000","video0","Exploring the Amazon Rainforest",311000
"video0_312000","video0","Exploring the Amazon Rainforest",312000
"video0_313000","video0","Exploring the Amazon Rainforest",313000
"video0_314000","video0","Exploring the Amazon Rainforest",314000
"video0_315000","video0","Exploring the Amazon Rainforest",315000
"video0_316000","video0","Exploring the Amazon Rainforest",316000
"video0_317000","video0","Exploring the Amazon Rainforest",317000
"video0_318000","video0","Exploring the Amazon Rainforest",318000
"video0_319000","video0","Exploring the Amazon Rainforest",319000
"video0_320000","video0","Exploring the Amazon Rainforest",320000
"video0_321000","video0","Exploring the Amazon Rainforest",321000
"video0_322000","video0","Exploring the Amazon Rainforest",322000
"video0_323000","video0","Exploring the Amazon Rainforest",323000
"video0_324000","video0","Exploring the Amazon Rainforest",324000
"video0_325000","video0","Exploring the Amazon Rainforest",325000
"video0_326000","video0","Exploring the Amazon Rainforest",326000
"video0_327000","video0","Exploring the Amazon Rainforest",327000
"video0_328000","video0","Exploring the Amazon Rainforest",328000
"video0_329000","video0","Exploring the Amazon Rainforest",329000
"video0_330000","video0","Exploring the Amazon Rainforest",330000
"video0_331000","video0","Exploring the Amazon Rainforest",331000
"video0_332000","video0","Exploring the Amazon Rainforest",332000
"video0_333000","video0","Exploring the Amazon Rainforest",333000
"video0_334000","video0","Exploring the Amazon Rainforest",334000
"video0_335000","video0","Exploring the Amazon Rainforest",335000
"video0_336000","video0","Exploring the Amazon Rainforest",336000
"video0_337000","video0","Exploring the Amazon Rainforest",337000
"video0_338000","video0","Exploring the Amazon Rainforest",338000
"video0_339000","video0","Exploring the Amazon Rainforest",339000
"video0_340000","video0","Exploring the Amazon Rainforest",340000
"video0_341000","video0","Exploring the Amazon Rainforest",341000
"video0_342000","video0","Exploring the Amazon Rainforest",342000
"video0_343000","video0","Exploring the Amazon Rainforest",343000
"video0_344000","video0","Exploring the Amazon Rainforest",344000
"video0_345000","video0","Exploring the Amazon Rainforest",345000
"video0_346000","video0","Exploring the Amazon Rainforest",346000
"video0_347000","video0","Exploring the Amazon Rainforest",347000
"video0_348000","video0","Exploring the Amazon Rainforest",348000
"video0_349000","video0","Exploring the Amazon Rainforest",349000
"video0_350000","video0","Exploring the Amazon Rainforest",350000
"video0_351000","video0","Exploring the Amazon Rainforest",351000
"video0_352000","video0","Exploring the Amazon Rainforest",352000
"video0_353000","video0","Exploring the Amazon Rainforest",353000
"video0_354000","video0","Exploring the Amazon Rainforest",354000
"video0_355000","video0","Exploring the Amazon Rainforest",355000
"video0_356000","video0","Exploring the Amazon Rainforest",356000
"video0_357000","video0","Exploring the Amazon Rainforest",357000
"video0_358000","video0","Exploring the Amazon Rainforest",358000
"video0_359000","video0","Exploring the Amazon Rainforest",359000
"video0_360000","video0","Exploring the Amazon Rainforest",360000
"video0_361000","video0","Exploring the Amazon Rainforest",361000
"video0_362000","video0","Exploring the Amazon Rainforest",362000
"video0_363000","video0","Exploring the Amazon Rainforest",363000
"video0_364000","video0","Exploring the Amazon Rainforest",364000
"video0_365000","video0","Exploring the Amazon Rainforest",365000
"video0_366000","video0","Exploring the Amazon Rainforest",366000
"video0_367000","video0","Exploring the Amazon Rainforest",367000
"video0_368000","video0","Exploring the Amazon Rainforest",368000
"video0_369000","video0","Exploring the Amazon Rainforest",369000
"video0_370000","video0","Exploring the Amazon Rainforest",370000
"video0_371000","video0","Exploring the Amazon Rainforest",371000
"video0_372000","video0","Exploring the Amazon Rainforest",372000
"video0_373000","video0","Exploring the Amazon Rainforest",373000
"video0_374000","video0","Exploring the Amazon Rainforest",374000
"video0_375000","video0","Exploring the Amazon Rainforest",375000
"video0_376000","video0","Exploring the Amazon Rainforest",376000
"video0_377000","video0","Exploring the Amazon Rainforest",377000
"video0_378000","video0","Exploring the Amazon Rainforest",378000
"video0_379000","video0","Exploring the Amazon Rainforest",379000
"video0_380000","video0","Exploring the Amazon Rainforest",380000
"video0_381000","video0","Exploring the Amazon Rainforest",381000
"video0_382000","video0","Exploring the Amazon Rainforest",382000
"video0_383000","video0","Exploring the Amazon Rainforest",383000
"video0_384000","video0","Exploring the Amazon Rainforest",384000
"video0_385000","video0","Exploring the Amazon Rainforest",385000
"video0_386000","video0","Exploring the Amazon Rainforest",386000
"video0_387000","video0","Exploring the Amazon Rainforest",387000
"video0_388000","video0","Exploring the Amazon Rainforest",388000
"video0_389000","video0","Exploring the Amazon Rainforest",389000
"video0_390000","video0","Exploring the Amazon Rainforest",390000
"video0_391000","video0","Exploring the Amazon Rainforest",391000
"video0_392000","video0","Exploring the Amazon Rainforest",392000
"video0_393000","video0","Exploring the Amazon Rainforest",393000
"video0_394000","video0","Exploring the Amazon Rainforest",394000
"video0_395000","video0","Exploring the Amazon Rainforest",395000
"video0_396000","video0","Exploring the Amazon Rainforest",396000
"video0_397000","video0","Exploring the Amazon Rainforest",397000
"video0_398000","video0","Exploring the Amazon Rainforest",398000
"video0_399000","video0","Exploring the Amazon Rainforest",399000
"video0_400000","video0","Exploring the Amazon Rainforest",400000
"video0_401000","video0","Exploring the Amazon Rainforest",401000
"video0_402000","video0","Exploring the Amazon Rainforest",402000
"video0_403000","video0","Exploring the Amazon Rainforest",403000
"video0_404000","video0","Exploring the Amazon Rainforest",404000
"video0_405000","video0","Exploring the Amazon Rainforest",405000
"video0_406000","video0","Exploring the Amazon Rainforest",406000
"video0_407000","video0","Exploring the Amazon Rainforest",407000
"video0_408000","video0","Exploring the Amazon Rainforest",408000
"video0_409000","video0","Exploring the Amazon Rainforest",409000
"video0_410000","video0","Exploring the Amazon Rainforest",410000
"video0_411000","video0","Exploring the Amazon Rainforest",411000
"video0_412000","video0","Exploring the Amazon Rainforest",412000
"video0_413000","video0","Exploring the Amazon Rainforest",413000
"video0_414000","video0","Exploring the Amazon Rainforest",414000
"video0_415000","video0","Exploring the Amazon Rainforest",415000
"video0_416000","video0","Exploring the Amazon Rainforest",416000
"video0_417000","video0","Exploring the Amazon Rainforest",417000
"video0_418000","video0","Exploring the Amazon Rainforest",418000
"video0_419000","video0","Exploring the Amazon Rainforest",419000
"video0_420000","video0","Exploring the Amazon Rainforest",420000
"video0_421000","video0","Exploring the Amazon Rainforest",421000
"video0_422000","video0","Exploring the Amazon Rainforest",422000
"video0_423000","video0","Exploring the Amazon Rainforest",423000
"video0_424000","video0","Exploring the Amazon Rainforest",424000
"video0_425000","video0","Exploring the Amazon Rainforest",425000
"video0_426000","video0","Exploring the Amazon Rainforest",426000
"video0_427000","video0","Exploring the Amazon Rainforest",427000
"video0_428000","video0","Exploring the Amazon Rainforest",428000
"video0_429000","video0","Exploring the Amazon Rainforest",429000
"video0_430000","video0","Exploring the Amazon Rainforest",430000
"video0_431000","video0","Exploring the Amazon Rainforest",431000
"video0_432000","video0","Exploring the Amazon Rainforest",432000
"video0_433000","video0","Exploring the Amazon Rainforest",433000
"video0_434000","video0","Exploring the Amazon Rainforest",434000
"video0_435000","video0","Exploring the Amazon Rainforest",435000
"video0_436000","video0","Exploring the Amazon Rainforest",436000
"video0_437000","video0","Exploring the Amazon Rainforest",437000
"video0_438000","video0","Exploring the Amazon Rainforest",438000
"video0_439000","video0","Exploring the Amazon Rainforest",439000
"video0_440000","video0","Exploring the Amazon Rainforest",440000
"video0_441000","video0","Exploring the Amazon Rainforest",441000
"video0_442000","video0","Exploring the Amazon Rainforest",442000
"video0_443000","video0","Exploring the Amazon Rainforest",443000
"video0_444000","video0","Exploring the Amazon Rainforest",444000
"video0_445000","video0","Exploring the Amazon Rainforest",445000
"video0_446000","video0","Exploring the Amazon Rainforest",446000
"video0_447000","video0","Exploring the Amazon Rainforest",447000
"video0_448000","video0","Exploring the Amazon Rainforest",448000
"video0_449000","video0","Exploring the Amazon Rainforest",449000
"video0_450000","video0","Exploring the Amazon Rainforest",450000
"video0_451000","video0","Exploring the Amazon Rainforest",451000
"video0_452000","video0","Exploring the Amazon Rainforest",452000
"video0_453000","video0","Exploring the Amazon Rainforest",453000
"video0_454000","video0","Exploring the Amazon Rainforest",454000
"video0_455000","video0","Exploring the Amazon Rainforest",455000
"video0_456000","video0","Exploring the Amazon Rainforest",456000
"video0_457000","video0","Exploring the Amazon Rainforest",457000
"video0_458000","video0","Exploring the Amazon Rainforest",458000
"video0_459000","video0","Exploring the Amazon Rainforest",459000
"video0_460000","video0","Exploring the Amazon Rainforest",460000
"video0_461000","video0","Exploring the Amazon Rainforest",461000
"video0_462000","video0","Exploring the Amazon Rainforest",462000
"video0_463000","video0","Exploring the Amazon Rainforest",463000
"video0_464000","video0","Exploring the Amazon Rainforest",464000
"video0_465000","video0","Exploring the Amazon Rainforest",465000
"video0_466000","video0","Exploring the Amazon Rainforest",466000
"video0_467000","video0","Exploring the Amazon Rainforest",467000
"video0_468000","video0","Exploring the Amazon Rainforest",468000
"video0_469000","video0","Exploring the Amazon Rainforest",469000
"video0_470000","video0","Exploring the Amazon Rainforest",470000
"video0_471000","video0","Exploring the Amazon Rainforest",471000
"video0_472000","video0","Exploring the Amazon Rainforest",472000
"video0_473000","video0","Exploring the Amazon Rainforest",473000
"video0_474000","video0","Exploring the Amazon Rainforest",474000
"video0_475000","video0","Exploring the Amazon Rainforest",475000
"video0_476000","video0","Exploring the Amazon Rainforest",476000
"video0_477000","video0","Exploring the Amazon Rainforest",477000
"video0_478000","video0","Exploring the Amazon Rainforest",478000
"video0_479000","video0","Exploring the Amazon Rainforest",479000
"video0_480000","video0","Exploring the Amazon Rainforest",480000
"video0_481000","video0","Exploring the Amazon Rainforest",481000
"video0_482000","video0","Exploring the Amazon Rainforest",482000
"video0_483000","video0","Exploring the Amazon Rainforest",483000
"video0_484000","video0","Exploring the Amazon Rainforest",484000
"video0_485000","video0","Exploring the Amazon Rainforest",485000
"video0_486000","video0","Exploring the Amazon Rainforest",486000
"video0_487000","video0","Exploring the Amazon Rainforest",487000
"video0_488000","video0","Exploring the Amazon Rainforest",488000
"video0_489000","video0","Exploring the Amazon Rainforest",489000
"video0_490000","video0","Exploring the Amazon Rainforest",490000
"video0_491000","video0","Exploring the Amazon Rainforest",491000
"video0_492000","video0","Exploring the Amazon Rainforest",492000
"video0_493000","video0","Exploring the Amazon Rainforest",493000
"video0_494000","video0","Exploring the Amazon Rainforest",494000
"video0_495000","video0","Exploring the Amazon Rainforest",495000
"video0_496000","video0","Exploring the Amazon Rainforest",496000
"video0_497000","video0","Exploring the Amazon Rainforest",497000
"video0_498000","video0","Exploring the Amazon Rainforest",498000
"video0_499000","video0","Exploring the Amazon Rainforest",499000
"video0_500000","video0","Exploring the Amazon Rainforest",500000
"video0_501000","video0","Exploring the Amazon Rainforest",501000
"video0_502000","video0","Exploring the Amazon Rainforest",502000
"video0_503000","video0","Exploring the Amazon Rainforest",503000
"video0_504000","video0","Exploring the Amazon Rainforest",504000
"video0_505000","video0","Exploring the Amazon Rainforest",505000
"video0_506000","video0","Exploring the Amazon Rainforest",506000
"video0_507000","video0","Exploring the Amazon Rainforest",507000
"video0_508000","video0","Exploring the Amazon Rainforest",508000
"video0_509000","video0","Exploring the Amazon Rainforest",509000
"video0_510000","video0","Exploring the Amazon Rainforest",510000
"video1_0","video1","The Quest for Mars",0
"video1_1000","video1","The Quest for Mars",1000
"video1_2000","video1","The Quest for Mars",2000
"video1_3000","video1","The Quest for Mars",3000
"video1_4000","video1","The Quest for Mars",4000
"video1_5000","video1","The Quest for Mars",5000
"video1_6000","video1","The Quest for Mars",6000
"video1_7000","video1","The Quest for Mars",7000
"video1_8000","video1","The Quest for Mars",8000
"video1_9000","video1","The Quest for Mars",9000
"video1_10000","video1","The Quest for Mars",10000
"video1_11000","video1","The Quest for Mars",11000
"video1_12000","video1","The Quest for Mars",12000
"video1_13000","video1","The Quest for Mars",13000
"video1_14000","video1","The Quest for Mars",14000
"video1_15000","video1","The Quest for Mars",15000
"video1_16000","video1","The Quest for Mars",16000
"video1_17000","video1","The Quest for Mars",17000
"video1_18000","video1","The Quest for Mars",18000
"video1_19000","video1","The Quest for Mars",19000
"video1_20000","video1","The Quest for Mars",20000
"video1_21000","video1","The Quest for Mars",21000
"video1_22000","video1","The Quest for Mars",22000
"video1_23000","video1","The Quest for Mars",23000
"video1_24000","video1","The Quest for Mars",24000
"video1_25000","video1","The Quest for Mars",25000
"video1_26000","video1","The Quest for Mars",26000
"video1_27000","video1","The Quest for Mars",27000
"video1_28000","video1","The Quest for Mars",28000
"video1_29000","video1","The Quest for Mars",29000
"video1_30000","video1","The Quest for Mars",30000
"video1_31000","video1","The Quest for Mars",31000
"video1_32000","video1","The Quest for Mars",32000
"video1_33000","video1","The Quest for Mars",33000
"video1_34000","video1","The Quest for Mars",34000
"video1_35000","video1","The Quest for Mars",35000
"video1_36000","video1","The Quest for Mars",36000
"video1_37000","video1","The Quest for Mars",37000
"video1_38000","video1","The Quest for Mars",38000
"video1_39000","video1","The Quest for Mars",39000
"video1_40000","video1","The Quest for Mars",40000
"video1_41000","video1","The Quest for Mars",41000
"video1_42000","video1","The Quest for Mars",42000
"video1_43000","video1","The Quest for Mars",43000
"video1_44000","video1","The Quest for Mars",44000
"video1_45000","video1","The Quest for Mars",45000
"video1_46000","video1","The Quest for Mars",46000
"video1_47000","video1","The Quest for Mars",47000
"video1_48000","video1","The Quest for Mars",48000
"video1_49000","video1","The Quest for Mars",49000
"video1_50000","video1","The Quest for Mars",50000
"video1_51000","video1","The Quest for Mars",51000
"video1_52000","video1","The Quest for Mars",52000
"video1_53000","video1","The Quest for Mars",53000
"video1_54000","video1","The Quest for Mars",54000
"video1_55000","video1","The Quest for Mars",55000
"video1_56000","video1","The Quest for Mars",56000
"video1_57000","video1","The Quest for Mars",57000
"video1_58000","video1","The Quest for Mars",58000
"video1_59000","video1","The Quest for Mars",59000
"video1_60000","video1","The Quest for Mars",60000
"video1_61000","video1","The Quest for Mars",61000
"video1_62000","video1","The Quest for Mars",62000
"video1_63000","video1","The Quest for Mars",63000
"video1_64000","video1","The Quest for Mars",64000
"video1_65000","video1","The Quest for Mars",65000
"video1_66000","video1","The Quest for Mars",66000
"video1_67000","video1","The Quest for Mars",67000
"video1_68000","video1","The Quest for Mars",68000
"video1_69000","video1","The Quest for Mars",69000
"video1_70000","video1","The Quest for Mars",70000
"video1_71000","video1","The Quest for Mars",71000
"video1_72000","video1","The Quest for Mars",72000
"video1_73000","video1","The Quest for Mars",73000
"video1_74000","video1","The Quest for Mars",74000
"video1_75000","video1","The Quest for Mars",75000
"video1_76000","video1","The Quest for Mars",76000
"video1_77000","video1","The Quest for Mars",77000
"video1_78000","video1","The Quest for Mars",78000
"video1_79000","video1","The Quest for Mars",79000
"video1_80000","video1","The Quest for Mars",80000
"video1_81000","video1","The Quest for Mars",81000
"video1_82000","video1","The Quest for Mars",82000
"video1_83000","video1","The Quest for Mars",83000
"video1_84000","video1","The Quest for Mars",84000
"video1_85000","video1","The Quest for Mars",85000
"video1_86000","video1","The Quest for Mars",86000
"video1_87000","video1","The Quest for Mars",87000
"video1_88000","video1","The Quest for Mars",88000
"video1_89000","video1","The Quest for Mars",89000
"video1_90000","video1","The Quest for Mars",90000
"video1_91000","video1","The Quest for Mars",91000
"video1_92000","video1","The Quest for Mars",92000
"video1_93000","video1","The Quest for Mars",93000
"video1_94000","video1","The Quest for Mars",94000
"video1_95000","video1","The Quest for Mars",95000
"video1_96000","video1","The Quest for Mars",96000
"video1_97000","video1","The Quest for Mars",97000
"video1_98000","video1","The Quest for Mars",98000
"video1_99000","video1","The Quest for Mars",99000
"video1_100000","video1","The Quest for Mars",100000
"video1_101000","video1","The Quest for Mars",101000
"video1_102000","video1","The Quest for Mars",102000
"video1_103000","video1","The Quest for Mars",103000
"video1_104000","video1","The Quest for Mars",104000
"video1_105000","video1","The Quest for Mars",105000
"video1_106000","video1","The Quest for Mars",106000
"video1_107000","video1","The Quest for Mars",107000
"video1_108000","video1","The Quest for Mars",108000
"video1_109000","video1","The Quest for Mars",109000
"video1_110000","video1","The Quest for Mars",110000
"video1_111000","video1","The Quest for Mars",111000
"video1_112000","video1","The Quest for Mars",112000
"video1_113000","video1","The Quest for Mars",113000
"video1_114000","video1","The Quest for Mars",114000
"video1_115000","video1","The Quest for Mars",115000
"video1_116000","video1","The Quest for Mars",116000
"video1_117000","video1","The Quest for Mars",117000
"video1_118000","video1","The Quest for Mars",118000
"video1_119000","video1","The Quest for Mars",119000
"video1_120000","video1","The Quest for Mars",120000
"video1_121000","video1","The Quest for Mars",121000
"video1_122000","video1","The Quest for Mars",122000
"video1_123000","video1","The Quest for Mars",123000
"video1_124000","video1","The Quest for Mars",124000
"video1_125000","video1","The Quest for Mars",125000
"video1_126000","video1","The Quest for Mars",126000
"video1_127000","video1","The Quest for Mars",127000
"video1_128000","video1","The Quest for Mars",128000
"video1_129000","video1","The Quest for Mars",129000
"video1_130000","video1","The Quest for Mars",130000
"video1_131000","video1","The Quest for Mars",131000
"video1_132000","video1","The Quest for Mars",132000
"video1_133000","video1","The Quest for Mars",133000
"video1_134000","video1","The Quest for Mars",134000
"video1_135000","video1","The Quest for Mars",135000
"video1_136000","video1","The Quest for Mars",136000
"video1_137000","video1","The Quest for Mars",137000
"video1_138000","video1","The Quest for Mars",138000
"video1_139000","video1","The Quest for Mars",139000
"video1_140000","video1","The Quest for Mars",140000
"video1_141000","video1","The Quest for Mars",141000
"video1_142000","video1","The Quest for Mars",142000
"video1_143000","video1","The Quest for Mars",143000
"video1_144000","video1","The Quest for Mars",144000
"video1_145000","video1","The Quest for Mars",145000
"video1_146000","video1","The Quest for Mars",146000
"video1_147000","video1","The Quest for Mars",147000
"video1_148000","video1","The Quest for Mars",148000
"video1_149000","video1","The Quest for Mars",149000
"video1_150000","video1","The Quest for Mars",150000
"video1_151000","video1","The Quest for Mars",151000
"video1_152000","video1","The Quest for Mars",152000
"video1_153000","video1","The Quest for Mars",153000
"video1_154000","video1","The Quest for Mars",154000
"video1_155000","video1","The Quest for Mars",155000
"video1_156000","video1","The Quest for Mars",156000
"video1_157000","video1","The Quest for Mars",157000
"video1_158000","video1","The Quest for Mars",158000
"video1_159000","video1","The Quest for Mars",159000
"video1_160000","video1","The Quest for Mars",160000
"video1_161000","video1","The Quest for Mars",161000
"video1_162000","video1","The Quest for Mars",162000
"video1_163000","video1","The Quest for Mars",163000
"video1_164000","video1","The Quest for Mars",164000
"video1_165000","video1","The Quest for Mars",165000
"video1_166000","video1","The Quest for Mars",166000
"video1_167000","video1","The Quest for Mars",167000
"video1_168000","video1","The Quest for Mars",168000
"video1_169000","video1","The Quest for Mars",169000
"video1_170000","video1","The Quest for Mars",170000
"video1_171000","video1","The Quest for Mars",171000
"video1_172000","video1","The Quest for Mars",172000
"video1_173000","video1","The Quest for Mars",173000
"video1_174000","video1","The Quest for Mars",174000
"video1_175000","video1","The Quest for Mars",175000
"video1_176000","video1","The Quest for Mars",176000
"video1_177000","video1","The Quest for Mars",177000
"video1_178000","video1","The Quest for Mars",178000
"video1_179000","video1","The Quest for Mars",179000
"video1_180000","video1","The Quest for Mars",180000
"video1_181000","video1","The Quest for Mars",181000
"video1_182000","video1","The Quest for Mars",182000
"video1_183000","video1","The Quest for Mars",183000
"video1_184000","video1","The Quest for Mars",184000
"video1_185000","video1","The Quest for Mars",185000
"video1_186000","video1","The Quest for Mars",186000
"video1_187000","video1","The Quest for Mars",187000
"video1_188000","video1","The Quest for Mars",188000
"video1_189000","video1","The Quest for Mars",189000
"video1_190000","video1","The Quest for Mars",190000
"video1_191000","video1","The Quest for Mars",191000
"video1_192000","video1","The Quest for Mars",192000
"video1_193000","video1","The Quest for Mars",193000
"video1_194000","video1","The Quest for Mars",194000
"video1_195000","video1","The Quest for Mars",195000
"video1_196000","video1","The Quest for Mars",196000
"video1_197000","video1","The Quest for Mars",197000
"video1_198000","video1","The Quest for Mars",198000
"video1_199000","video1","The Quest for Mars",199000
"video1_200000","video1","The Quest for Mars",200000
"video1_201000","video1","The Quest for Mars",201000
"video1_202000","video1","The Quest for Mars",202000
"video1_203000","video1","The Quest for Mars",203000
"video1_204000","video1","The Quest for Mars",204000
"video1_205000","video1","The Quest for Mars",205000
"video1_206000","video1","The Quest for Mars",206000
"video1_207000","video1","The Quest for Mars",207000
"video1_208000","video1","The Quest for Mars",208000
"video1_209000","video1","The Quest for Mars",209000
"video1_210000","video1","The Quest for Mars",210000
"video1_211000","video1","The Quest for Mars",211000
"video1_212000","video1","The Quest for Mars",212000
"video1_213000","video1","The Quest for Mars",213000
"video1_214000","video1","The Quest for Mars",214000
"video1_215000","video1","The Quest for Mars",215000
"video1_216000","video1","The Quest for Mars",216000
"video1_217000","video1","The Quest for Mars",217000
"video1_218000","video1","The Quest for Mars",218000
"video1_219000","video1","The Quest for Mars",219000
"video1_220000","video1","The Quest for Mars",220000
"video1_221000","video1","The Quest for Mars",221000
"video1_222000","video1","The Quest for Mars",222000
"video1_223000","video1","The Quest for Mars",223000
"video1_224000","video1","The Quest for Mars",224000
"video1_225000","video1","The Quest for Mars",225000
"video1_226000","video1","The Quest for Mars",226000
"video1_227000","video1","The Quest for Mars",227000
"video1_228000","video1","The Quest for Mars",228000
"video1_229000","video1","The Quest for Mars",229000
"video1_230000","video1","The Quest for Mars",230000
"video1_231000","video1","The Quest for Mars",231000
"video1_232000","video1","The Quest for Mars",232000
"video1_233000","video1","The Quest for Mars",233000
"video1_234000","video1","The Quest for Mars",234000
"video1_235000","video1","The Quest for Mars",235000
"video1_236000","video1","The Quest for Mars",236000
"video1_237000","video1","The Quest for Mars",237000
"video1_238000","video1","The Quest for Mars",238000
"video1_239000","video1","The Quest for Mars",239000
"video1_240000","video1","The Quest for Mars",240000
"video1_241000","video1","The Quest for Mars",241000
"video1_242000","video1","The Quest for Mars",242000
"video1_243000","video1","The Quest for Mars",243000
"video1_244000","video1","The Quest for Mars",244000
"video1_245000","video1","The Quest for Mars",245000
"video1_246000","video1","The Quest for Mars",246000
"video1_247000","video1","The Quest for Mars",247000
"video1_248000","video1","The Quest for Mars",248000
"video1_249000","video1","The Quest for Mars",249000
"video1_250000","video1","The Quest for Mars",250000
"video1_251000","video1","The Quest for Mars",251000
"video1_252000","video1","The Quest for Mars",252000
"video1_253000","video1","The Quest for Mars",253000
"video1_254000","video1","The Quest for Mars",254000
"video1_255000","video1","The Quest for Mars",255000
"video1_256000","video1","The Quest for Mars",256000
"video1_257000","video1","The Quest for Mars",257000
"video1_258000","video1","The Quest for Mars",258000
"video1_259000","video1","The Quest for Mars",259000
"video1_260000","video1","The Quest for Mars",260000
"video1_261000","video1","The Quest for Mars",261000
"video1_262000","video1","The Quest for Mars",262000
"video1_263000","video1","The Quest for Mars",263000
"video1_264000","video1","The Quest for Mars",264000
"video1_265000","video1","The Quest for Mars",265000
"video1_266000","video1","The Quest for Mars",266000
"video1_267000","video1","The Quest for Mars",267000
"video1_268000","video1","The Quest for Mars",268000
"video1_269000","video1","The Quest for Mars",269000
"video1_270000","video1","The Quest for Mars",270000
"video1_271000","video1","The Quest for Mars",271000
"video1_272000","video1","The Quest for Mars",272000
"video1_273000","video1","The Quest for Mars",273000
"video1_274000","video1","The Quest for Mars",274000
"video1_275000","video1","The Quest for Mars",275000
"video1_276000","video1","The Quest for Mars",276000
"video1_277000","video1","The Quest for Mars",277000
"video1_278000","video1","The Quest for Mars",278000
"video1_279000","video1","The Quest for Mars",279000
"video1_280000","video1","The Quest for Mars",280000
"video1_281000","video1","The Quest for Mars",281000
"video1_282000","video1","The Quest for Mars",282000
"video1_283000","video1","The Quest for Mars",283000
"video1_284000","video1","The Quest for Mars",284000
"video1_285000","video1","The Quest for Mars",285000
"video1_286000","video1","The Quest for Mars",286000
"video1_287000","video1","The Quest for Mars",287000
"video1_288000","video1","The Quest for Mars",288000
"video1_289000","video1","The Quest for Mars",289000
"video1_290000","video1","The Quest for Mars",290000
"video1_291000","video1","The Quest for Mars",291000
"video1_292000","video1","The Quest for Mars",292000
"video1_293000","video1","The Quest for Mars",293000
"video1_294000","video1","The Quest for Mars",294000
"video1_295000","video1","The Quest for Mars",295000
"video1_296000","video1","The Quest for Mars",296000
"video1_297000","video1","The Quest for Mars",297000
"video1_298000","video1","The Quest for Mars",298000
"video1_299000","video1","The Quest for Mars",299000
"video1_300000","video1","The Quest for Mars",300000
"video1_301000","video1","The Quest for Mars",301000
"video1_302000","video1","The Quest for Mars",302000
"video1_303000","video1","The Quest for Mars",303000
"video1_304000","video1","The Quest for Mars",304000
"video1_305000","video1","The Quest for Mars",305000
"video1_306000","video1","The Quest for Mars",306000
"video1_307000","video1","The Quest for Mars",307000
"video1_308000","video1","The Quest for Mars",308000
"video1_309000","video1","The Quest for Mars",309000
"video1_310000","video1","The Quest for Mars",310000
"video1_311000","video1","The Quest for Mars",311000
"video1_312000","video1","The Quest for Mars",312000
"video1_313000","video1","The Quest for Mars",313000
"video1_314000","video1","The Quest for Mars",314000
"video1_315000","video1","The Quest for Mars",315000
"video1_316000","video1","The Quest for Mars",316000
"video1_317000","video1","The Quest for Mars",317000
"video1_318000","video1","The Quest for Mars",318000
"video1_319000","video1","The Quest for Mars",319000
"video1_320000","video1","The Quest for Mars",320000
"video1_321000","video1","The Quest for Mars",321000
"video1_322000","video1","The Quest for Mars",322000
"video1_323000","video1","The Quest for Mars",323000
"video1_324000","video1","The Quest for Mars",324000
"video1_325000","video1","The Quest for Mars",325000
"video1_326000","video1","The Quest for Mars",326000
"video1_327000","video1","The Quest for Mars",327000
"video1_328000","video1","The Quest for Mars",328000
"video1_329000","video1","The Quest for Mars",329000
"video1_330000","video1","The Quest for Mars",330000
"video1_331000","video1","The Quest for Mars",331000
"video1_332000","video1","The Quest for Mars",332000
"video1_333000","video1","The Quest for Mars",333000
"video1_334000","video1","The Quest for Mars",334000
"video1_335000","video1","The Quest for Mars",335000
"video1_336000","video1","The Quest for Mars",336000
"video1_337000","video1","The Quest for Mars",337000
"video1_338000","video1","The Quest for Mars",338000
"video2_0","video2","Saving Endangered Species",0
"video2_1000","video2","Saving Endangered Species",1000
"video2_2000","video2","Saving Endangered Species",2000
"video2_3000","video2","Saving Endangered Species",3000
"video2_4000","video2","Saving Endangered Species",4000
"video2_5000","video2","Saving Endangered Species",5000
"video2_6000","video2","Saving Endangered Species",6000
"video2_7000","video2","Saving Endangered Species",7000
"video2_8000","video2","Saving Endangered Species",8000
"video2_9000","video2","Saving Endangered Species",9000
"video2_10000","video2","Saving Endangered Species",10000
"video2_11000","video2","Saving Endangered Species",11000
"video2_12000","video2","Saving Endangered Species",12000
"video2_13000","video2","Saving Endangered Species",13000
"video2_14000","video2","Saving Endangered Species",14000
"video2_15000","video2","Saving Endangered Species",15000
"video2_16000","video2","Saving Endangered Species",16000
"video2_17000","video2","Saving Endangered Species",17000
"video2_18000","video2","Saving Endangered Species",18000
"video2_19000","video2","Saving Endangered Species",19000
"video2_20000","video2","Saving Endangered Species",20000
"video2_21000","video2","Saving Endangered Species",21000
"video2_22000","video2","Saving Endangered Species",22000
"video2_23000","video2","Saving Endangered Species",23000
"video2_24000","video2","Saving Endangered Species",24000
"video2_25000","video2","Saving Endangered Species",25000
"video2_26000","video2","Saving Endangered Species",26000
"video2_27000","video2","Saving Endangered Species",27000
"video2_28000","video2","Saving Endangered Species",28000
"video2_29000","video2","Saving Endangered Species",29000
"video2_30000","video2","Saving Endangered Species",30000
"video2_31000","video2","Saving Endangered Species",31000
"video2_32000","video2","Saving Endangered Species",32000
"video2_33000","video2","Saving Endangered Species",33000
"video2_34000","video2","Saving Endangered Species",34000
"video2_35000","video2","Saving Endangered Species",35000
"video2_36000","video2","Saving Endangered Species",36000
"video2_37000","video2","Saving Endangered Species",37000
"video2_38000","video2","Saving Endangered Species",38000
"video2_39000","video2","Saving Endangered Species",39000
"video2_40000","video2","Saving Endangered Species",40000
"video2_41000","video2","Saving Endangered Species",41000
"video2_42000","video2","Saving Endangered Species",42000
"video2_43000","video2","Saving Endangered Species",43000
"video2_44000","video2","Saving Endangered Species",44000
"video2_45000","video2","Saving Endangered Species",45000
"video2_46000","video2","Saving Endangered Species",46000
"video2_47000","video2","Saving Endangered Species",47000
"video2_48000","video2","Saving Endangered Species",48000
"video2_49000","video2","Saving Endangered Species",49000
"video2_50000","video2","Saving Endangered Species",50000
"video2_51000","video2","Saving Endangered Species",51000
"video2_52000","video2","Saving Endangered Species",52000
"video2_53000","video2","Saving Endangered Species",53000
"video2_54000","video2","Saving Endangered Species",54000
"video2_55000","video2","Saving Endangered Species",55000
"video2_56000","video2","Saving Endangered Species",56000
"video2_57000","video2","Saving Endangered Species",57000
"video2_58000","video2","Saving Endangered Species",58000
"video2_59000","video2","Saving Endangered Species",59000
"video2_60000","video2","Saving Endangered Species",60000
"video2_61000","video2","Saving Endangered Species",61000
"video2_62000","video2","Saving Endangered Species",62000
"video2_63000","video2","Saving Endangered Species",63000
"video2_64000","video2","Saving Endangered Species",64000
"video2_65000","video2","Saving Endangered Species",65000
"video2_66000","video2","Saving Endangered Species",66000
"video2_67000","video2","Saving Endangered Species",67000
"video2_68000","video2","Saving Endangered Species",68000
"video2_69000","video2","Saving Endangered Species",69000
"video2_70000","video2","Saving Endangered Species",70000
"video2_71000","video2","Saving Endangered Species",71000
"video2_72000","video2","Saving Endangered Species",72000
"video2_73000","video2","Saving Endangered Species",73000
"video2_74000","video2","Saving Endangered Species",74000
"video2_75000","video2","Saving Endangered Species",75000
"video2_76000","video2","Saving Endangered Species",76000
"video2_77000","video2","Saving Endangered Species",77000
"video2_78000","video2","Saving Endangered Species",78000
"video2_79000","video2","Saving Endangered Species",79000
"video2_80000","video2","Saving Endangered Species",80000
"video2_81000","video2","Saving Endangered Species",81000
"video2_82000","video2","Saving Endangered Species",82000
"video2_83000","video2","Saving Endangered Species",83000
"video2_84000","video2","Saving Endangered Species",84000
"video2_85000","video2","Saving Endangered Species",85000
"video2_86000","video2","Saving Endangered Species",86000
"video2_87000","video2","Saving Endangered Species",87000
"video2_88000","video2","Saving Endangered Species",88000
"video2_89000","video2","Saving Endangered Species",89000
"video2_90000","video2","Saving Endangered Species",90000
"video2_91000","video2","Saving Endangered Species",91000
"video2_92000","video2","Saving Endangered Species",92000
"video2_93000","video2","Saving Endangered Species",93000
"video2_94000","video2","Saving Endangered Species",94000
"video2_95000","video2","Saving Endangered Species",95000
"video2_96000","video2","Saving Endangered Species",96000
"video2_97000","video2","Saving Endangered Species",97000
"video2_98000","video2","Saving Endangered Species",98000
"video2_99000","video2","Saving Endangered Species",99000
"video2_100000","video2","Saving Endangered Species",100000
"video2_101000","video2","Saving Endangered Species",101000
"video2_102000","video2","Saving Endangered Species",102000
"video2_103000","video2","Saving Endangered Species",103000
"video2_104000","video2","Saving Endangered Species",104000
"video2_105000","video2","Saving Endangered Species",105000
"video2_106000","video2","Saving Endangered Species",106000
"video2_107000","video2","Saving Endangered Species",107000
"video2_108000","video2","Saving Endangered Species",108000
"video2_109000","video2","Saving Endangered Species",109000
"video2_110000","video2","Saving Endangered Species",110000
"video2_111000","video2","Saving Endangered Species",111000
"video2_112000","video2","Saving Endangered Species",112000
"video2_113000","video2","Saving Endangered Species",113000
"video2_114000","video2","Saving Endangered Species",114000
"video2_115000","video2","Saving Endangered Species",115000
"video2_116000","video2","Saving Endangered Species",116000
"video2_117000","video2","Saving Endangered Species",117000
"video2_118000","video2","Saving Endangered Species",118000
"video2_119000","video2","Saving Endangered Species",119000
"video2_120000","video2","Saving Endangered Species",120000
"video2_121000","video2","Saving Endangered Species",121000
"video2_122000","video2","Saving Endangered Species",122000
"video2_123000","video2","Saving Endangered Species",123000
"video2_124000","video2","Saving Endangered Species",124000
"video2_125000","video2","Saving Endangered Species",125000
"video2_126000","video2","Saving Endangered Species",126000
"video2_127000","video2","Saving Endangered Species",127000
"video2_128000","video2","Saving Endangered Species",128000
"video2_129000","video2","Saving Endangered Species",129000
"video2_130000","video2","Saving Endangered Species",130000
"video2_131000","video2","Saving Endangered Species",131000
"video2_132000","video2","Saving Endangered Species",132000
"video2_133000","video2","Saving Endangered Species",133000
"video2_134000","video2","Saving Endangered Species",134000
"video2_135000","video2","Saving Endangered Species",135000
"video2_136000","video2","Saving Endangered Species",136000
"video2_137000","video2","Saving Endangered Species",137000
"video2_138000","video2","Saving Endangered Species",138000
"video2_139000","video2","Saving Endangered Species",139000
"video2_140000","video2","Saving Endangered Species",140000
"video2_141000","video2","Saving Endangered Species",141000
"video2_142000","video2","Saving Endangered Species",142000
"video2_143000","video2","Saving Endangered Species",143000
"video2_144000","video2","Saving Endangered Species",144000
"video2_145000","video2","Saving Endangered Species",145000
"video2_146000","video2","Saving Endangered Species",146000
"video2_147000","video2","Saving Endangered Species",147000
"video2_148000","video2","Saving Endangered Species",148000
"video2_149000","video2","Saving Endangered Species",149000
"video2_150000","video2","Saving Endangered Species",150000
"video2_151000","video2","Saving Endangered Species",151000
"video2_152000","video2","Saving Endangered Species",152000
"video2_153000","video2","Saving Endangered Species",153000
"video2_154000","video2","Saving Endangered Species",154000
"video2_155000","video2","Saving Endangered Species",155000
"video2_156000","video2","Saving Endangered Species",156000
"video2_157000","video2","Saving Endangered Species",157000
"video2_158000","video2","Saving Endangered Species",158000
"video2_159000","video2","Saving Endangered Species",159000
"video2_160000","video2","Saving Endangered Species",160000
"video2_161000","video2","Saving Endangered Species",161000
"video2_162000","video2","Saving Endangered Species",162000
"video2_163000","video2","Saving Endangered Species",163000
"video2_164000","video2","Saving Endangered Species",164000
"video2_165000","video2","Saving Endangered Species",165000
"video2_166000","video2","Saving Endangered Species",166000
"video2_167000","video2","Saving Endangered Species",167000
"video2_168000","video2","Saving Endangered Species",168000
"video2_169000","video2","Saving Endangered Species",169000
"video2_170000","video2","Saving Endangered Species",170000
"video2_171000","video2","Saving Endangered Species",171000
"video2_172000","video2","Saving Endangered Species",172000
"video2_173000","video2","Saving Endangered Species",173000
"video2_174000","video2","Saving Endangered Species",174000
"video2_175000","video2","Saving Endangered Species",175000
"video2_176000","video2","Saving Endangered Species",176000
"video2_177000","video2","Saving Endangered Species",177000
"video2_178000","video2","Saving Endangered Species",178000
"video2_179000","video2","Saving Endangered Species",179000
"video2_180000","video2","Saving Endangered Species",180000
"video2_181000","video2","Saving Endangered Species",181000
"video2_182000","video2","Saving Endangered Species",182000
"video2_183000","video2","Saving Endangered Species",183000
"video2_184000","video2","Saving Endangered Species",184000
"video2_185000","video2","Saving Endangered Species",185000
"video2_186000","video2","Saving Endangered Species",186000
"video2_187000","video2","Saving Endangered Species",187000
"video2_188000","video2","Saving Endangered Species",188000
"video2_189000","video2","Saving Endangered Species",189000
"video2_190000","video2","Saving Endangered Species",190000
"video2_191000","video2","Saving Endangered Species",191000
"video2_192000","video2","Saving Endangered Species",192000
"video2_193000","video2","Saving Endangered Species",193000
"video2_194000","video2","Saving Endangered Species",194000
"video2_195000","video2","Saving Endangered Species",195000
"video2_196000","video2","Saving Endangered Species",196000
"video2_197000","video2","Saving Endangered Species",197000
"video2_198000","video2","Saving Endangered Species",198000
"video2_199000","video2","Saving Endangered Species",199000
"video2_200000","video2","Saving Endangered Species",200000
"video2_201000","video2","Saving Endangered Species",201000
"video2_202000","video2","Saving Endangered Species",202000
"video2_203000","video2","Saving Endangered Species",203000
"video2_204000","video2","Saving Endangered Species",204000
"video2_205000","video2","Saving Endangered Species",205000
"video2_206000","video2","Saving Endangered Species",206000
"video2_207000","video2","Saving Endangered Species",207000
"video3_0","video3","The Art of Filmmaking",0
"video3_1000","video3","The Art of Filmmaking",1000
"video3_2000","video3","The Art of Filmmaking",2000
"video3_3000","video3","The Art of Filmmaking",3000
"video3_4000","video3","The Art of Filmmaking",4000
"video3_5000","video3","The Art of Filmmaking",5000
"video3_6000","video3","The Art of Filmmaking",6000
"video3_7000","video3","The Art of Filmmaking",7000
"video3_8000","video3","The Art of Filmmaking",8000
"video3_9000","video3","The Art of Filmmaking",9000
"video3_10000","video3","The Art of Filmmaking",10000
"video3_11000","video3","The Art of Filmmaking",11000
"video3_12000","video3","The Art of Filmmaking",12000
"video3_13000","video3","The Art of Filmmaking",13000
"video3_14000","video3","The Art of Filmmaking",14000
"video3_15000","video3","The Art of Filmmaking",15000
"video3_16000","video3","The Art of Filmmaking",16000
"video3_17000","video3","The Art of Filmmaking",17000
"video3_18000","video3","The Art of Filmmaking",18000
"video3_19000","video3","The Art of Filmmaking",19000
"video3_20000","video3","The Art of Filmmaking",20000
"video3_21000","video3","The Art of Filmmaking",21000
"video3_22000","video3","The Art of Filmmaking",22000
"video3_23000","video3","The Art of Filmmaking",23000
"video3_24000","video3","The Art of Filmmaking",24000
"video3_25000","video3","The Art of Filmmaking",25000
"video3_26000","video3","The Art of Filmmaking",26000
"video3_27000","video3","The Art of Filmmaking",27000
"video3_28000","video3","The Art of Filmmaking",28000
"video3_29000","video3","The Art of Filmmaking",29000
"video3_30000","video3","The Art of Filmmaking",30000
"video3_31000","video3","The Art of Filmmaking",31000
"video3_32000","video3","The Art of Filmmaking",32000
"video3_33000","video3","The Art of Filmmaking",33000
"video3_34000","video3","The Art of Filmmaking",34000
"video3_35000","video3","The Art of Filmmaking",35000
"video3_36000","video3","The Art of Filmmaking",36000
"video3_37000","video3","The Art of Filmmaking",37000
"video3_38000","video3","The Art of Filmmaking",38000
"video3_39000","video3","The Art of Filmmaking",39000
"video3_40000","video3","The Art of Filmmaking",40000
"video3_41000","video3","The Art of Filmmaking",41000
"video3_42000","video3","The Art of Filmmaking",42000
"video3_43000","video3","The Art of Filmmaking",43000
"video3_44000","video3","The Art of Filmmaking",44000
"video3_45000","video3","The Art of Filmmaking",45000
"video3_46000","video3","The Art of Filmmaking",46000
"video3_47000","video3","The Art of Filmmaking",47000
"video3_48000","video3","The Art of Filmmaking",48000
"video3_49000","video3","The Art of Filmmaking",49000
"video3_50000","video3","The Art of Filmmaking",50000
"video3_51000","video3","The Art of Filmmaking",51000
"video3_52000","video3","The Art of Filmmaking",52000
"video3_53000","video3","The Art of Filmmaking",53000
"video3_54000","video3","The Art of Filmmaking",54000
"video3_55000","video3","The Art of Filmmaking",55000
"video3_56000","video3","The Art of Filmmaking",56000
"video3_57000","video3","The Art of Filmmaking",57000
"video3_58000","video3","The Art of Filmmaking",58000
"video3_59000","video3","The Art of Filmmaking",59000
"video3_60000","video3","The Art of Filmmaking",60000
"video3_61000","video3","The Art of Filmmaking",61000
"video3_62000","video3","The Art of Filmmaking",62000
"video3_63000","video3","The Art of Filmmaking",63000
"video3_64000","video3","The Art of Filmmaking",64000
"video3_65000","video3","The Art of Filmmaking",65000
"video3_66000","video3","The Art of Filmmaking",66000
"video3_67000","video3","The Art of Filmmaking",67000
"video3_68000","video3","The Art of Filmmaking",68000
"video3_69000","video3","The Art of Filmmaking",69000
"video3_70000","video3","The Art of Filmmaking",70000
"video3_71000","video3","The Art of Filmmaking",71000
"video3_72000","video3","The Art of Filmmaking",72000
"video3_73000","video3","The Art of Filmmaking",73000
"video3_74000","video3","The Art of Filmmaking",74000
"video3_75000","video3","The Art of Filmmaking",75000
"video3_76000","video3","The Art of Filmmaking",76000
"video3_77000","video3","The Art of Filmmaking",77000
"video3_78000","video3","The Art of Filmmaking",78000
"video3_79000","video3","The Art of Filmmaking",79000
"video3_80000","video3","The Art of Filmmaking",80000
"video3_81000","video3","The Art of Filmmaking",81000
"video3_82000","video3","The Art of Filmmaking",82000
"video3_83000","video3","The Art of Filmmaking",83000
"video3_84000","video3","The Art of Filmmaking",84000
"video3_85000","video3","The Art of Filmmaking",85000
"video3_86000","video3","The Art of Filmmaking",86000
"video3_87000","video3","The Art of Filmmaking",87000
"video3_88000","video3","The Art of Filmmaking",88000
"video3_89000","video3","The Art of Filmmaking",89000
"video3_90000","video3","The Art of Filmmaking",90000
"video3_91000","video3","The Art of Filmmaking",91000
"video3_92000","video3","The Art of Filmmaking",92000
"video3_93000","video3","The Art of Filmmaking",93000
"video3_94000","video3","The Art of Filmmaking",94000
"video3_95000","video3","The Art of Filmmaking",95000
"video3_96000","video3","The Art of Filmmaking",96000
"video3_97000","video3","The Art of Filmmaking",97000
"video3_98000","video3","The Art of Filmmaking",98000
"video3_99000","video3","The Art of Filmmaking",99000
"video3_100000","video3","The Art of Filmmaking",100000
"video3_101000","video3","The Art of Filmmaking",101000
"video3_102000","video3","The Art of Filmmaking",102000
"video3_103000","video3","The Art of Filmmaking",103000
"video3_104000","video3","The Art of Filmmaking",104000
"video3_105000","video3","The Art of Filmmaking",105000
"video3_106000","video3","The Art of Filmmaking",106000
"video3_107000","video3","The Art of Filmmaking",107000
"video3_108000","video3","The Art of Filmmaking",108000
"video3_109000","video3","The Art of Filmmaking",109000
"video3_110000","video3","The Art of Filmmaking",110000
"video3_111000","video3","The Art of Filmmaking",111000
"video3_112000","video3","The Art of Filmmaking",112000
"video3_113000","video3","The Art of Filmmaking",113000
"video3_114000","video3","The Art of Filmmaking",114000
"video3_115000","video3","The Art of Filmmaking",115000
"video3_116000","video3","The Art of Filmmaking",116000
"video3_117000","video3","The Art of Filmmaking",117000
"video3_118000","video3","The Art of Filmmaking",118000
"video3_119000","video3","The Art of Filmmaking",119000
"video3_120000","video3","The Art of Filmmaking",120000
"video3_121000","video3","The Art of Filmmaking",121000
"video3_122000","video3","The Art of Filmmaking",122000
"video3_123000","video3","The Art of Filmmaking",123000
"video3_124000","video3","The Art of Filmmaking",124000
"video3_125000","video3","The Art of Filmmaking",125000
"video3_126000","video3","The Art of Filmmaking",126000
"video3_127000","video3","The Art of Filmmaking",127000
"video3_128000","video3","The Art of Filmmaking",128000
"video3_129000","video3","The Art of Filmmaking",129000
"video3_130000","video3","The Art of Filmmaking",130000
"video3_131000","video3","The Art of Filmmaking",131000
"video3_132000","video3","The Art of Filmmaking",132000
"video3_133000","video3","The Art of Filmmaking",133000
"video3_134000","video3","The Art of Filmmaking",134000
"video3_135000","video3","The Art of Filmmaking",135000
"video3_136000","video3","The Art of Filmmaking",136000
"video3_137000","video3","The Art of Filmmaking",137000
"video3_138000","video3","The Art of Filmmaking",138000
"video3_139000","video3","The Art of Filmmaking",139000
"video3_140000","video3","The Art of Filmmaking",140000
"video3_141000","video3","The Art of Filmmaking",141000
"video3_142000","video3","The Art of Filmmaking",142000
"video3_143000","video3","The Art of Filmmaking",143000
"video3_144000","video3","The Art of Filmmaking",144000
"video3_145000","video3","The Art of Filmmaking",145000
"video3_146000","video3","The Art of Filmmaking",146000
"video3_147000","video3","The Art of Filmmaking",147000
"video3_148000","video3","The Art of Filmmaking",148000
"video3_149000","video3","The Art of Filmmaking",149000
"video3_150000","video3","The Art of Filmmaking",150000
"video3_151000","video3","The Art of Filmmaking",151000
"video3_152000","video3","The Art of Filmmaking",152000
"video3_153000","video3","The Art of Filmmaking",153000
"video3_154000","video3","The Art of Filmmaking",154000
"video3_155000","video3","The Art of Filmmaking",155000
"video3_156000","video3","The Art of Filmmaking",156000
"video3_157000","video3","The Art of Filmmaking",157000
"video3_158000","video3","The Art of Filmmaking",158000
"video3_159000","video3","The Art of Filmmaking",159000
"video3_160000","video3","The Art of Filmmaking",160000
"video3_161000","video3","The Art of Filmmaking",161000
"video3_162000","video3","The Art of Filmmaking",162000
"video3_163000","video3","The Art of Filmmaking",163000
"video3_164000","video3","The Art of Filmmaking",164000
"video3_165000","video3","The Art of Filmmaking",165000
"video3_166000","video3","The Art of Filmmaking",166000
"video3_167000","video3","The Art of Filmmaking",167000
"video3_168000","video3","The Art of Filmmaking",168000
"video3_169000","video3","The Art of Filmmaking",169000
"video3_170000","video3","The Art of Filmmaking",170000
"video3_171000","video3","The Art of Filmmaking",171000
"video3_172000","video3","The Art of Filmmaking",172000
"video3_173000","video3","The Art of Filmmaking",173000
"video3_174000","video3","The Art of Filmmaking",174000
"video3_175000","video3","The Art of Filmmaking",175000
"video3_176000","video3","The Art of Filmmaking",176000
"video3_177000","video3","The Art of Filmmaking",177000
"video3_178000","video3","The Art of Filmmaking",178000
"video3_179000","video3","The Art of Filmmaking",179000
"video3_180000","video3","The Art of Filmmaking",180000
"video3_181000","video3","The Art of Filmmaking",181000
"video3_182000","video3","The Art of Filmmaking",182000
"video3_183000","video3","The Art of Filmmaking",183000
"video3_184000","video3","The Art of Filmmaking",184000
"video3_185000","video3","The Art of Filmmaking",185000
"video3_186000","video3","The Art of Filmmaking",186000
"video3_187000","video3","The Art of Filmmaking",187000
"video3_188000","video3","The Art of Filmmaking",188000
"video3_189000","video3","The Art of Filmmaking",189000
"video3_190000","video3","The Art of Filmmaking",190000
"video3_191000","video3","The Art of Filmmaking",191000
"video3_192000","video3","The Art of Filmmaking",192000
"video3_193000","video3","The Art of Filmmaking",193000
"video3_194000","video3","The Art of Filmmaking",194000
"video3_195000","video3","The Art of Filmmaking",195000
"video3_196000","video3","The Art of Filmmaking",196000
"video3_197000","video3","The Art of Filmmaking",197000
"video3_198000","video3","The Art of Filmmaking",198000
"video3_199000","video3","The Art of Filmmaking",199000
"video3_200000","video3","The Art of Filmmaking",200000
"video3_201000","video3","The Art of Filmmaking",201000
"video3_202000","video3","The Art of Filmmaking",202000
"video3_203000","video3","The Art of Filmmaking",203000
"video3_204000","video3","The Art of Filmmaking",204000
"video3_205000","video3","The Art of Filmmaking",205000
"video3_206000","video3","The Art of Filmmaking",206000
"video3_207000","video3","The Art of Filmmaking",207000
"video3_208000","video3","The Art of Filmmaking",208000
"video3_209000","video3","The Art of Filmmaking",209000
"video3_210000","video3","The Art of Filmmaking",210000
"video3_211000","video3","The Art of Filmmaking",211000
"video3_212000","video3","The Art of Filmmaking",212000
"video3_213000","video3","The Art of Filmmaking",213000
"video3_214000","video3","The Art of Filmmaking",214000
"video3_215000","video3","The Art of Filmmaking",215000
"video3_216000","video3","The Art of Filmmaking",216000
"video3_217000","video3","The Art of Filmmaking",217000
"video3_218000","video3","The Art of Filmmaking",218000
"video3_219000","video3","The Art of Filmmaking",219000
"video3_220000","video3","The Art of Filmmaking",220000
"video3_221000","video3","The Art of Filmmaking",221000
"video3_222000","video3","The Art of Filmmaking",222000
"video3_223000","video3","The Art of Filmmaking",223000
"video3_224000","video3","The Art of Filmmaking",224000
"video3_225000","video3","The Art of Filmmaking",225000
"video3_226000","video3","The Art of Filmmaking",226000
"video3_227000","video3","The Art of Filmmaking",227000
"video3_228000","video3","The Art of Filmmaking",228000
"video3_229000","video3","The Art of Filmmaking",229000
"video3_230000","video3","The Art of Filmmaking",230000
"video3_231000","video3","The Art of Filmmaking",231000
"video3_232000","video3","The Art of Filmmaking",232000
"video3_233000","video3","The Art of Filmmaking",233000
"video3_234000","video3","The Art of Filmmaking",234000
"video3_235000","video3","The Art of Filmmaking",235000
"video3_236000","video3","The Art of Filmmaking",236000
"video3_237000","video3","The Art of Filmmaking",237000
"video3_238000","video3","The Art of Filmmaking",238000
"video3_239000","video3","The Art of Filmmaking",239000
"video3_240000","video3","The Art of Filmmaking",240000
"video3_241000","video3","The Art of Filmmaking",241000
"video3_242000","video3","The Art of Filmmaking",242000
"video3_243000","video3","The Art of Filmmaking",243000
"video3_244000","video3","The Art of Filmmaking",244000
"video3_245000","video3","The Art of Filmmaking",245000
"video3_246000","video3","The Art of Filmmaking",246000
"video3_247000","video3","The Art of Filmmaking",247000
"video3_248000","video3","The Art of Filmmaking",248000
"video3_249000","video3","The Art of Filmmaking",249000
"video3_250000","video3","The Art of Filmmaking",250000
"video3_251000","video3","The Art of Filmmaking",251000
"video3_252000","video3","The Art of Filmmaking",252000
"video3_253000","video3","The Art of Filmmaking",253000
"video3_254000","video3","The Art of Filmmaking",254000
"video3_255000","video3","The Art of Filmmaking",255000
"video3_256000","video3","The Art of Filmmaking",256000
"video3_257000","video3","The Art of Filmmaking",257000
"video3_258000","video3","The Art of Filmmaking",258000
"video3_259000","video3","The Art of Filmmaking",259000
"video3_260000","video3","The Art of Filmmaking",260000
"video3_261000","video3","The Art of Filmmaking",261000
"video3_262000","video3","The Art of Filmmaking",262000
"video3_263000","video3","The Art of Filmmaking",263000
"video3_264000","video3","The Art of Filmmaking",264000
"video3_265000","video3","The Art of Filmmaking",265000
"video3_266000","video3","The Art of Filmmaking",266000
"video3_267000","video3","The Art of Filmmaking",267000
"video3_268000","video3","The Art of Filmmaking",268000
"video3_269000","video3","The Art of Filmmaking",269000
"video3_270000","video3","The Art of Filmmaking",270000
"video3_271000","video3","The Art of Filmmaking",271000
"video3_272000","video3","The Art of Filmmaking",272000
"video3_273000","video3","The Art of Filmmaking",273000
"video3_274000","video3","The Art of Filmmaking",274000
"video3_275000","video3","The Art of Filmmaking",275000
"video3_276000","video3","The Art of Filmmaking",276000
"video3_277000","video3","The Art of Filmmaking",277000
"video3_278000","video3","The Art of Filmmaking",278000
"video3_279000","video3","The Art of Filmmaking",279000
"video3_280000","video3","The Art of Filmmaking",280000
"video3_281000","video3","The Art of Filmmaking",281000
"video3_282000","video3","The Art of Filmmaking",282000
"video3_283000","video3","The Art of Filmmaking",283000
"video3_284000","video3","The Art of Filmmaking",284000
"video3_285000","video3","The Art of Filmmaking",285000
"video3_286000","video3","The Art of Filmmaking",286000
"video3_287000","video3","The Art of Filmmaking",287000
"video3_288000","video3","The Art of Filmmaking",288000
"video3_289000","video3","The Art of Filmmaking",289000
"video3_290000","video3","The Art of Filmmaking",290000
"video3_291000","video3","The Art of Filmmaking",291000
"video3_292000","video3","The Art of Filmmaking",292000
"video3_293000","video3","The Art of Filmmaking",293000
"video3_294000","video3","The Art of Filmmaking",294000
"video3_295000","video3","The Art of Filmmaking",295000
"video3_296000","video3","The Art of Filmmaking",296000
"video3_297000","video3","The Art of Filmmaking",297000
"video3_298000","video3","The Art of Filmmaking",298000
"video3_299000","video3","The Art of Filmmaking",299000
"video3_300000","video3","The Art of Filmmaking",300000
"video3_301000","video3","The Art of Filmmaking",301000
"video3_302000","video3","The Art of Filmmaking",302000
"video3_303000","video3","The Art of Filmmaking",303000
"video3_304000","video3","The Art of Filmmaking",304000
"video3_305000","video3","The Art of Filmmaking",305000
"video3_306000","video3","The Art of Filmmaking",306000
"video3_307000","video3","The Art of Filmmaking",307000
"video3_308000","video3","The Art of Filmmaking",308000
"video3_309000","video3","The Art of Filmmaking",309000
"video3_310000","video3","The Art of Filmmaking",310000
"video3_311000","video3","The Art of Filmmaking",311000
"video3_312000","video3","The Art of Filmmaking",312000
"video3_313000","video3","The Art of Filmmaking",313000
"video3_314000","video3","The Art of Filmmaking",314000
"video3_315000","video3","The Art of Filmmaking",315000
"video3_316000","video3","The Art of Filmmaking",316000
"video3_317000","video3","The Art of Filmmaking",317000
"video3_318000","video3","The Art of Filmmaking",318000
"video3_319000","video3","The Art of Filmmaking",319000
"video3_320000","video3","The Art of Filmmaking",320000
"video3_321000","video3","The Art of Filmmaking",321000
"video3_322000","video3","The Art of Filmmaking",322000
"video3_323000","video3","The Art of Filmmaking",323000
"video3_324000","video3","The Art of Filmmaking",324000
"video3_325000","video3","The Art of Filmmaking",325000
"video3_326000","video3","The Art of Filmmaking",326000
"video3_327000","video3","The Art of Filmmaking",327000
"video3_328000","video3","The Art of Filmmaking",328000
"video3_329000","video3","The Art of Filmmaking",329000
"video3_330000","video3","The Art of Filmmaking",330000
"video3_331000","video3","The Art of Filmmaking",331000
"video3_332000","video3","The Art of Filmmaking",332000
"video3_333000","video3","The Art of Filmmaking",333000
"video3_334000","video3","The Art of Filmmaking",334000
"video3_335000","video3","The Art of Filmmaking",335000
"video3_336000","video3","The Art of Filmmaking",336000
"video3_337000","video3","The Art of Filmmaking",337000
"video3_338000","video3","The Art of Filmmaking",338000
"video3_339000","video3","The Art of Filmmaking",339000
"video3_340000","video3","The Art of Filmmaking",340000
"video3_341000","video3","The Art of Filmmaking",341000
"video3_342000","video3","The Art of Filmmaking",342000
"video3_343000","video3","The Art of Filmmaking",343000
"video3_344000","video3","The Art of Filmmaking",344000
"video3_345000","video3","The Art of Filmmaking",345000
"video3_346000","video3","The Art of Filmmaking",346000
"video3_347000","video3","The Art of Filmmaking",347000
"video3_348000","video3","The Art of Filmmaking",348000
"video3_349000","video3","The Art of Filmmaking",349000
"video3_350000","video3","The Art of Filmmaking",350000
"video3_351000","video3","The Art of Filmmaking",351000
"video3_352000","video3","The Art of Filmmaking",352000
"video3_353000","video3","The Art of Filmmaking",353000
"video3_354000","video3","The Art of Filmmaking",354000
"video3_355000","video3","The Art of Filmmaking",355000
"video3_356000","video3","The Art of Filmmaking",356000
"video3_357000","video3","The Art of Filmmaking",357000
"video3_358000","video3","The Art of Filmmaking",358000
"video3_359000","video3","The Art of Filmmaking",359000
"video3_360000","video3","The Art of Filmmaking",360000
"video3_361000","video3","The Art of Filmmaking",361000
"video3_362000","video3","The Art of Filmmaking",362000
"video3_363000","video3","The Art of Filmmaking",363000
"video3_364000","video3","The Art of Filmmaking",364000
"video3_365000","video3","The Art of Filmmaking",365000
"video3_366000","video3","The Art of Filmmaking",366000
"video3_367000","video3","The Art of Filmmaking",367000
"video3_368000","video3","The Art of Filmmaking",368000
"video3_369000","video3","The Art of Filmmaking",369000
"video3_370000","video3","The Art of Filmmaking",370000
"video3_371000","video3","The Art of Filmmaking",371000
"video3_372000","video3","The Art of Filmmaking",372000
"video3_373000","video3","The Art of Filmmaking",373000
"video3_374000","video3","The Art of Filmmaking",374000
"video3_375000","video3","The Art of Filmmaking",375000
"video3_376000","video3","The Art of Filmmaking",376000
"video3_377000","video3","The Art of Filmmaking",377000
"video3_378000","video3","The Art of Filmmaking",378000
"video3_379000","video3","The Art of Filmmaking",379000
"video3_380000","video3","The Art of Filmmaking",380000
"video3_381000","video3","The Art of Filmmaking",381000
"video3_382000","video3","The Art of Filmmaking",382000
"video3_383000","video3","The Art of Filmmaking",383000
"video3_384000","video3","The Art of Filmmaking",384000
"video3_385000","video3","The Art of Filmmaking",385000
"video3_386000","video3","The Art of Filmmaking",386000
"video3_387000","video3","The Art of Filmmaking",387000
"video3_388000","video3","The Art of Filmmaking",388000
"video3_389000","video3","The Art of Filmmaking",389000
"video3_390000","video3","The Art of Filmmaking",390000
"video3_391000","video3","The Art of Filmmaking",391000
"video3_392000","video3","The Art of Filmmaking",392000
"video3_393000","video3","The Art of Filmmaking",393000
"video3_394000","video3","The Art of Filmmaking",394000
"video3_395000","video3","The Art of Filmmaking",395000
"video3_396000","video3","The Art of Filmmaking",396000
"video3_397000","video3","The Art of Filmmaking",397000
"video3_398000","video3","The Art of Filmmaking",398000
"video3_399000","video3","The Art of Filmmaking",399000
"video3_400000","video3","The Art of Filmmaking",400000
"video3_401000","video3","The Art of Filmmaking",401000
"video3_402000","video3","The Art of Filmmaking",402000
"video3_403000","video3","The Art of Filmmaking",403000
"video3_404000","video3","The Art of Filmmaking",404000
"video3_405000","video3","The Art of Filmmaking",405000
"video3_406000","video3","The Art of Filmmaking",406000
"video3_407000","video3","The Art of Filmmaking",407000
"video3_408000","video3","The Art of Filmmaking",408000
"video3_409000","video3","The Art of Filmmaking",409000
"video3_410000","video3","The Art of Filmmaking",410000
"video3_411000","video3","The Art of Filmmaking",411000
"video3_412000","video3","The Art of Filmmaking",412000
"video3_413000","video3","The Art of Filmmaking",413000
"video3_414000","video3","The Art of Filmmaking",414000
"video3_415000","video3","The Art of Filmmaking",415000
"video3_416000","video3","The Art of Filmmaking",416000
"video3_417000","video3","The Art of Filmmaking",417000
"video3_418000","video3","The Art of Filmmaking",418000
"video3_419000","video3","The Art of Filmmaking",419000
"video3_420000","video3","The Art of Filmmaking",420000
"video3_421000","video3","The Art of Filmmaking",421000
"video3_422000","video3","The Art of Filmmaking",422000
"video3_423000","video3","The Art of Filmmaking",423000
"video3_424000","video3","The Art of Filmmaking",424000
"video3_425000","video3","The Art of Filmmaking",425000
"video3_426000","video3","The Art of Filmmaking",426000
"video3_427000","video3","The Art of Filmmaking",427000
"video3_428000","video3","The Art of Filmmaking",428000
"video3_429000","video3","The Art of Filmmaking",429000
"video3_430000","video3","The Art of Filmmaking",430000
"video3_431000","video3","The Art of Filmmaking",431000
"video3_432000","video3","The Art of Filmmaking",432000
"video3_433000","video3","The Art of Filmmaking",433000
"video3_434000","video3","The Art of Filmmaking",434000
"video3_435000","video3","The Art of Filmmaking",435000
"video3_436000","video3","The Art of Filmmaking",436000
"video3_437000","video3","The Art of Filmmaking",437000
"video3_438000","video3","The Art of Filmmaking",438000
"video3_439000","video3","The Art of Filmmaking",439000
"video3_440000","video3","The Art of Filmmaking",440000
"video3_441000","video3","The Art of Filmmaking",441000
"video3_442000","video3","The Art of Filmmaking",442000
"video3_443000","video3","The Art of Filmmaking",443000
"video3_444000","video3","The Art of Filmmaking",444000
"video3_445000","video3","The Art of Filmmaking",445000
"video3_446000","video3","The Art of Filmmaking",446000
"video3_447000","video3","The Art of Filmmaking",447000
"video3_448000","video3","The Art of Filmmaking",448000
"video3_449000","video3","The Art of Filmmaking",449000
"video3_450000","video3","The Art of Filmmaking",450000
"video3_451000","video3","The Art of Filmmaking",451000
"video3_452000","video3","The Art of Filmmaking",452000
"video3_453000","video3","The Art of Filmmaking",453000
"video3_454000","video3","The Art of Filmmaking",454000
"video3_455000","video3","The Art of Filmmaking",455000
"video3_456000","video3","The Art of Filmmaking",456000
"video3_457000","video3","The Art of Filmmaking",457000
"video3_458000","video3","The Art of Filmmaking",458000
"video3_459000","video3","The Art of Filmmaking",459000
"video3_460000","video3","The Art of Filmmaking",460000
"video3_461000","video3","The Art of Filmmaking",461000
"video3_462000","video3","The Art of Filmmaking",462000
"video3_463000","video3","The Art of Filmmaking",463000
"video3_464000","video3","The Art of Filmmaking",464000
"video3_465000","video3","The Art of Filmmaking",465000
"video3_466000","video3","The Art of Filmmaking",466000
"video3_467000","video3","The Art of Filmmaking",467000
"video3_468000","video3","The Art of Filmmaking",468000
"video3_469000","video3","The Art of Filmmaking",469000
"video3_470000","video3","The Art of Filmmaking",470000
"video3_471000","video3","The Art of Filmmaking",471000
"video3_472000","video3","The Art of Filmmaking",472000
"video3_473000","video3","The Art of Filmmaking",473000
"video3_474000","video3","The Art of Filmmaking",474000
"video3_475000","video3","The Art of Filmmaking",475000
"video3_476000","video3","The Art of Filmmaking",476000
"video3_477000","video3","The Art of Filmmaking",477000
"video3_478000","video3","The Art of Filmmaking",478000
"video4_0","video4","Epic World History",0
"video4_1000","video4","Epic World History",1000
"video4_2000","video4","Epic World History",2000
"video4_3000","video4","Epic World History",3000
"video4_4000","video4","Epic World History",4000
"video4_5000","video4","Epic World History",5000
"video4_6000","video4","Epic World History",6000
"video4_7000","video4","Epic World History",7000
"video4_8000","video4","Epic World History",8000
"video4_9000","video4","Epic World History",9000
"video4_10000","video4","Epic World History",10000
"video4_11000","video4","Epic World History",11000
"video4_12000","video4","Epic World History",12000
"video4_13000","video4","Epic World History",13000
"video4_14000","video4","Epic World History",14000
"video4_15000","video4","Epic World History",15000
"video4_16000","video4","Epic World History",16000
"video4_17000","video4","Epic World History",17000
"video4_18000","video4","Epic World History",18000
"video4_19000","video4","Epic World History",19000
"video4_20000","video4","Epic World History",20000
"video4_21000","video4","Epic World History",21000
"video4_22000","video4","Epic World History",22000
"video4_23000","video4","Epic World History",23000
"video4_24000","video4","Epic World History",24000
"video4_25000","video4","Epic World History",25000
"video4_26000","video4","Epic World History",26000
"video4_27000","video4","Epic World History",27000
"video4_28000","video4","Epic World History",28000
"video4_29000","video4","Epic World History",29000
"video4_30000","video4","Epic World History",30000
"video4_31000","video4","Epic World History",31000
"video4_32000","video4","Epic World History",32000
"video4_33000","video4","Epic World History",33000
"video4_34000","video4","Epic World History",34000
"video4_35000","video4","Epic World History",35000
"video4_36000","video4","Epic World History",36000
"video4_37000","video4","Epic World History",37000
"video4_38000","video4","Epic World History",38000
"video4_39000","video4","Epic World History",39000
"video4_40000","video4","Epic World History",40000
"video4_41000","video4","Epic World History",41000
"video4_42000","video4","Epic World History",42000
"video4_43000","video4","Epic World History",43000
"video4_44000","video4","Epic World History",44000
"video4_45000","video4","Epic World History",45000
"video4_46000","video4","Epic World History",46000
"video4_47000","video4","Epic World History",47000
"video4_48000","video4","Epic World History",48000
"video4_49000","video4","Epic World History",49000
"video4_50000","video4","Epic World History",50000
"video4_51000","video4","Epic World History",51000
"video4_52000","video4","Epic World History",52000
"video4_53000","video4","Epic World History",53000
"video4_54000","video4","Epic World History",54000
"video4_55000","video4","Epic World History",55000
"video4_56000","video4","Epic World History",56000
"video4_57000","video4","Epic World History",57000
"video4_58000","video4","Epic World History",58000
"video4_59000","video4","Epic World History",59000
"video4_60000","video4","Epic World History",60000
"video4_61000","video4","Epic World History",61000
"video4_62000","video4","Epic World History",62000
"video4_63000","video4","Epic World History",63000
"video4_64000","video4","Epic World History",64000
"video4_65000","video4","Epic World History",65000
"video4_66000","video4","Epic World History",66000
"video4_67000","video4","Epic World History",67000
"video4_68000","video4","Epic World History",68000
"video4_69000","video4","Epic World History",69000
"video4_70000","video4","Epic World History",70000
"video4_71000","video4","Epic World History",71000
"video4_72000","video4","Epic World History",72000
"video4_73000","video4","Epic World History",73000
"video4_74000","video4","Epic World History",74000
"video4_75000","video4","Epic World History",75000
"video4_76000","video4","Epic World History",76000
"video4_77000","video4","Epic World History",77000
"video4_78000","video4","Epic World History",78000
"video4_79000","video4","Epic World History",79000
"video4_80000","video4","Epic World History",80000
"video4_81000","video4","Epic World History",81000
"video4_82000","video4","Epic World History",82000
"video4_83000","video4","Epic World History",83000
"video4_84000","video4","Epic World History",84000
"video4_85000","video4","Epic World History",85000
"video4_86000","video4","Epic World History",86000
"video4_87000","video4","Epic World History",87000
"video4_88000","video4","Epic World History",88000
"video4_89000","video4","Epic World History",89000
"video4_90000","video4","Epic World History",90000
"video4_91000","video4","Epic World History",91000
"video4_92000","video4","Epic World History",92000
"video4_93000","video4","Epic World History",93000
"video4_94000","video4","Epic World History",94000
"video4_95000","video4","Epic World History",95000
"video4_96000","video4","Epic World History",96000
"video4_97000","video4","Epic World History",97000
"video4_98000","video4","Epic World History",98000
"video4_99000","video4","Epic World History",99000
"video4_100000","video4","Epic World History",100000
"video4_101000","video4","Epic World History",101000
"video4_102000","video4","Epic World History",102000
"video4_103000","video4","Epic World History",103000
"video4_104000","video4","Epic World History",104000
"video4_105000","video4","Epic World History",105000
"video4_106000","video4","Epic World History",106000
"video4_107000","video4","Epic World History",107000
"video4_108000","video4","Epic World History",108000
"video4_109000","video4","Epic World History",109000
"video4_110000","video4","Epic World History",110000
"video4_111000","video4","Epic World History",111000
"video4_112000","video4","Epic World History",112000
"video4_113000","video4","Epic World History",113000
"video4_114000","video4","Epic World History",114000
"video4_115000","video4","Epic World History",115000
"video4_116000","video4","Epic World History",116000
"video4_117000","video4","Epic World History",117000
"video4_118000","video4","Epic World History",118000
"video4_119000","video4","Epic World History",119000
"video4_120000","video4","Epic World History",120000
"video4_121000","video4","Epic World History",121000
"video4_122000","video4","Epic World History",122000
"video4_123000","video4","Epic World History",123000
"video4_124000","video4","Epic World History",124000
"video4_125000","video4","Epic World History",125000
"video4_126000","video4","Epic World History",126000
"video4_127000","video4","Epic World History",127000
"video4_128000","video4","Epic World History",128000
"video4_129000","video4","Epic World History",129000
"video4_130000","video4","Epic World History",130000
"video4_131000","video4","Epic World History",131000
"video4_132000","video4","Epic World History",132000
"video4_133000","video4","Epic World History",133000
"video4_134000","video4","Epic World History",134000
"video4_135000","video4","Epic World History",135000
"video4_136000","video4","Epic World History",136000
"video4_137000","video4","Epic World History",137000
"video4_138000","video4","Epic World History",138000
"video4_139000","video4","Epic World History",139000
"video4_140000","video4","Epic World History",140000
"video4_141000","video4","Epic World History",141000
"video4_142000","video4","Epic World History",142000
"video4_143000","video4","Epic World History",143000
"video4_144000","video4","Epic World History",144000
"video4_145000","video4","Epic World History",145000
"video4_146000","video4","Epic World History",146000
"video4_147000","video4","Epic World History",147000
"video4_148000","video4","Epic World History",148000
"video4_149000","video4","Epic World History",149000
"video4_150000","video4","Epic World History",150000
"video4_151000","video4","Epic World History",151000
"video4_152000","video4","Epic World History",152000
"video4_153000","video4","Epic World History",153000
"video4_154000","video4","Epic World History",154000
"video4_155000","video4","Epic World History",155000
"video4_156000","video4","Epic World History",156000
"video4_157000","video4","Epic World History",157000
"video4_158000","video4","Epic World History",158000
"video4_159000","video4","Epic World History",159000
"video4_160000","video4","Epic World History",160000
"video4_161000","video4","Epic World History",161000
"video4_162000","video4","Epic World History",162000
"video4_163000","video4","Epic World History",163000
"video4_164000","video4","Epic World History",164000
"video4_165000","video4","Epic World History",165000
"video4_166000","video4","Epic World History",166000
"video4_167000","video4","Epic World History",167000
"video4_168000","video4","Epic World History",168000
"video4_169000","video4","Epic World History",169000
"video4_170000","video4","Epic World History",170000
"video4_171000","video4","Epic World History",171000
"video4_172000","video4","Epic World History",172000
"video4_173000","video4","Epic World History",173000
"video4_174000","video4","Epic World History",174000
"video4_175000","video4","Epic World History",175000
"video4_176000","video4","Epic World History",176000
"video4_177000","video4","Epic World History",177000
"video4_178000","video4","Epic World History",178000
"video4_179000","video4","Epic World History",179000
"video4_180000","video4","Epic World History",180000
"video4_181000","video4","Epic World History",181000
"video4_182000","video4","Epic World History",182000
"video4_183000","video4","Epic World History",183000
"video4_184000","video4","Epic World History",184000
"video4_185000","video4","Epic World History",185000
"video4_186000","video4","Epic World History",186000
"video4_187000","video4","Epic World History",187000
"video4_188000","video4","Epic World History",188000
"video4_189000","video4","Epic World History",189000
"video4_190000","video4","Epic World History",190000
"video4_191000","video4","Epic World History",191000
"video4_192000","video4","Epic World History",192000
"video4_193000","video4","Epic World History",193000
"video4_194000","video4","Epic World History",194000
"video4_195000","video4","Epic World History",195000
"video4_196000","video4","Epic World History",196000
"video4_197000","video4","Epic World History",197000
"video4_198000","video4","Epic World History",198000
"video4_199000","video4","Epic World History",199000
"video4_200000","video4","Epic World History",200000
"video4_201000","video4","Epic World History",201000
"video4_202000","video4","Epic World History",202000
"video4_203000","video4","Epic World History",203000
"video4_204000","video4","Epic World History",204000
"video4_205000","video4","Epic World History",205000
"video4_206000","video4","Epic World History",206000
"video4_207000","video4","Epic World History",207000
"video4_208000","video4","Epic World History",208000
"video4_209000","video4","Epic World History",209000
"video4_210000","video4","Epic World History",210000
"video4_211000","video4","Epic World History",211000
"video4_212000","video4","Epic World History",212000
"video4_213000","video4","Epic World History",213000
"video4_214000","video4","Epic World History",214000
"video4_215000","video4","Epic World History",215000
"video4_216000","video4","Epic World History",216000
"video4_217000","video4","Epic World History",217000
"video4_218000","video4","Epic World History",218000
"video4_219000","video4","Epic World History",219000
"video4_220000","video4","Epic World History",220000
"video4_221000","video4","Epic World History",221000
"video4_222000","video4","Epic World History",222000
"video4_223000","video4","Epic World History",223000
"video4_224000","video4","Epic World History",224000
"video4_225000","video4","Epic World History",225000
"video4_226000","video4","Epic World History",226000
"video4_227000","video4","Epic World History",227000
"video4_228000","video4","Epic World History",228000
"video4_229000","video4","Epic World History",229000
"video4_230000","video4","Epic World History",230000
"video4_231000","video4","Epic World History",231000
"video4_232000","video4","Epic World History",232000
"video4_233000","video4","Epic World History",233000
"video4_234000","video4","Epic World History",234000
"video4_235000","video4","Epic World History",235000
"video4_236000","video4","Epic World History",236000
"video4_237000","video4","Epic World History",237000
"video4_238000","video4","Epic World History",238000
"video4_239000","video4","Epic World History",239000
"video4_240000","video4","Epic World History",240000
"video4_241000","video4","Epic World History",241000
"video4_242000","video4","Epic World History",242000
"video4_243000","video4","Epic World History",243000
"video4_244000","video4","Epic World History",244000
"video4_245000","video4","Epic World History",245000
"video4_246000","video4","Epic World History",246000
"video4_247000","video4","Epic World History",247000
"video4_248000","video4","Epic World History",248000
"video4_249000","video4","Epic World History",249000
"video4_250000","video4","Epic World History",250000
"video4_251000","video4","Epic World History",251000
"video4_252000","video4","Epic World History",252000
"video4_253000","video4","Epic World History",253000
"video4_254000","video4","Epic World History",254000
"video4_255000","video4","Epic World History",255000
"video4_256000","video4","Epic World History",256000
"video4_257000","video4","Epic World History",257000
"video4_258000","video4","Epic World History",258000
"video4_259000","video4","Epic World History",259000
"video4_260000","video4","Epic World History",260000
"video4_261000","video4","Epic World History",261000
"video4_262000","video4","Epic World History",262000
"video4_263000","video4","Epic World History",263000
"video4_264000","video4","Epic World History",264000
"video4_265000","video4","Epic World History",265000
"video4_266000","video4","Epic World History",266000
"video4_267000","video4","Epic World History",267000
"video4_268000","video4","Epic World History",268000
"video4_269000","video4","Epic World History",269000
"video4_270000","video4","Epic World History",270000
"video4_271000","video4","Epic World History",271000
"video4_272000","video4","Epic World History",272000
"video4_273000","video4","Epic World History",273000
"video4_274000","video4","Epic World History",274000
"video4_275000","video4","Epic World History",275000
"video4_276000","video4","Epic World History",276000
"video4_277000","video4","Epic World History",277000
"video4_278000","video4","Epic World History",278000
"video4_279000","video4","Epic World History",279000
"video4_280000","video4","Epic World History",280000
"video4_281000","video4","Epic World History",281000
"video4_282000","video4","Epic World History",282000
"video4_283000","video4","Epic World History",283000
"video4_284000","video4","Epic World History",284000
"video4_285000","video4","Epic World History",285000
"video4_286000","video4","Epic World History",286000
"video4_287000","video4","Epic World History",287000
"video4_288000","video4","Epic World History",288000
"video4_289000","video4","Epic World History",289000
"video4_290000","video4","Epic World History",290000
"video4_291000","video4","Epic World History",291000
"video4_292000","video4","Epic World History",292000
"video4_293000","video4","Epic World History",293000
"video4_294000","video4","Epic World History",294000
"video4_295000","video4","Epic World History",295000
"video4_296000","video4","Epic World History",296000
"video4_297000","video4","Epic World History",297000
"video4_298000","video4","Epic World History",298000
"video4_299000","video4","Epic World History",299000
"video4_300000","video4","Epic World History",300000
"video4_301000","video4","Epic World History",301000
"video4_302000","video4","Epic World History",302000
"video4_303000","video4","Epic World History",303000
"video4_304000","video4","Epic World History",304000
"video4_305000","video4","Epic World History",305000
"video4_306000","video4","Epic World History",306000
"video4_307000","video4","Epic World History",307000
"video4_308000","video4","Epic World History",308000
"video4_309000","video4","Epic World History",309000
"video4_310000","video4","Epic World History",310000
"video4_311000","video4","Epic World History",311000
"video4_312000","video4","Epic World History",312000
"video4_313000","video4","Epic World History",313000
"video4_314000","video4","Epic World History",314000
"video4_315000","video4","Epic World History",315000
"video4_316000","video4","Epic World History",316000
"video4_317000","video4","Epic World History",317000
"video4_318000","video4","Epic World History",318000
"video4_319000","video4","Epic World History",319000
"video4_320000","video4","Epic World History",320000
"video4_321000","video4","Epic World History",321000
"video4_322000","video4","Epic World History",322000
"video4_323000","video4","Epic World History",323000
"video4_324000","video4","Epic World History",324000
"video4_325000","video4","Epic World History",325000
"video4_326000","video4","Epic World History",326000
"video4_327000","video4","Epic World History",327000
"video4_328000","video4","Epic World History",328000
"video4_329000","video4","Epic World History",329000
"video4_330000","video4","Epic World History",330000
"video4_331000","video4","Epic World History",331000
"video4_332000","video4","Epic World History",332000
"video4_333000","video4","Epic World History",333000
"video4_334000","video4","Epic World History",334000
"video4_335000","video4","Epic World History",335000
"video4_336000","video4","Epic World History",336000
"video4_337000","video4","Epic World History",337000
"video4_338000","video4","Epic World History",338000
"video4_339000","video4","Epic World History",339000
"video4_340000","video4","Epic World History",340000
"video4_341000","video4","Epic World History",341000
"video4_342000","video4","Epic World History",342000
"video4_343000","video4","Epic World History",343000
"video4_344000","video4","Epic World History",344000
"video4_345000","video4","Epic World History",345000
"video4_346000","video4","Epic World History",346000
"video4_347000","video4","Epic World History",347000
"video4_348000","video4","Epic World History",348000
"video4_349000","video4","Epic World History",349000
"video4_350000","video4","Epic World History",350000
"video4_351000","video4","Epic World History",351000
"video4_352000","video4","Epic World History",352000
"video4_353000","video4","Epic World History",353000
"video4_354000","video4","Epic World History",354000
"video4_355000","video4","Epic World History",355000
"video4_356000","video4","Epic World History",356000
"video4_357000","video4","Epic World History",357000
"video4_358000","video4","Epic World History",358000
"video4_359000","video4","Epic World History",359000
"video4_360000","video4","Epic World History",360000
"video4_361000","video4","Epic World History",361000
"video4_362000","video4","Epic World History",362000
"video4_363000","video4","Epic World History",363000
"video4_364000","video4","Epic World History",364000
"video4_365000","video4","Epic World History",365000
"video4_366000","video4","Epic World History",366000
"video4_367000","video4","Epic World History",367000
"video4_368000","video4","Epic World History",368000
"video4_369000","video4","Epic World History",369000
"video4_370000","video4","Epic World History",370000
"video4_371000","video4","Epic World History",371000
"video4_372000","video4","Epic World History",372000
"video4_373000","video4","Epic World History",373000
"video4_374000","video4","Epic World History",374000
"video4_375000","video4","Epic World History",375000
"video4_376000","video4","Epic World History",376000
"video4_377000","video4","Epic World History",377000
"video4_378000","video4","Epic World History",378000
"video4_379000","video4","Epic World History",379000
"video4_380000","video4","Epic World History",380000
"video4_381000","video4","Epic World History",381000
"video4_382000","video4","Epic World History",382000
"video4_383000","video4","Epic World History",383000
"video4_384000","video4","Epic World History",384000
"video4_385000","video4","Epic World History",385000
"video4_386000","video4","Epic World History",386000
"video4_387000","video4","Epic World History",387000
"video4_388000","video4","Epic World History",388000
"video4_389000","video4","Epic World History",389000
"video4_390000","video4","Epic World History",390000
"video4_391000","video4","Epic World History",391000
"video4_392000","video4","Epic World History",392000
"video4_393000","video4","Epic World History",393000
"video4_394000","video4","Epic World History",394000
"video4_395000","video4","Epic World History",395000
"video4_396000","video4","Epic World History",396000
"video4_397000","video4","Epic World History",397000
"video4_398000","video4","Epic World History",398000
"video4_399000","video4","Epic World History",399000
"video4_400000","video4","Epic World History",400000
"video4_401000","video4","Epic World History",401000
"video4_402000","video4","Epic World History",402000
"video4_403000","video4","Epic World History",403000
"video4_404000","video4","Epic World History",404000
"video4_405000","video4","Epic World History",405000
"video4_406000","video4","Epic World History",406000
"video4_407000","video4","Epic World History",407000
"video4_408000","video4","Epic World History",408000
"video4_409000","video4","Epic World History",409000
"video4_410000","video4","Epic World History",410000
"video4_411000","video4","Epic World History",411000
"video4_412000","video4","Epic World History",412000
"video4_413000","video4","Epic World History",413000
"video4_414000","video4","Epic World History",414000
"video4_415000","video4","Epic World History",415000
"video4_416000","video4","Epic World History",416000
"video4_417000","video4","Epic World History",417000
"video4_418000","video4","Epic World History",418000
"video4_419000","video4","Epic World History",419000
"video4_420000","video4","Epic World History",420000
"video4_421000","video4","Epic World History",421000
"video4_422000","video4","Epic World History",422000
"video4_423000","video4","Epic World History",423000
"video4_424000","video4","Epic World History",424000
"video4_425000","video4","Epic World History",425000
"video4_426000","video4","Epic World History",426000
"video4_427000","video4","Epic World History",427000
"video4_428000","video4","Epic World History",428000
"video4_429000","video4","Epic World History",429000
"video4_430000","video4","Epic World History",430000
"video4_431000","video4","Epic World History",431000
"video4_432000","video4","Epic World History",432000
"video4_433000","video4","Epic World History",433000
"video4_434000","video4","Epic World History",434000
"video4_435000","video4","Epic World History",435000
"video4_436000","video4","Epic World History",436000
"video4_437000","video4","Epic World History",437000
"video4_438000","video4","Epic World History",438000
"video4_439000","video4","Epic World History",439000
"video4_440000","video4","Epic World History",440000
"video4_441000","video4","Epic World History",441000
"video4_442000","video4","Epic World History",442000
"video4_443000","video4","Epic World History",443000
"video4_444000","video4","Epic World History",444000
"video4_445000","video4","Epic World History",445000
"video4_446000","video4","Epic World History",446000
"video4_447000","video4","Epic World History",447000
"video4_448000","video4","Epic World History",448000
"video4_449000","video4","Epic World History",449000
"video4_450000","video4","Epic World History",450000
"video4_451000","video4","Epic World History",451000
"video4_452000","video4","Epic World History",452000
"video4_453000","video4","Epic World History",453000
"video4_454000","video4","Epic World History",454000
"video4_455000","video4","Epic World History",455000
"video4_456000","video4","Epic World History",456000
"video4_457000","video4","Epic World History",457000
"video4_458000","video4","Epic World History",458000
"video4_459000","video4","Epic World History",459000
"video4_460000","video4","Epic World History",460000
"video4_461000","video4","Epic World History",461000
"video4_462000","video4","Epic World History",462000
"video4_463000","video4","Epic World History",463000
"video4_464000","video4","Epic World History",464000
"video4_465000","video4","Epic World History",465000
"video4_466000","video4","Epic World History",466000
"video4_467000","video4","Epic World History",467000
"video4_468000","video4","Epic World History",468000
"video4_469000","video4","Epic World History",469000
"video4_470000","video4","Epic World History",470000
"video4_471000","video4","Epic World History",471000
"video4_472000","video4","Epic World History",472000
"video4_473000","video4","Epic World History",473000
"video4_474000","video4","Epic World History",474000
"video4_475000","video4","Epic World History",475000
"video4_476000","video4","Epic World History",476000
"video4_477000","video4","Epic World History",477000
"video4_478000","video4","Epic World History",478000
"video4_479000","video4","Epic World History",479000
"video4_480000","video4","Epic World History",480000
"video4_481000","video4","Epic World History",481000
"video4_482000","video4","Epic World History",482000
"video4_483000","video4","Epic World History",483000
"video4_484000","video4","Epic World History",484000
"video4_485000","video4","Epic World History",485000
"video4_486000","video4","Epic World History",486000
"video4_487000","video4","Epic World History",487000
"video4_488000","video4","Epic World History",488000
"video4_489000","video4","Epic World History",489000
"video4_490000","video4","Epic World History",490000
"video4_491000","video4","Epic World History",491000
"video4_492000","video4","Epic World History",492000
"video4_493000","video4","Epic World History",493000
"video4_494000","video4","Epic World History",494000
"video4_495000","video4","Epic World History",495000
"video4_496000","video4","Epic World History",496000
"video4_497000","video4","Epic World History",497000
"video4_498000","video4","Epic World History",498000
"video4_499000","video4","Epic World History",499000
"video4_500000","video4","Epic World History",500000
"video4_501000","video4","Epic World History",501000
"video4_502000","video4","Epic World History",502000
"video4_503000","video4","Epic World History",503000
"video4_504000","video4","Epic World History",504000
"video4_505000","video4","Epic World History",505000
"video4_506000","video4","Epic World History",506000
"video5_0","video5","Culinary Delights of Italy",0
"video5_1000","video5","Culinary Delights of Italy",1000
"video5_2000","video5","Culinary Delights of Italy",2000
"video5_3000","video5","Culinary Delights of Italy",3000
"video5_4000","video5","Culinary Delights of Italy",4000
"video5_5000","video5","Culinary Delights of Italy",5000
"video5_6000","video5","Culinary Delights of Italy",6000
"video5_7000","video5","Culinary Delights of Italy",7000
"video5_8000","video5","Culinary Delights of Italy",8000
"video5_9000","video5","Culinary Delights of Italy",9000
"video5_10000","video5","Culinary Delights of Italy",10000
"video5_11000","video5","Culinary Delights of Italy",11000
"video5_12000","video5","Culinary Delights of Italy",12000
"video5_13000","video5","Culinary Delights of Italy",13000
"video5_14000","video5","Culinary Delights of Italy",14000
"video5_15000","video5","Culinary Delights of Italy",15000
"video5_16000","video5","Culinary Delights of Italy",16000
"video5_17000","video5","Culinary Delights of Italy",17000
"video5_18000","video5","Culinary Delights of Italy",18000
"video5_19000","video5","Culinary Delights of Italy",19000
"video5_20000","video5","Culinary Delights of Italy",20000
"video5_21000","video5","Culinary Delights of Italy",21000
"video5_22000","video5","Culinary Delights of Italy",22000
"video5_23000","video5","Culinary Delights of Italy",23000
"video5_24000","video5","Culinary Delights of Italy",24000
"video5_25000","video5","Culinary Delights of Italy",25000
"video5_26000","video5","Culinary Delights of Italy",26000
"video5_27000","video5","Culinary Delights of Italy",27000
"video5_28000","video5","Culinary Delights of Italy",28000
"video5_29000","video5","Culinary Delights of Italy",29000
"video5_30000","video5","Culinary Delights of Italy",30000
"video5_31000","video5","Culinary Delights of Italy",31000
"video5_32000","video5","Culinary Delights of Italy",32000
"video5_33000","video5","Culinary Delights of Italy",33000
"video5_34000","video5","Culinary Delights of Italy",34000
"video5_35000","video5","Culinary Delights of Italy",35000
"video5_36000","video5","Culinary Delights of Italy",36000
"video5_37000","video5","Culinary Delights of Italy",37000
"video5_38000","video5","Culinary Delights of Italy",38000
"video5_39000","video5","Culinary Delights of Italy",39000
"video5_40000","video5","Culinary Delights of Italy",40000
"video5_41000","video5","Culinary Delights of Italy",41000
"video5_42000","video5","Culinary Delights of Italy",42000
"video5_43000","video5","Culinary Delights of Italy",43000
"video5_44000","video5","Culinary Delights of Italy",44000
"video5_45000","video5","Culinary Delights of Italy",45000
"video5_46000","video5","Culinary Delights of Italy",46000
"video5_47000","video5","Culinary Delights of Italy",47000
"video5_48000","video5","Culinary Delights of Italy",48000
"video5_49000","video5","Culinary Delights of Italy",49000
"video5_50000","video5","Culinary Delights of Italy",50000
"video5_51000","video5","Culinary Delights of Italy",51000
"video5_52000","video5","Culinary Delights of Italy",52000
"video5_53000","video5","Culinary Delights of Italy",53000
"video5_54000","video5","Culinary Delights of Italy",54000
"video5_55000","video5","Culinary Delights of Italy",55000
"video5_56000","video5","Culinary Delights of Italy",56000
"video5_57000","video5","Culinary Delights of Italy",57000
"video5_58000","video5","Culinary Delights of Italy",58000
"video5_59000","video5","Culinary Delights of Italy",59000
"video5_60000","video5","Culinary Delights of Italy",60000
"video5_61000","video5","Culinary Delights of Italy",61000
"video5_62000","video5","Culinary Delights of Italy",62000
"video5_63000","video5","Culinary Delights of Italy",63000
"video5_64000","video5","Culinary Delights of Italy",64000
"video5_65000","video5","Culinary Delights of Italy",65000
"video5_66000","video5","Culinary Delights of Italy",66000
"video5_67000","video5","Culinary Delights of Italy",67000
"video5_68000","video5","Culinary Delights of Italy",68000
"video5_69000","video5","Culinary Delights of Italy",69000
"video5_70000","video5","Culinary Delights of Italy",70000
"video5_71000","video5","Culinary Delights of Italy",71000
"video5_72000","video5","Culinary Delights of Italy",72000
"video5_73000","video5","Culinary Delights of Italy",73000
"video5_74000","video5","Culinary Delights of Italy",74000
"video5_75000","video5","Culinary Delights of Italy",75000
"video5_76000","video5","Culinary Delights of Italy",76000
"video5_77000","video5","Culinary Delights of Italy",77000
"video5_78000","video5","Culinary Delights of Italy",78000
"video5_79000","video5","Culinary Delights of Italy",79000
"video5_80000","video5","Culinary Delights of Italy",80000
"video5_81000","video5","Culinary Delights of Italy",81000
"video5_82000","video5","Culinary Delights of Italy",82000
"video5_83000","video5","Culinary Delights of Italy",83000
"video5_84000","video5","Culinary Delights of Italy",84000
"video5_85000","video5","Culinary Delights of Italy",85000
"video5_86000","video5","Culinary Delights of Italy",86000
"video5_87000","video5","Culinary Delights of Italy",87000
"video5_88000","video5","Culinary Delights of Italy",88000
"video5_89000","video5","Culinary Delights of Italy",89000
"video5_90000","video5","Culinary Delights of Italy",90000
"video5_91000","video5","Culinary Delights of Italy",91000
"video5_92000","video5","Culinary Delights of Italy",92000
"video5_93000","video5","Culinary Delights of Italy",93000
"video5_94000","video5","Culinary Delights of Italy",94000
"video5_95000","video5","Culinary Delights of Italy",95000
"video5_96000","video5","Culinary Delights of Italy",96000
"video5_97000","video5","Culinary Delights of Italy",97000
"video5_98000","video5","Culinary Delights of Italy",98000
"video5_99000","video5","Culinary Delights of Italy",99000
"video5_100000","video5","Culinary Delights of Italy",100000
"video5_101000","video5","Culinary Delights of Italy",101000
"video5_102000","video5","Culinary Delights of Italy",102000
"video5_103000","video5","Culinary Delights of Italy",103000
"video5_104000","video5","Culinary Delights of Italy",104000
"video5_105000","video5","Culinary Delights of Italy",105000
"video5_106000","video5","Culinary Delights of Italy",106000
"video5_107000","video5","Culinary Delights of Italy",107000
"video5_108000","video5","Culinary Delights of Italy",108000
"video5_109000","video5","Culinary Delights of Italy",109000
"video5_110000","video5","Culinary Delights of Italy",110000
"video5_111000","video5","Culinary Delights of Italy",111000
"video5_112000","video5","Culinary Delights of Italy",112000
"video5_113000","video5","Culinary Delights of Italy",113000
"video5_114000","video5","Culinary Delights of Italy",114000
"video5_115000","video5","Culinary Delights of Italy",115000
"video5_116000","video5","Culinary Delights of Italy",116000
"video5_117000","video5","Culinary Delights of Italy",117000
"video5_118000","video5","Culinary Delights of Italy",118000
"video5_119000","video5","Culinary Delights of Italy",119000
"video5_120000","video5","Culinary Delights of Italy",120000
"video5_121000","video5","Culinary Delights of Italy",121000
"video5_122000","video5","Culinary Delights of Italy",122000
"video5_123000","video5","Culinary Delights of Italy",123000
"video5_124000","video5","Culinary Delights of Italy",124000
"video5_125000","video5","Culinary Delights of Italy",125000
"video5_126000","video5","Culinary Delights of Italy",126000
"video5_127000","video5","Culinary Delights of Italy",127000
"video5_128000","video5","Culinary Delights of Italy",128000
"video5_129000","video5","Culinary Delights of Italy",129000
"video5_130000","video5","Culinary Delights of Italy",130000
"video5_131000","video5","Culinary Delights of Italy",131000
"video5_132000","video5","Culinary Delights of Italy",132000
"video5_133000","video5","Culinary Delights of Italy",133000
"video5_134000","video5","Culinary Delights of Italy",134000
"video5_135000","video5","Culinary Delights of Italy",135000
"video5_136000","video5","Culinary Delights of Italy",136000
"video5_137000","video5","Culinary Delights of Italy",137000
"video5_138000","video5","Culinary Delights of Italy",138000
"video5_139000","video5","Culinary Delights of Italy",139000
"video5_140000","video5","Culinary Delights of Italy",140000
"video5_141000","video5","Culinary Delights of Italy",141000
"video5_142000","video5","Culinary Delights of Italy",142000
"video5_143000","video5","Culinary Delights of Italy",143000
"video5_144000","video5","Culinary Delights of Italy",144000
"video5_145000","video5","Culinary Delights of Italy",145000
"video5_146000","video5","Culinary Delights of Italy",146000
"video5_147000","video5","Culinary Delights of Italy",147000
"video5_148000","video5","Culinary Delights of Italy",148000
"video5_149000","video5","Culinary Delights of Italy",149000
"video5_150000","video5","Culinary Delights of Italy",150000
"video5_151000","video5","Culinary Delights of Italy",151000
"video5_152000","video5","Culinary Delights of Italy",152000
"video5_153000","video5","Culinary Delights of Italy",153000
"video5_154000","video5","Culinary Delights of Italy",154000
"video5_155000","video5","Culinary Delights of Italy",155000
"video5_156000","video5","Culinary Delights of Italy",156000
"video5_157000","video5","Culinary Delights of Italy",157000
"video5_158000","video5","Culinary Delights of Italy",158000
"video5_159000","video5","Culinary Delights of Italy",159000
"video5_160000","video5","Culinary Delights of Italy",160000
"video5_161000","video5","Culinary Delights of Italy",161000
"video5_162000","video5","Culinary Delights of Italy",162000
"video5_163000","video5","Culinary Delights of Italy",163000
"video5_164000","video5","Culinary Delights of Italy",164000
"video5_165000","video5","Culinary Delights of Italy",165000
"video5_166000","video5","Culinary Delights of Italy",166000
"video5_167000","video5","Culinary Delights of Italy",167000
"video5_168000","video5","Culinary Delights of Italy",168000
"video5_169000","video5","Culinary Delights of Italy",169000
"video5_170000","video5","Culinary Delights of Italy",170000
"video5_171000","video5","Culinary Delights of Italy",171000
"video5_172000","video5","Culinary Delights of Italy",172000
"video5_173000","video5","Culinary Delights of Italy",173000
"video5_174000","video5","Culinary Delights of Italy",174000
"video5_175000","video5","Culinary Delights of Italy",175000
"video5_176000","video5","Culinary Delights of Italy",176000
"video5_177000","video5","Culinary Delights of Italy",177000
"video5_178000","video5","Culinary Delights of Italy",178000
"video5_179000","video5","Culinary Delights of Italy",179000
"video5_180000","video5","Culinary Delights of Italy",180000
"video5_181000","video5","Culinary Delights of Italy",181000
"video5_182000","video5","Culinary Delights of Italy",182000
"video5_183000","video5","Culinary Delights of Italy",183000
"video5_184000","video5","Culinary Delights of Italy",184000
"video5_185000","video5","Culinary Delights of Italy",185000
"video5_186000","video5","Culinary Delights of Italy",186000
"video5_187000","video5","Culinary Delights of Italy",187000
"video5_188000","video5","Culinary Delights of Italy",188000
"video5_189000","video5","Culinary Delights of Italy",189000
"video5_190000","video5","Culinary Delights of Italy",190000
"video5_191000","video5","Culinary Delights of Italy",191000
"video5_192000","video5","Culinary Delights of Italy",192000
"video5_193000","video5","Culinary Delights of Italy",193000
"video5_194000","video5","Culinary Delights of Italy",194000
"video5_195000","video5","Culinary Delights of Italy",195000
"video5_196000","video5","Culinary Delights of Italy",196000
"video5_197000","video5","Culinary Delights of Italy",197000
"video5_198000","video5","Culinary Delights of Italy",198000
"video5_199000","video5","Culinary Delights of Italy",199000
"video5_200000","video5","Culinary Delights of Italy",200000
"video5_201000","video5","Culinary Delights of Italy",201000
"video5_202000","video5","Culinary Delights of Italy",202000
"video5_203000","video5","Culinary Delights of Italy",203000
"video5_204000","video5","Culinary Delights of Italy",204000
"video5_205000","video5","Culinary Delights of Italy",205000
"video5_206000","video5","Culinary Delights of Italy",206000
"video5_207000","video5","Culinary Delights of Italy",207000
"video5_208000","video5","Culinary Delights of Italy",208000
"video5_209000","video5","Culinary Delights of Italy",209000
"video5_210000","video5","Culinary Delights of Italy",210000
"video5_211000","video5","Culinary Delights of Italy",211000
"video5_212000","video5","Culinary Delights of Italy",212000
"video5_213000","video5","Culinary Delights of Italy",213000
"video5_214000","video5","Culinary Delights of Italy",214000
"video5_215000","video5","Culinary Delights of Italy",215000
"video5_216000","video5","Culinary Delights of Italy",216000
"video5_217000","video5","Culinary Delights of Italy",217000
"video5_218000","video5","Culinary Delights of Italy",218000
"video5_219000","video5","Culinary Delights of Italy",219000
"video5_220000","video5","Culinary Delights of Italy",220000
"video5_221000","video5","Culinary Delights of Italy",221000
"video5_222000","video5","Culinary Delights of Italy",222000
"video5_223000","video5","Culinary Delights of Italy",223000
"video5_224000","video5","Culinary Delights of Italy",224000
"video5_225000","video5","Culinary Delights of Italy",225000
"video5_226000","video5","Culinary Delights of Italy",226000
"video5_227000","video5","Culinary Delights of Italy",227000
"video5_228000","video5","Culinary Delights of Italy",228000
"video5_229000","video5","Culinary Delights of Italy",229000
"video5_230000","video5","Culinary Delights of Italy",230000
"video5_231000","video5","Culinary Delights of Italy",231000
"video5_232000","video5","Culinary Delights of Italy",232000
"video5_233000","video5","Culinary Delights of Italy",233000
"video5_234000","video5","Culinary Delights of Italy",234000
"video5_235000","video5","Culinary Delights of Italy",235000
"video5_236000","video5","Culinary Delights of Italy",236000
"video5_237000","video5","Culinary Delights of Italy",237000
"video5_238000","video5","Culinary Delights of Italy",238000
"video5_239000","video5","Culinary Delights of Italy",239000
"video5_240000","video5","Culinary Delights of Italy",240000
"video5_241000","video5","Culinary Delights of Italy",241000
"video5_242000","video5","Culinary Delights of Italy",242000
"video5_243000","video5","Culinary Delights of Italy",243000
"video5_244000","video5","Culinary Delights of Italy",244000
"video5_245000","video5","Culinary Delights of Italy",245000
"video5_246000","video5","Culinary Delights of Italy",246000
"video5_247000","video5","Culinary Delights of Italy",247000
"video5_248000","video5","Culinary Delights of Italy",248000
"video5_249000","video5","Culinary Delights of Italy",249000
"video5_250000","video5","Culinary Delights of Italy",250000
"video5_251000","video5","Culinary Delights of Italy",251000
"video5_252000","video5","Culinary Delights of Italy",252000
"video5_253000","video5","Culinary Delights of Italy",253000
"video5_254000","video5","Culinary Delights of Italy",254000
"video5_255000","video5","Culinary Delights of Italy",255000
"video5_256000","video5","Culinary Delights of Italy",256000
"video5_257000","video5","Culinary Delights of Italy",257000
"video5_258000","video5","Culinary Delights of Italy",258000
"video5_259000","video5","Culinary Delights of Italy",259000
"video5_260000","video5","Culinary Delights of Italy",260000
"video5_261000","video5","Culinary Delights of Italy",261000
"video5_262000","video5","Culinary Delights of Italy",262000
"video5_263000","video5","Culinary Delights of Italy",263000
"video5_264000","video5","Culinary Delights of Italy",264000
"video5_265000","video5","Culinary Delights of Italy",265000
"video5_266000","video5","Culinary Delights of Italy",266000
"video5_267000","video5","Culinary Delights of Italy",267000
"video5_268000","video5","Culinary Delights of Italy",268000
"video5_269000","video5","Culinary Delights of Italy",269000
"video5_270000","video5","Culinary Delights of Italy",270000
"video5_271000","video5","Culinary Delights of Italy",271000
"video5_272000","video5","Culinary Delights of Italy",272000
"video5_273000","video5","Culinary Delights of Italy",273000
"video5_274000","video5","Culinary Delights of Italy",274000
"video5_275000","video5","Culinary Delights of Italy",275000
"video5_276000","video5","Culinary Delights of Italy",276000
"video5_277000","video5","Culinary Delights of Italy",277000
"video5_278000","video5","Culinary Delights of Italy",278000
"video5_279000","video5","Culinary Delights of Italy",279000
"video5_280000","video5","Culinary Delights of Italy",280000
"video5_281000","video5","Culinary Delights of Italy",281000
"video5_282000","video5","Culinary Delights of Italy",282000
"video5_283000","video5","Culinary Delights of Italy",283000
"video5_284000","video5","Culinary Delights of Italy",284000
"video5_285000","video5","Culinary Delights of Italy",285000
"video5_286000","video5","Culinary Delights of Italy",286000
"video5_287000","video5","Culinary Delights of Italy",287000
"video5_288000","video5","Culinary Delights of Italy",288000
"video5_289000","video5","Culinary Delights of Italy",289000
"video5_290000","video5","Culinary Delights of Italy",290000
"video5_291000","video5","Culinary Delights of Italy",291000
"video5_292000","video5","Culinary Delights of Italy",292000
"video5_293000","video5","Culinary Delights of Italy",293000
"video5_294000","video5","Culinary Delights of Italy",294000
"video5_295000","video5","Culinary Delights of Italy",295000
"video5_296000","video5","Culinary Delights of Italy",296000
"video5_297000","video5","Culinary Delights of Italy",297000
"video5_298000","video5","Culinary Delights of Italy",298000
"video5_299000","video5","Culinary Delights of Italy",299000
"video5_300000","video5","Culinary Delights of Italy",300000
"video5_301000","video5","Culinary Delights of Italy",301000
"video5_302000","video5","Culinary Delights of Italy",302000
"video5_303000","video5","Culinary Delights of Italy",303000
"video5_304000","video5","Culinary Delights of Italy",304000
"video5_305000","video5","Culinary Delights of Italy",305000
"video5_306000","video5","Culinary Delights of Italy",306000
"video5_307000","video5","Culinary Delights of Italy",307000
"video5_308000","video5","Culinary Delights of Italy",308000
"video5_309000","video5","Culinary Delights of Italy",309000
"video5_310000","video5","Culinary Delights of Italy",310000
"video5_311000","video5","Culinary Delights of Italy",311000
"video5_312000","video5","Culinary Delights of Italy",312000
"video5_313000","video5","Culinary Delights of Italy",313000
"video5_314000","video5","Culinary Delights of Italy",314000
"video5_315000","video5","Culinary Delights of Italy",315000
"video5_316000","video5","Culinary Delights of Italy",316000
"video5_317000","video5","Culinary Delights of Italy",317000
"video5_318000","video5","Culinary Delights of Italy",318000
"video5_319000","video5","Culinary Delights of Italy",319000
"video5_320000","video5","Culinary Delights of Italy",320000
"video5_321000","video5","Culinary Delights of Italy",321000
"video5_322000","video5","Culinary Delights of Italy",322000
"video5_323000","video5","Culinary Delights of Italy",323000
"video5_324000","video5","Culinary Delights of Italy",324000
"video5_325000","video5","Culinary Delights of Italy",325000
"video5_326000","video5","Culinary Delights of Italy",326000
"video5_327000","video5","Culinary Delights of Italy",327000
"video5_328000","video5","Culinary Delights of Italy",328000
"video5_329000","video5","Culinary Delights of Italy",329000
"video5_330000","video5","Culinary Delights of Italy",330000
"video5_331000","video5","Culinary Delights of Italy",331000
"video5_332000","video5","Culinary Delights of Italy",332000
"video5_333000","video5","Culinary Delights of Italy",333000
"video5_334000","video5","Culinary Delights of Italy",334000
"video5_335000","video5","Culinary Delights of Italy",335000
"video5_336000","video5","Culinary Delights of Italy",336000
"video5_337000","video5","Culinary Delights of Italy",337000
"video5_338000","video5","Culinary Delights of Italy",338000
"video5_339000","video5","Culinary Delights of Italy",339000
"video5_340000","video5","Culinary Delights of Italy",340000
"video5_341000","video5","Culinary Delights of Italy",341000
"video5_342000","video5","Culinary Delights of Italy",342000
"video5_343000","video5","Culinary Delights of Italy",343000
"video5_344000","video5","Culinary Delights of Italy",344000
"video5_345000","video5","Culinary Delights of Italy",345000
"video5_346000","video5","Culinary Delights of Italy",346000
"video5_347000","video5","Culinary Delights of Italy",347000
"video5_348000","video5","Culinary Delights of Italy",348000
"video5_349000","video5","Culinary Delights of Italy",349000
"video5_350000","video5","Culinary Delights of Italy",350000
"video5_351000","video5","Culinary Delights of Italy",351000
"video5_352000","video5","Culinary Delights of Italy",352000
"video5_353000","video5","Culinary Delights of Italy",353000
"video5_354000","video5","Culinary Delights of Italy",354000
"video5_355000","video5","Culinary Delights of Italy",355000
"video5_356000","video5","Culinary Delights of Italy",356000
"video5_357000","video5","Culinary Delights of Italy",357000
"video5_358000","video5","Culinary Delights of Italy",358000
"video5_359000","video5","Culinary Delights of Italy",359000
"video5_360000","video5","Culinary Delights of Italy",360000
"video5_361000","video5","Culinary Delights of Italy",361000
"video5_362000","video5","Culinary Delights of Italy",362000
"video5_363000","video5","Culinary Delights of Italy",363000
"video5_364000","video5","Culinary Delights of Italy",364000
"video5_365000","video5","Culinary Delights of Italy",365000
"video5_366000","video5","Culinary Delights of Italy",366000
"video5_367000","video5","Culinary Delights of Italy",367000
"video5_368000","video5","Culinary Delights of Italy",368000
"video5_369000","video5","Culinary Delights of Italy",369000
"video5_370000","video5","Culinary Delights of Italy",370000
"video5_371000","video5","Culinary Delights of Italy",371000
"video5_372000","video5","Culinary Delights of Italy",372000
"video5_373000","video5","Culinary Delights of Italy",373000
"video5_374000","video5","Culinary Delights of Italy",374000
"video5_375000","video5","Culinary Delights of Italy",375000
"video5_376000","video5","Culinary Delights of Italy",376000
"video5_377000","video5","Culinary Delights of Italy",377000
"video5_378000","video5","Culinary Delights of Italy",378000
"video5_379000","video5","Culinary Delights of Italy",379000
"video5_380000","video5","Culinary Delights of Italy",380000
"video5_381000","video5","Culinary Delights of Italy",381000
"video5_382000","video5","Culinary Delights of Italy",382000
"video5_383000","video5","Culinary Delights of Italy",383000
"video5_384000","video5","Culinary Delights of Italy",384000
"video5_385000","video5","Culinary Delights of Italy",385000
"video5_386000","video5","Culinary Delights of Italy",386000
"video5_387000","video5","Culinary Delights of Italy",387000
"video5_388000","video5","Culinary Delights of Italy",388000
"video5_389000","video5","Culinary Delights of Italy",389000
"video5_390000","video5","Culinary Delights of Italy",390000
"video5_391000","video5","Culinary Delights of Italy",391000
"video5_392000","video5","Culinary Delights of Italy",392000
"video5_393000","video5","Culinary Delights of Italy",393000
"video5_394000","video5","Culinary Delights of Italy",394000
"video5_395000","video5","Culinary Delights of Italy",395000
"video5_396000","video5","Culinary Delights of Italy",396000
"video5_397000","video5","Culinary Delights of Italy",397000
"video5_398000","video5","Culinary Delights of Italy",398000
"video5_399000","video5","Culinary Delights of Italy",399000
"video5_400000","video5","Culinary Delights of Italy",400000
"video5_401000","video5","Culinary Delights of Italy",401000
"video5_402000","video5","Culinary Delights of Italy",402000
"video5_403000","video5","Culinary Delights of Italy",403000
"video5_404000","video5","Culinary Delights of Italy",404000
"video5_405000","video5","Culinary Delights of Italy",405000
"video5_406000","video5","Culinary Delights of Italy",406000
"video5_407000","video5","Culinary Delights of Italy",407000
"video5_408000","video5","Culinary Delights of Italy",408000
"video5_409000","video5","Culinary Delights of Italy",409000
"video5_410000","video5","Culinary Delights of Italy",410000
"video6_0","video6","Wildlife Under the Sea",0
"video6_1000","video6","Wildlife Under the Sea",1000
"video6_2000","video6","Wildlife Under the Sea",2000
"video6_3000","video6","Wildlife Under the Sea",3000
"video6_4000","video6","Wildlife Under the Sea",4000
"video6_5000","video6","Wildlife Under the Sea",5000
"video6_6000","video6","Wildlife Under the Sea",6000
"video6_7000","video6","Wildlife Under the Sea",7000
"video6_8000","video6","Wildlife Under the Sea",8000
"video6_9000","video6","Wildlife Under the Sea",9000
"video6_10000","video6","Wildlife Under the Sea",10000
"video6_11000","video6","Wildlife Under the Sea",11000
"video6_12000","video6","Wildlife Under the Sea",12000
"video6_13000","video6","Wildlife Under the Sea",13000
"video6_14000","video6","Wildlife Under the Sea",14000
"video6_15000","video6","Wildlife Under the Sea",15000
"video6_16000","video6","Wildlife Under the Sea",16000
"video6_17000","video6","Wildlife Under the Sea",17000
"video6_18000","video6","Wildlife Under the Sea",18000
"video6_19000","video6","Wildlife Under the Sea",19000
"video6_20000","video6","Wildlife Under the Sea",20000
"video6_21000","video6","Wildlife Under the Sea",21000
"video6_22000","video6","Wildlife Under the Sea",22000
"video6_23000","video6","Wildlife Under the Sea",23000
"video6_24000","video6","Wildlife Under the Sea",24000
"video6_25000","video6","Wildlife Under the Sea",25000
"video6_26000","video6","Wildlife Under the Sea",26000
"video6_27000","video6","Wildlife Under the Sea",27000
"video6_28000","video6","Wildlife Under the Sea",28000
"video6_29000","video6","Wildlife Under the Sea",29000
"video6_30000","video6","Wildlife Under the Sea",30000
"video6_31000","video6","Wildlife Under the Sea",31000
"video6_32000","video6","Wildlife Under the Sea",32000
"video6_33000","video6","Wildlife Under the Sea",33000
"video6_34000","video6","Wildlife Under the Sea",34000
"video6_35000","video6","Wildlife Under the Sea",35000
"video6_36000","video6","Wildlife Under the Sea",36000
"video6_37000","video6","Wildlife Under the Sea",37000
"video6_38000","video6","Wildlife Under the Sea",38000
"video6_39000","video6","Wildlife Under the Sea",39000
"video6_40000","video6","Wildlife Under the Sea",40000
"video6_41000","video6","Wildlife Under the Sea",41000
"video6_42000","video6","Wildlife Under the Sea",42000
"video6_43000","video6","Wildlife Under the Sea",43000
"video6_44000","video6","Wildlife Under the Sea",44000
"video6_45000","video6","Wildlife Under the Sea",45000
"video6_46000","video6","Wildlife Under the Sea",46000
"video6_47000","video6","Wildlife Under the Sea",47000
"video6_48000","video6","Wildlife Under the Sea",48000
"video6_49000","video6","Wildlife Under the Sea",49000
"video6_50000","video6","Wildlife Under the Sea",50000
"video6_51000","video6","Wildlife Under the Sea",51000
"video6_52000","video6","Wildlife Under the Sea",52000
"video6_53000","video6","Wildlife Under the Sea",53000
"video6_54000","video6","Wildlife Under the Sea",54000
"video6_55000","video6","Wildlife Under the Sea",55000
"video6_56000","video6","Wildlife Under the Sea",56000
"video6_57000","video6","Wildlife Under the Sea",57000
"video6_58000","video6","Wildlife Under the Sea",58000
"video6_59000","video6","Wildlife Under the Sea",59000
"video6_60000","video6","Wildlife Under the Sea",60000
"video6_61000","video6","Wildlife Under the Sea",61000
"video6_62000","video6","Wildlife Under the Sea",62000
"video6_63000","video6","Wildlife Under the Sea",63000
"video6_64000","video6","Wildlife Under the Sea",64000
"video6_65000","video6","Wildlife Under the Sea",65000
"video6_66000","video6","Wildlife Under the Sea",66000
"video6_67000","video6","Wildlife Under the Sea",67000
"video6_68000","video6","Wildlife Under the Sea",68000
"video6_69000","video6","Wildlife Under the Sea",69000
"video6_70000","video6","Wildlife Under the Sea",70000
"video6_71000","video6","Wildlife Under the Sea",71000
"video6_72000","video6","Wildlife Under the Sea",72000
"video6_73000","video6","Wildlife Under the Sea",73000
"video6_74000","video6","Wildlife Under the Sea",74000
"video6_75000","video6","Wildlife Under the Sea",75000
"video6_76000","video6","Wildlife Under the Sea",76000
"video6_77000","video6","Wildlife Under the Sea",77000
"video6_78000","video6","Wildlife Under the Sea",78000
"video6_79000","video6","Wildlife Under the Sea",79000
"video6_80000","video6","Wildlife Under the Sea",80000
"video6_81000","video6","Wildlife Under the Sea",81000
"video6_82000","video6","Wildlife Under the Sea",82000
"video6_83000","video6","Wildlife Under the Sea",83000
"video6_84000","video6","Wildlife Under the Sea",84000
"video6_85000","video6","Wildlife Under the Sea",85000
"video6_86000","video6","Wildlife Under the Sea",86000
"video6_87000","video6","Wildlife Under the Sea",87000
"video6_88000","video6","Wildlife Under the Sea",88000
"video6_89000","video6","Wildlife Under the Sea",89000
"video6_90000","video6","Wildlife Under the Sea",90000
"video6_91000","video6","Wildlife Under the Sea",91000
"video6_92000","video6","Wildlife Under the Sea",92000
"video6_93000","video6","Wildlife Under the Sea",93000
"video6_94000","video6","Wildlife Under the Sea",94000
"video6_95000","video6","Wildlife Under the Sea",95000
"video6_96000","video6","Wildlife Under the Sea",96000
"video6_97000","video6","Wildlife Under the Sea",97000
"video6_98000","video6","Wildlife Under the Sea",98000
"video6_99000","video6","Wildlife Under the Sea",99000
"video6_100000","video6","Wildlife Under the Sea",100000
"video6_101000","video6","Wildlife Under the Sea",101000
"video6_102000","video6","Wildlife Under the Sea",102000
"video6_103000","video6","Wildlife Under the Sea",103000
"video6_104000","video6","Wildlife Under the Sea",104000
"video6_105000","video6","Wildlife Under the Sea",105000
"video6_106000","video6","Wildlife Under the Sea",106000
"video6_107000","video6","Wildlife Under the Sea",107000
"video6_108000","video6","Wildlife Under the Sea",108000
"video6_109000","video6","Wildlife Under the Sea",109000
"video6_110000","video6","Wildlife Under the Sea",110000
"video6_111000","video6","Wildlife Under the Sea",111000
"video6_112000","video6","Wildlife Under the Sea",112000
"video6_113000","video6","Wildlife Under the Sea",113000
"video6_114000","video6","Wildlife Under the Sea",114000
"video6_115000","video6","Wildlife Under the Sea",115000
"video6_116000","video6","Wildlife Under the Sea",116000
"video6_117000","video6","Wildlife Under the Sea",117000
"video6_118000","video6","Wildlife Under the Sea",118000
"video6_119000","video6","Wildlife Under the Sea",119000
"video6_120000","video6","Wildlife Under the Sea",120000
"video6_121000","video6","Wildlife Under the Sea",121000
"video6_122000","video6","Wildlife Under the Sea",122000
"video6_123000","video6","Wildlife Under the Sea",123000
"video6_124000","video6","Wildlife Under the Sea",124000
"video6_125000","video6","Wildlife Under the Sea",125000
"video6_126000","video6","Wildlife Under the Sea",126000
"video6_127000","video6","Wildlife Under the Sea",127000
"video6_128000","video6","Wildlife Under the Sea",128000
"video6_129000","video6","Wildlife Under the Sea",129000
"video7_0","video7","Inspirational Stories of Resilience",0
"video7_1000","video7","Inspirational Stories of Resilience",1000
"video7_2000","video7","Inspirational Stories of Resilience",2000
"video7_3000","video7","Inspirational Stories of Resilience",3000
"video7_4000","video7","Inspirational Stories of Resilience",4000
"video7_5000","video7","Inspirational Stories of Resilience",5000
"video7_6000","video7","Inspirational Stories of Resilience",6000
"video7_7000","video7","Inspirational Stories of Resilience",7000
"video7_8000","video7","Inspirational Stories of Resilience",8000
"video7_9000","video7","Inspirational Stories of Resilience",9000
"video7_10000","video7","Inspirational Stories of Resilience",10000
"video7_11000","video7","Inspirational Stories of Resilience",11000
"video7_12000","video7","Inspirational Stories of Resilience",12000
"video7_13000","video7","Inspirational Stories of Resilience",13000
"video7_14000","video7","Inspirational Stories of Resilience",14000
"video7_15000","video7","Inspirational Stories of Resilience",15000
"video7_16000","video7","Inspirational Stories of Resilience",16000
"video7_17000","video7","Inspirational Stories of Resilience",17000
"video7_18000","video7","Inspirational Stories of Resilience",18000
"video7_19000","video7","Inspirational Stories of Resilience",19000
"video7_20000","video7","Inspirational Stories of Resilience",20000
"video7_21000","video7","Inspirational Stories of Resilience",21000
"video7_22000","video7","Inspirational Stories of Resilience",22000
"video7_23000","video7","Inspirational Stories of Resilience",23000
"video7_24000","video7","Inspirational Stories of Resilience",24000
"video7_25000","video7","Inspirational Stories of Resilience",25000
"video7_26000","video7","Inspirational Stories of Resilience",26000
"video7_27000","video7","Inspirational Stories of Resilience",27000
"video7_28000","video7","Inspirational Stories of Resilience",28000
"video7_29000","video7","Inspirational Stories of Resilience",29000
"video7_30000","video7","Inspirational Stories of Resilience",30000
"video7_31000","video7","Inspirational Stories of Resilience",31000
"video7_32000","video7","Inspirational Stories of Resilience",32000
"video7_33000","video7","Inspirational Stories of Resilience",33000
"video7_34000","video7","Inspirational Stories of Resilience",34000
"video7_35000","video7","Inspirational Stories of Resilience",35000
"video7_36000","video7","Inspirational Stories of Resilience",36000
"video7_37000","video7","Inspirational Stories of Resilience",37000
"video7_38000","video7","Inspirational Stories of Resilience",38000
"video7_39000","video7","Inspirational Stories of Resilience",39000
"video7_40000","video7","Inspirational Stories of Resilience",40000
"video7_41000","video7","Inspirational Stories of Resilience",41000
"video7_42000","video7","Inspirational Stories of Resilience",42000
"video7_43000","video7","Inspirational Stories of Resilience",43000
"video7_44000","video7","Inspirational Stories of Resilience",44000
"video7_45000","video7","Inspirational Stories of Resilience",45000
"video7_46000","video7","Inspirational Stories of Resilience",46000
"video7_47000","video7","Inspirational Stories of Resilience",47000
"video7_48000","video7","Inspirational Stories of Resilience",48000
"video7_49000","video7","Inspirational Stories of Resilience",49000
"video7_50000","video7","Inspirational Stories of Resilience",50000
"video7_51000","video7","Inspirational Stories of Resilience",51000
"video7_52000","video7","Inspirational Stories of Resilience",52000
"video7_53000","video7","Inspirational Stories of Resilience",53000
"video7_54000","video7","Inspirational Stories of Resilience",54000
"video7_55000","video7","Inspirational Stories of Resilience",55000
"video7_56000","video7","Inspirational Stories of Resilience",56000
"video7_57000","video7","Inspirational Stories of Resilience",57000
"video7_58000","video7","Inspirational Stories of Resilience",58000
"video7_59000","video7","Inspirational Stories of Resilience",59000
"video7_60000","video7","Inspirational Stories of Resilience",60000
"video7_61000","video7","Inspirational Stories of Resilience",61000
"video7_62000","video7","Inspirational Stories of Resilience",62000
"video7_63000","video7","Inspirational Stories of Resilience",63000
"video7_64000","video7","Inspirational Stories of Resilience",64000
"video7_65000","video7","Inspirational Stories of Resilience",65000
"video7_66000","video7","Inspirational Stories of Resilience",66000
"video7_67000","video7","Inspirational Stories of Resilience",67000
"video7_68000","video7","Inspirational Stories of Resilience",68000
"video7_69000","video7","Inspirational Stories of Resilience",69000
"video7_70000","video7","Inspirational Stories of Resilience",70000
"video7_71000","video7","Inspirational Stories of Resilience",71000
"video7_72000","video7","Inspirational Stories of Resilience",72000
"video7_73000","video7","Inspirational Stories of Resilience",73000
"video7_74000","video7","Inspirational Stories of Resilience",74000
"video7_75000","video7","Inspirational Stories of Resilience",75000
"video7_76000","video7","Inspirational Stories of Resilience",76000
"video7_77000","video7","Inspirational Stories of Resilience",77000
"video7_78000","video7","Inspirational Stories of Resilience",78000
"video7_79000","video7","Inspirational Stories of Resilience",79000
"video7_80000","video7","Inspirational Stories of Resilience",80000
"video7_81000","video7","Inspirational Stories of Resilience",81000
"video7_82000","video7","Inspirational Stories of Resilience",82000
"video7_83000","video7","Inspirational Stories of Resilience",83000
"video7_84000","video7","Inspirational Stories of Resilience",84000
"video7_85000","video7","Inspirational Stories of Resilience",85000
"video7_86000","video7","Inspirational Stories of Resilience",86000
"video7_87000","video7","Inspirational Stories of Resilience",87000
"video7_88000","video7","Inspirational Stories of Resilience",88000
"video7_89000","video7","Inspirational Stories of Resilience",89000
"video7_90000","video7","Inspirational Stories of Resilience",90000
"video7_91000","video7","Inspirational Stories of Resilience",91000
"video7_92000","video7","Inspirational Stories of Resilience",92000
"video7_93000","video7","Inspirational Stories of Resilience",93000
"video7_94000","video7","Inspirational Stories of Resilience",94000
"video7_95000","video7","Inspirational Stories of Resilience",95000
"video7_96000","video7","Inspirational Stories of Resilience",96000
"video7_97000","video7","Inspirational Stories of Resilience",97000
"video7_98000","video7","Inspirational Stories of Resilience",98000
"video7_99000","video7","Inspirational Stories of Resilience",99000
"video7_100000","video7","Inspirational Stories of Resilience",100000
"video7_101000","video7","Inspirational Stories of Resilience",101000
"video7_102000","video7","Inspirational Stories of Resilience",102000
"video7_103000","video7","Inspirational Stories of Resilience",103000
"video7_104000","video7","Inspirational Stories of Resilience",104000
"video7_105000","video7","Inspirational Stories of Resilience",105000
"video7_106000","video7","Inspirational Stories of Resilience",106000
"video7_107000","video7","Inspirational Stories of Resilience",107000
"video7_108000","video7","Inspirational Stories of Resilience",108000
"video7_109000","video7","Inspirational Stories of Resilience",109000
"video7_110000","video7","Inspirational Stories of Resilience",110000
"video7_111000","video7","Inspirational Stories of Resilience",111000
"video7_112000","video7","Inspirational Stories of Resilience",112000
"video7_113000","video7","Inspirational Stories of Resilience",113000
"video7_114000","video7","Inspirational Stories of Resilience",114000
"video7_115000","video7","Inspirational Stories of Resilience",115000
"video7_116000","video7","Inspirational Stories of Resilience",116000
"video7_117000","video7","Inspirational Stories of Resilience",117000
"video7_118000","video7","Inspirational Stories of Resilience",118000
"video7_119000","video7","Inspirational Stories of Resilience",119000
"video7_120000","video7","Inspirational Stories of Resilience",120000
"video7_121000","video7","Inspirational Stories of Resilience",121000
"video7_122000","video7","Inspirational Stories of Resilience",122000
"video7_123000","video7","Inspirational Stories of Resilience",123000
"video7_124000","video7","Inspirational Stories of Resilience",124000
"video7_125000","video7","Inspirational Stories of Resilience",125000
"video7_126000","video7","Inspirational Stories of Resilience",126000
"video7_127000","video7","Inspirational Stories of Resilience",127000
"video7_128000","video7","Inspirational Stories of Resilience",128000
"video7_129000","video7","Inspirational Stories of Resilience",129000
"video7_130000","video7","Inspirational Stories of Resilience",130000
"video7_131000","video7","Inspirational Stories of Resilience",131000
"video7_132000","video7","Inspirational Stories of Resilience",132000
"video7_133000","video7","Inspirational Stories of Resilience",133000
"video7_134000","video7","Inspirational Stories of Resilience",134000
"video7_135000","video7","Inspirational Stories of Resilience",135000
"video7_136000","video7","Inspirational Stories of Resilience",136000
"video7_137000","video7","Inspirational Stories of Resilience",137000
"video7_138000","video7","Inspirational Stories of Resilience",138000
"video7_139000","video7","Inspirational Stories of Resilience",139000
"video7_140000","video7","Inspirational Stories of Resilience",140000
"video7_141000","video7","Inspirational Stories of Resilience",141000
"video7_142000","video7","Inspirational Stories of Resilience",142000
"video7_143000","video7","Inspirational Stories of Resilience",143000
"video7_144000","video7","Inspirational Stories of Resilience",144000
"video7_145000","video7","Inspirational Stories of Resilience",145000
"video7_146000","video7","Inspirational Stories of Resilience",146000
"video7_147000","video7","Inspirational Stories of Resilience",147000
"video7_148000","video7","Inspirational Stories of Resilience",148000
"video7_149000","video7","Inspirational Stories of Resilience",149000
"video7_150000","video7","Inspirational Stories of Resilience",150000
"video7_151000","video7","Inspirational Stories of Resilience",151000
"video7_152000","video7","Inspirational Stories of Resilience",152000
"video7_153000","video7","Inspirational Stories of Resilience",153000
"video7_154000","video7","Inspirational Stories of Resilience",154000
"video7_155000","video7","Inspirational Stories of Resilience",155000
"video7_156000","video7","Inspirational Stories of Resilience",156000
"video7_157000","video7","Inspirational Stories of Resilience",157000
"video7_158000","video7","Inspirational Stories of Resilience",158000
"video7_159000","video7","Inspirational Stories of Resilience",159000
"video7_160000","video7","Inspirational Stories of Resilience",160000
"video7_161000","video7","Inspirational Stories of Resilience",161000
"video7_162000","video7","Inspirational Stories of Resilience",162000
"video7_163000","video7","Inspirational Stories of Resilience",163000
"video7_164000","video7","Inspirational Stories of Resilience",164000
"video7_165000","video7","Inspirational Stories of Resilience",165000
"video7_166000","video7","Inspirational Stories of Resilience",166000
"video7_167000","video7","Inspirational Stories of Resilience",167000
"video7_168000","video7","Inspirational Stories of Resilience",168000
"video7_169000","video7","Inspirational Stories of Resilience",169000
"video7_170000","video7","Inspirational Stories of Resilience",170000
"video7_171000","video7","Inspirational Stories of Resilience",171000
"video7_172000","video7","Inspirational Stories of Resilience",172000
"video7_173000","video7","Inspirational Stories of Resilience",173000
"video7_174000","video7","Inspirational Stories of Resilience",174000
"video7_175000","video7","Inspirational Stories of Resilience",175000
"video7_176000","video7","Inspirational Stories of Resilience",176000
"video7_177000","video7","Inspirational Stories of Resilience",177000
"video7_178000","video7","Inspirational Stories of Resilience",178000
"video7_179000","video7","Inspirational Stories of Resilience",179000
"video7_180000","video7","Inspirational Stories of Resilience",180000
"video7_181000","video7","Inspirational Stories of Resilience",181000
"video7_182000","video7","Inspirational Stories of Resilience",182000
"video7_183000","video7","Inspirational Stories of Resilience",183000
"video7_184000","video7","Inspirational Stories of Resilience",184000
"video7_185000","video7","Inspirational Stories of Resilience",185000
"video7_186000","video7","Inspirational Stories of Resilience",186000
"video7_187000","video7","Inspirational Stories of Resilience",187000
"video7_188000","video7","Inspirational Stories of Resilience",188000
"video7_189000","video7","Inspirational Stories of Resilience",189000
"video7_190000","video7","Inspirational Stories of Resilience",190000
"video7_191000","video7","Inspirational Stories of Resilience",191000
"video7_192000","video7","Inspirational Stories of Resilience",192000
"video7_193000","video7","Inspirational Stories of Resilience",193000
"video7_194000","video7","Inspirational Stories of Resilience",194000
"video7_195000","video7","Inspirational Stories of Resilience",195000
"video7_196000","video7","Inspirational Stories of Resilience",196000
"video7_197000","video7","Inspirational Stories of Resilience",197000
"video7_198000","video7","Inspirational Stories of Resilience",198000
"video7_199000","video7","Inspirational Stories of Resilience",199000
"video7_200000","video7","Inspirational Stories of Resilience",200000
"video7_201000","video7","Inspirational Stories of Resilience",201000
"video7_202000","video7","Inspirational Stories of Resilience",202000
"video7_203000","video7","Inspirational Stories of Resilience",203000
"video7_204000","video7","Inspirational Stories of Resilience",204000
"video7_205000","video7","Inspirational Stories of Resilience",205000
"video7_206000","video7","Inspirational Stories of Resilience",206000
"video7_207000","video7","Inspirational Stories of Resilience",207000
"video7_208000","video7","Inspirational Stories of Resilience",208000
"video7_209000","video7","Inspirational Stories of Resilience",209000
"video7_210000","video7","Inspirational Stories of Resilience",210000
"video7_211000","video7","Inspirational Stories of Resilience",211000
"video7_212000","video7","Inspirational Stories of Resilience",212000
"video7_213000","video7","Inspirational Stories of Resilience",213000
"video7_214000","video7","Inspirational Stories of Resilience",214000
"video7_215000","video7","Inspirational Stories of Resilience",215000
"video7_216000","video7","Inspirational Stories of Resilience",216000
"video7_217000","video7","Inspirational Stories of Resilience",217000
"video7_218000","video7","Inspirational Stories of Resilience",218000
"video7_219000","video7","Inspirational Stories of Resilience",219000
"video7_220000","video7","Inspirational Stories of Resilience",220000
"video7_221000","video7","Inspirational Stories of Resilience",221000
"video7_222000","video7","Inspirational Stories of Resilience",222000
"video7_223000","video7","Inspirational Stories of Resilience",223000
"video7_224000","video7","Inspirational Stories of Resilience",224000
"video7_225000","video7","Inspirational Stories of Resilience",225000
"video7_226000","video7","Inspirational Stories of Resilience",226000
"video7_227000","video7","Inspirational Stories of Resilience",227000
"video7_228000","video7","Inspirational Stories of Resilience",228000
"video7_229000","video7","Inspirational Stories of Resilience",229000
"video7_230000","video7","Inspirational Stories of Resilience",230000
"video7_231000","video7","Inspirational Stories of Resilience",231000
"video7_232000","video7","Inspirational Stories of Resilience",232000
"video7_233000","video7","Inspirational Stories of Resilience",233000
"video7_234000","video7","Inspirational Stories of Resilience",234000
"video7_235000","video7","Inspirational Stories of Resilience",235000
"video7_236000","video7","Inspirational Stories of Resilience",236000
"video7_237000","video7","Inspirational Stories of Resilience",237000
"video7_238000","video7","Inspirational Stories of Resilience",238000
"video7_239000","video7","Inspirational Stories of Resilience",239000
"video7_240000","video7","Inspirational Stories of Resilience",240000
"video7_241000","video7","Inspirational Stories of Resilience",241000
"video7_242000","video7","Inspirational Stories of Resilience",242000
"video7_243000","video7","Inspirational Stories of Resilience",243000
"video7_244000","video7","Inspirational Stories of Resilience",244000
"video7_245000","video7","Inspirational Stories of Resilience",245000
"video7_246000","video7","Inspirational Stories of Resilience",246000
"video7_247000","video7","Inspirational Stories of Resilience",247000
"video7_248000","video7","Inspirational Stories of Resilience",248000
"video7_249000","video7","Inspirational Stories of Resilience",249000
"video7_250000","video7","Inspirational Stories of Resilience",250000
"video7_251000","video7","Inspirational Stories of Resilience",251000
"video7_252000","video7","Inspirational Stories of Resilience",252000
"video7_253000","video7","Inspirational Stories of Resilience",253000
"video7_254000","video7","Inspirational Stories of Resilience",254000
"video7_255000","video7","Inspirational Stories of Resilience",255000
"video7_256000","video7","Inspirational Stories of Resilience",256000
"video7_257000","video7","Inspirational Stories of Resilience",257000
"video7_258000","video7","Inspirational Stories of Resilience",258000
"video7_259000","video7","Inspirational Stories of Resilience",259000
"video7_260000","video7","Inspirational Stories of Resilience",260000
"video7_261000","video7","Inspirational Stories of Resilience",261000
"video7_262000","video7","Inspirational Stories of Resilience",262000
"video7_263000","video7","Inspirational Stories of Resilience",263000
"video7_264000","video7","Inspirational Stories of Resilience",264000
"video7_265000","video7","Inspirational Stories of Resilience",265000
"video7_266000","video7","Inspirational Stories of Resilience",266000
"video7_267000","video7","Inspirational Stories of Resilience",267000
"video7_268000","video7","Inspirational Stories of Resilience",268000
"video7_269000","video7","Inspirational Stories of Resilience",269000
"video7_270000","video7","Inspirational Stories of Resilience",270000
"video7_271000","video7","Inspirational Stories of Resilience",271000
"video7_272000","video7","Inspirational Stories of Resilience",272000
"video7_273000","video7","Inspirational Stories of Resilience",273000
"video7_274000","video7","Inspirational Stories of Resilience",274000
"video7_275000","video7","Inspirational Stories of Resilience",275000
"video7_276000","video7","Inspirational Stories of Resilience",276000
"video7_277000","video7","Inspirational Stories of Resilience",277000
"video7_278000","video7","Inspirational Stories of Resilience",278000
"video7_279000","video7","Inspirational Stories of Resilience",279000
"video7_280000","video7","Inspirational Stories of Resilience",280000
"video7_281000","video7","Inspirational Stories of Resilience",281000
"video7_282000","video7","Inspirational Stories of Resilience",282000
"video7_283000","video7","Inspirational Stories of Resilience",283000
"video7_284000","video7","Inspirational Stories of Resilience",284000
"video7_285000","video7","Inspirational Stories of Resilience",285000
"video7_286000","video7","Inspirational Stories of Resilience",286000
"video7_287000","video7","Inspirational Stories of Resilience",287000
"video7_288000","video7","Inspirational Stories of Resilience",288000
"video7_289000","video7","Inspirational Stories of Resilience",289000
"video7_290000","video7","Inspirational Stories of Resilience",290000
"video7_291000","video7","Inspirational Stories of Resilience",291000
"video7_292000","video7","Inspirational Stories of Resilience",292000
"video7_293000","video7","Inspirational Stories of Resilience",293000
"video7_294000","video7","Inspirational Stories of Resilience",294000
"video7_295000","video7","Inspirational Stories of Resilience",295000
"video7_296000","video7","Inspirational Stories of Resilience",296000
"video7_297000","video7","Inspirational Stories of Resilience",297000
"video7_298000","video7","Inspirational Stories of Resilience",298000
"video7_299000","video7","Inspirational Stories of Resilience",299000
"video7_300000","video7","Inspirational Stories of Resilience",300000
"video7_301000","video7","Inspirational Stories of Resilience",301000
"video7_302000","video7","Inspirational Stories of Resilience",302000
"video7_303000","video7","Inspirational Stories of Resilience",303000
"video7_304000","video7","Inspirational Stories of Resilience",304000
"video7_305000","video7","Inspirational Stories of Resilience",305000
"video7_306000","video7","Inspirational Stories of Resilience",306000
"video7_307000","video7","Inspirational Stories of Resilience",307000
"video7_308000","video7","Inspirational Stories of Resilience",308000
"video7_309000","video7","Inspirational Stories of Resilience",309000
"video7_310000","video7","Inspirational Stories of Resilience",310000
"video7_311000","video7","Inspirational Stories of Resilience",311000
"video7_312000","video7","Inspirational Stories of Resilience",312000
"video7_313000","video7","Inspirational Stories of Resilience",313000
"video7_314000","video7","Inspirational Stories of Resilience",314000
"video7_315000","video7","Inspirational Stories of Resilience",315000
"video7_316000","video7","Inspirational Stories of Resilience",316000
"video7_317000","video7","Inspirational Stories of Resilience",317000
"video7_318000","video7","Inspirational Stories of Resilience",318000
"video8_0","video8","The Universe Unveiled",0
"video8_1000","video8","The Universe Unveiled",1000
"video8_2000","video8","The Universe Unveiled",2000
"video8_3000","video8","The Universe Unveiled",3000
"video8_4000","video8","The Universe Unveiled",4000
"video8_5000","video8","The Universe Unveiled",5000
"video8_6000","video8","The Universe Unveiled",6000
"video8_7000","video8","The Universe Unveiled",7000
"video8_8000","video8","The Universe Unveiled",8000
"video8_9000","video8","The Universe Unveiled",9000
"video8_10000","video8","The Universe Unveiled",10000
"video8_11000","video8","The Universe Unveiled",11000
"video8_12000","video8","The Universe Unveiled",12000
"video8_13000","video8","The Universe Unveiled",13000
"video8_14000","video8","The Universe Unveiled",14000
"video8_15000","video8","The Universe Unveiled",15000
"video8_16000","video8","The Universe Unveiled",16000
"video8_17000","video8","The Universe Unveiled",17000
"video8_18000","video8","The Universe Unveiled",18000
"video8_19000","video8","The Universe Unveiled",19000
"video8_20000","video8","The Universe Unveiled",20000
"video8_21000","video8","The Universe Unveiled",21000
"video8_22000","video8","The Universe Unveiled",22000
"video8_23000","video8","The Universe Unveiled",23000
"video8_24000","video8","The Universe Unveiled",24000
"video8_25000","video8","The Universe Unveiled",25000
"video8_26000","video8","The Universe Unveiled",26000
"video8_27000","video8","The Universe Unveiled",27000
"video8_28000","video8","The Universe Unveiled",28000
"video8_29000","video8","The Universe Unveiled",29000
"video8_30000","video8","The Universe Unveiled",30000
"video8_31000","video8","The Universe Unveiled",31000
"video8_32000","video8","The Universe Unveiled",32000
"video8_33000","video8","The Universe Unveiled",33000
"video8_34000","video8","The Universe Unveiled",34000
"video8_35000","video8","The Universe Unveiled",35000
"video8_36000","video8","The Universe Unveiled",36000
"video8_37000","video8","The Universe Unveiled",37000
"video8_38000","video8","The Universe Unveiled",38000
"video8_39000","video8","The Universe Unveiled",39000
"video8_40000","video8","The Universe Unveiled",40000
"video8_41000","video8","The Universe Unveiled",41000
"video8_42000","video8","The Universe Unveiled",42000
"video8_43000","video8","The Universe Unveiled",43000
"video8_44000","video8","The Universe Unveiled",44000
"video8_45000","video8","The Universe Unveiled",45000
"video8_46000","video8","The Universe Unveiled",46000
"video8_47000","video8","The Universe Unveiled",47000
"video8_48000","video8","The Universe Unveiled",48000
"video8_49000","video8","The Universe Unveiled",49000
"video8_50000","video8","The Universe Unveiled",50000
"video8_51000","video8","The Universe Unveiled",51000
"video8_52000","video8","The Universe Unveiled",52000
"video8_53000","video8","The Universe Unveiled",53000
"video8_54000","video8","The Universe Unveiled",54000
"video8_55000","video8","The Universe Unveiled",55000
"video8_56000","video8","The Universe Unveiled",56000
"video8_57000","video8","The Universe Unveiled",57000
"video8_58000","video8","The Universe Unveiled",58000
"video8_59000","video8","The Universe Unveiled",59000
"video8_60000","video8","The Universe Unveiled",60000
"video8_61000","video8","The Universe Unveiled",61000
"video8_62000","video8","The Universe Unveiled",62000
"video8_63000","video8","The Universe Unveiled",63000
"video8_64000","video8","The Universe Unveiled",64000
"video8_65000","video8","The Universe Unveiled",65000
"video8_66000","video8","The Universe Unveiled",66000
"video8_67000","video8","The Universe Unveiled",67000
"video8_68000","video8","The Universe Unveiled",68000
"video8_69000","video8","The Universe Unveiled",69000
"video8_70000","video8","The Universe Unveiled",70000
"video8_71000","video8","The Universe Unveiled",71000
"video8_72000","video8","The Universe Unveiled",72000
"video8_73000","video8","The Universe Unveiled",73000
"video8_74000","video8","The Universe Unveiled",74000
"video8_75000","video8","The Universe Unveiled",75000
"video8_76000","video8","The Universe Unveiled",76000
"video8_77000","video8","The Universe Unveiled",77000
"video8_78000","video8","The Universe Unveiled",78000
"video8_79000","video8","The Universe Unveiled",79000
"video8_80000","video8","The Universe Unveiled",80000
"video8_81000","video8","The Universe Unveiled",81000
"video8_82000","video8","The Universe Unveiled",82000
"video8_83000","video8","The Universe Unveiled",83000
"video8_84000","video8","The Universe Unveiled",84000
"video8_85000","video8","The Universe Unveiled",85000
"video8_86000","video8","The Universe Unveiled",86000
"video8_87000","video8","The Universe Unveiled",87000
"video8_88000","video8","The Universe Unveiled",88000
"video8_89000","video8","The Universe Unveiled",89000
"video8_90000","video8","The Universe Unveiled",90000
"video8_91000","video8","The Universe Unveiled",91000
"video8_92000","video8","The Universe Unveiled",92000
"video8_93000","video8","The Universe Unveiled",93000
"video8_94000","video8","The Universe Unveiled",94000
"video8_95000","video8","The Universe Unveiled",95000
"video8_96000","video8","The Universe Unveiled",96000
"video8_97000","video8","The Universe Unveiled",97000
"video8_98000","video8","The Universe Unveiled",98000
"video8_99000","video8","The Universe Unveiled",99000
"video8_100000","video8","The Universe Unveiled",100000
"video8_101000","video8","The Universe Unveiled",101000
"video8_102000","video8","The Universe Unveiled",102000
"video8_103000","video8","The Universe Unveiled",103000
"video8_104000","video8","The Universe Unveiled",104000
"video8_105000","video8","The Universe Unveiled",105000
"video8_106000","video8","The Universe Unveiled",106000
"video8_107000","video8","The Universe Unveiled",107000
"video8_108000","video8","The Universe Unveiled",108000
"video8_109000","video8","The Universe Unveiled",109000
"video8_110000","video8","The Universe Unveiled",110000
"video8_111000","video8","The Universe Unveiled",111000
"video8_112000","video8","The Universe Unveiled",112000
"video8_113000","video8","The Universe Unveiled",113000
"video8_114000","video8","The Universe Unveiled",114000
"video8_115000","video8","The Universe Unveiled",115000
"video8_116000","video8","The Universe Unveiled",116000
"video8_117000","video8","The Universe Unveiled",117000
"video8_118000","video8","The Universe Unveiled",118000
"video8_119000","video8","The Universe Unveiled",119000
"video8_120000","video8","The Universe Unveiled",120000
"video8_121000","video8","The Universe Unveiled",121000
"video8_122000","video8","The Universe Unveiled",122000
"video8_123000","video8","The Universe Unveiled",123000
"video8_124000","video8","The Universe Unveiled",124000
"video8_125000","video8","The Universe Unveiled",125000
"video8_126000","video8","The Universe Unveiled",126000
"video8_127000","video8","The Universe Unveiled",127000
"video8_128000","video8","The Universe Unveiled",128000
"video8_129000","video8","The Universe Unveiled",129000
"video8_130000","video8","The Universe Unveiled",130000
"video8_131000","video8","The Universe Unveiled",131000
"video8_132000","video8","The Universe Unveiled",132000
"video9_0","video9","Heartfelt Family Reunions",0
"video9_1000","video9","Heartfelt Family Reunions",1000
"video9_2000","video9","Heartfelt Family Reunions",2000
"video9_3000","video9","Heartfelt Family Reunions",3000
"video9_4000","video9","Heartfelt Family Reunions",4000
"video9_5000","video9","Heartfelt Family Reunions",5000
"video9_6000","video9","Heartfelt Family Reunions",6000
"video9_7000","video9","Heartfelt Family Reunions",7000
"video9_8000","video9","Heartfelt Family Reunions",8000
"video9_9000","video9","Heartfelt Family Reunions",9000
"video9_10000","video9","Heartfelt Family Reunions",10000
"video9_11000","video9","Heartfelt Family Reunions",11000
"video9_12000","video9","Heartfelt Family Reunions",12000
"video9_13000","video9","Heartfelt Family Reunions",13000
"video9_14000","video9","Heartfelt Family Reunions",14000
"video9_15000","video9","Heartfelt Family Reunions",15000
"video9_16000","video9","Heartfelt Family Reunions",16000
"video9_17000","video9","Heartfelt Family Reunions",17000
"video9_18000","video9","Heartfelt Family Reunions",18000
"video9_19000","video9","Heartfelt Family Reunions",19000
"video9_20000","video9","Heartfelt Family Reunions",20000
"video9_21000","video9","Heartfelt Family Reunions",21000
"video9_22000","video9","Heartfelt Family Reunions",22000
"video9_23000","video9","Heartfelt Family Reunions",23000
"video9_24000","video9","Heartfelt Family Reunions",24000
"video9_25000","video9","Heartfelt Family Reunions",25000
"video9_26000","video9","Heartfelt Family Reunions",26000
"video9_27000","video9","Heartfelt Family Reunions",27000
"video9_28000","video9","Heartfelt Family Reunions",28000
"video9_29000","video9","Heartfelt Family Reunions",29000
"video9_30000","video9","Heartfelt Family Reunions",30000
"video9_31000","video9","Heartfelt Family Reunions",31000
"video9_32000","video9","Heartfelt Family Reunions",32000
"video9_33000","video9","Heartfelt Family Reunions",33000
"video9_34000","video9","Heartfelt Family Reunions",34000
"video9_35000","video9","Heartfelt Family Reunions",35000
"video9_36000","video9","Heartfelt Family Reunions",36000
"video9_37000","video9","Heartfelt Family Reunions",37000
"video9_38000","video9","Heartfelt Family Reunions",38000
"video9_39000","video9","Heartfelt Family Reunions",39000
"video9_40000","video9","Heartfelt Family Reunions",40000
"video9_41000","video9","Heartfelt Family Reunions",41000
"video9_42000","video9","Heartfelt Family Reunions",42000
"video9_43000","video9","Heartfelt Family Reunions",43000
"video9_44000","video9","Heartfelt Family Reunions",44000
"video9_45000","video9","Heartfelt Family Reunions",45000
"video9_46000","video9","Heartfelt Family Reunions",46000
"video9_47000","video9","Heartfelt Family Reunions",47000
"video9_48000","video9","Heartfelt Family Reunions",48000
"video9_49000","video9","Heartfelt Family Reunions",49000
"video9_50000","video9","Heartfelt Family Reunions",50000
"video9_51000","video9","Heartfelt Family Reunions",51000
"video9_52000","video9","Heartfelt Family Reunions",52000
"video9_53000","video9","Heartfelt Family Reunions",53000
"video9_54000","video9","Heartfelt Family Reunions",54000
"video9_55000","video9","Heartfelt Family Reunions",55000
"video9_56000","video9","Heartfelt Family Reunions",56000
"video9_57000","video9","Heartfelt Family Reunions",57000
"video9_58000","video9","Heartfelt Family Reunions",58000
"video9_59000","video9","Heartfelt Family Reunions",59000
"video9_60000","video9","Heartfelt Family Reunions",60000
"video9_61000","video9","Heartfelt Family Reunions",61000
"video9_62000","video9","Heartfelt Family Reunions",62000
"video9_63000","video9","Heartfelt Family Reunions",63000
"video9_64000","video9","Heartfelt Family Reunions",64000
"video9_65000","video9","Heartfelt Family Reunions",65000
"video9_66000","video9","Heartfelt Family Reunions",66000
"video9_67000","video9","Heartfelt Family Reunions",67000
"video9_68000","video9","Heartfelt Family Reunions",68000
"video9_69000","video9","Heartfelt Family Reunions",69000
"video9_70000","video9","Heartfelt Family Reunions",70000
"video9_71000","video9","Heartfelt Family Reunions",71000
"video9_72000","video9","Heartfelt Family Reunions",72000
"video9_73000","video9","Heartfelt Family Reunions",73000
"video9_74000","video9","Heartfelt Family Reunions",74000
"video9_75000","video9","Heartfelt Family Reunions",75000
"video9_76000","video9","Heartfelt Family Reunions",76000
"video9_77000","video9","Heartfelt Family Reunions",77000
"video9_78000","video9","Heartfelt Family Reunions",78000
"video9_79000","video9","Heartfelt Family Reunions",79000
"video9_80000","video9","Heartfelt Family Reunions",80000
"video9_81000","video9","Heartfelt Family Reunions",81000
"video9_82000","video9","Heartfelt Family Reunions",82000
"video9_83000","video9","Heartfelt Family Reunions",83000
"video9_84000","video9","Heartfelt Family Reunions",84000
"video9_85000","video9","Heartfelt Family Reunions",85000
"video9_86000","video9","Heartfelt Family Reunions",86000
"video9_87000","video9","Heartfelt Family Reunions",87000
"video9_88000","video9","Heartfelt Family Reunions",88000
"video9_89000","video9","Heartfelt Family Reunions",89000
"video9_90000","video9","Heartfelt Family Reunions",90000
"video9_91000","video9","Heartfelt Family Reunions",91000
"video9_92000","video9","Heartfelt Family Reunions",92000
"video9_93000","video9","Heartfelt Family Reunions",93000
"video9_94000","video9","Heartfelt Family Reunions",94000
"video9_95000","video9","Heartfelt Family Reunions",95000
"video9_96000","video9","Heartfelt Family Reunions",96000
"video9_97000","video9","Heartfelt Family Reunions",97000
"video9_98000","video9","Heartfelt Family Reunions",98000
"video9_99000","video9","Heartfelt Family Reunions",99000
"video9_100000","video9","Heartfelt Family Reunions",100000
"video9_101000","video9","Heartfelt Family Reunions",101000
"video9_102000","video9","Heartfelt Family Reunions",102000
"video9_103000","video9","Heartfelt Family Reunions",103000
"video9_104000","video9","Heartfelt Family Reunions",104000
"video9_105000","video9","Heartfelt Family Reunions",105000
"video9_106000","video9","Heartfelt Family Reunions",106000
"video9_107000","video9","Heartfelt Family Reunions",107000
"video9_108000","video9","Heartfelt Family Reunions",108000
"video9_109000","video9","Heartfelt Family Reunions",109000
"video9_110000","video9","Heartfelt Family Reunions",110000
"video9_111000","video9","Heartfelt Family Reunions",111000
"video9_112000","video9","Heartfelt Family Reunions",112000
"video9_113000","video9","Heartfelt Family Reunions",113000
"video9_114000","video9","Heartfelt Family Reunions",114000
"video9_115000","video9","Heartfelt Family Reunions",115000
"video9_116000","video9","Heartfelt Family Reunions",116000
"video9_117000","video9","Heartfelt Family Reunions",117000
"video9_118000","video9","Heartfelt Family Reunions",118000
"video9_119000","video9","Heartfelt Family Reunions",119000
"video9_120000","video9","Heartfelt Family Reunions",120000
"video9_121000","video9","Heartfelt Family Reunions",121000
"video9_122000","video9","Heartfelt Family Reunions",122000
"video9_123000","video9","Heartfelt Family Reunions",123000
"video9_124000","video9","Heartfelt Family Reunions",124000
"video9_125000","video9","Heartfelt Family Reunions",125000
"video9_126000","video9","Heartfelt Family Reunions",126000
"video9_127000","video9","Heartfelt Family Reunions",127000
"video9_128000","video9","Heartfelt Family Reunions",128000
"video9_129000","video9","Heartfelt Family Reunions",129000
"video9_130000","video9","Heartfelt Family Reunions",130000
"video9_131000","video9","Heartfelt Family Reunions",131000
"video9_132000","video9","Heartfelt Family Reunions",132000
"video9_133000","video9","Heartfelt Family Reunions",133000
"video9_134000","video9","Heartfelt Family Reunions",134000
"video9_135000","video9","Heartfelt Family Reunions",135000
"video9_136000","video9","Heartfelt Family Reunions",136000
"video9_137000","video9","Heartfelt Family Reunions",137000
"video9_138000","video9","Heartfelt Family Reunions",138000
"video9_139000","video9","Heartfelt Family Reunions",139000
"video9_140000","video9","Heartfelt Family Reunions",140000
"video9_141000","video9","Heartfelt Family Reunions",141000
"video9_142000","video9","Heartfelt Family Reunions",142000
"video9_143000","video9","Heartfelt Family Reunions",143000
"video9_144000","video9","Heartfelt Family Reunions",144000
"video9_145000","video9","Heartfelt Family Reunions",145000
"video9_146000","video9","Heartfelt Family Reunions",146000
"video9_147000","video9","Heartfelt Family Reunions",147000
"video9_148000","video9","Heartfelt Family Reunions",148000
"video9_149000","video9","Heartfelt Family Reunions",149000
"video9_150000","video9","Heartfelt Family Reunions",150000
"video9_151000","video9","Heartfelt Family Reunions",151000
"video9_152000","video9","Heartfelt Family Reunions",152000
"video9_153000","video9","Heartfelt Family Reunions",153000
"video9_154000","video9","Heartfelt Family Reunions",154000
"video9_155000","video9","Heartfelt Family Reunions",155000
"video9_156000","video9","Heartfelt Family Reunions",156000
"video9_157000","video9","Heartfelt Family Reunions",157000
"video9_158000","video9","Heartfelt Family Reunions",158000
"video9_159000","video9","Heartfelt Family Reunions",159000
"video9_160000","video9","Heartfelt Family Reunions",160000
"video9_161000","video9","Heartfelt Family Reunions",161000
"video9_162000","video9","Heartfelt Family Reunions",162000
"video9_163000","video9","Heartfelt Family Reunions",163000
"video9_164000","video9","Heartfelt Family Reunions",164000
"video9_165000","video9","Heartfelt Family Reunions",165000
"video9_166000","video9","Heartfelt Family Reunions",166000
"video9_167000","video9","Heartfelt Family Reunions",167000
"video9_168000","video9","Heartfelt Family Reunions",168000
"video9_169000","video9","Heartfelt Family Reunions",169000
"video9_170000","video9","Heartfelt Family Reunions",170000
"video9_171000","video9","Heartfelt Family Reunions",171000
"video9_172000","video9","Heartfelt Family Reunions",172000
"video9_173000","video9","Heartfelt Family Reunions",173000
"video9_174000","video9","Heartfelt Family Reunions",174000
"video9_175000","video9","Heartfelt Family Reunions",175000
"video9_176000","video9","Heartfelt Family Reunions",176000
"video9_177000","video9","Heartfelt Family Reunions",177000
"video9_178000","video9","Heartfelt Family Reunions",178000
"video9_179000","video9","Heartfelt Family Reunions",179000
"video9_180000","video9","Heartfelt Family Reunions",180000
"video9_181000","video9","Heartfelt Family Reunions",181000
"video9_182000","video9","Heartfelt Family Reunions",182000
"video9_183000","video9","Heartfelt Family Reunions",183000
"video9_184000","video9","Heartfelt Family Reunions",184000
"video9_185000","video9","Heartfelt Family Reunions",185000
"video9_186000","video9","Heartfelt Family Reunions",186000
"video9_187000","video9","Heartfelt Family Reunions",187000
"video9_188000","video9","Heartfelt Family Reunions",188000
"video9_189000","video9","Heartfelt Family Reunions",189000
"video9_190000","video9","Heartfelt Family Reunions",190000
"video9_191000","video9","Heartfelt Family Reunions",191000
"video9_192000","video9","Heartfelt Family Reunions",192000
"video9_193000","video9","Heartfelt Family Reunions",193000
"video9_194000","video9","Heartfelt Family Reunions",194000
"video9_195000","video9","Heartfelt Family Reunions",195000
"video9_196000","video9","Heartfelt Family Reunions",196000
"video9_197000","video9","Heartfelt Family Reunions",197000
"video9_198000","video9","Heartfelt Family Reunions",198000
"video9_199000","video9","Heartfelt Family Reunions",199000
"video9_200000","video9","Heartfelt Family Reunions",200000
"video9_201000","video9","Heartfelt Family Reunions",201000
"video9_202000","video9","Heartfelt Family Reunions",202000
"video9_203000","video9","Heartfelt Family Reunions",203000
"video9_204000","video9","Heartfelt Family Reunions",204000
"video9_205000","video9","Heartfelt Family Reunions",205000
"video9_206000","video9","Heartfelt Family Reunions",206000
"video9_207000","video9","Heartfelt Family Reunions",207000
"video9_208000","video9","Heartfelt Family Reunions",208000
"video9_209000","video9","Heartfelt Family Reunions",209000
"video9_210000","video9","Heartfelt Family Reunions",210000
"video9_211000","video9","Heartfelt Family Reunions",211000
"video9_212000","video9","Heartfelt Family Reunions",212000
"video9_213000","video9","Heartfelt Family Reunions",213000
"video9_214000","video9","Heartfelt Family Reunions",214000
"video9_215000","video9","Heartfelt Family Reunions",215000
"video9_216000","video9","Heartfelt Family Reunions",216000
"video9_217000","video9","Heartfelt Family Reunions",217000
"video9_218000","video9","Heartfelt Family Reunions",218000
"video9_219000","video9","Heartfelt Family Reunions",219000
"video9_220000","video9","Heartfelt Family Reunions",220000
"video9_221000","video9","Heartfelt Family Reunions",221000
"video9_222000","video9","Heartfelt Family Reunions",222000
"video9_223000","video9","Heartfelt Family Reunions",223000
"video9_224000","video9","Heartfelt Family Reunions",224000
"video9_225000","video9","Heartfelt Family Reunions",225000
"video9_226000","video9","Heartfelt Family Reunions",226000
"video9_227000","video9","Heartfelt Family Reunions",227000
"video9_228000","video9","Heartfelt Family Reunions",228000
"video9_229000","video9","Heartfelt Family Reunions",229000
"video9_230000","video9","Heartfelt Family Reunions",230000
"video9_231000","video9","Heartfelt Family Reunions",231000
"video9_232000","video9","Heartfelt Family Reunions",232000
"video9_233000","video9","Heartfelt Family Reunions",233000
"video9_234000","video9","Heartfelt Family Reunions",234000
"video9_235000","video9","Heartfelt Family Reunions",235000
"video9_236000","video9","Heartfelt Family Reunions",236000
"video9_237000","video9","Heartfelt Family Reunions",237000
"video9_238000","video9","Heartfelt Family Reunions",238000
"video9_239000","video9","Heartfelt Family Reunions",239000
"video9_240000","video9","Heartfelt Family Reunions",240000
"video9_241000","video9","Heartfelt Family Reunions",241000
"video9_242000","video9","Heartfelt Family Reunions",242000
"video9_243000","video9","Heartfelt Family Reunions",243000
"video9_244000","video9","Heartfelt Family Reunions",244000
"video9_245000","video9","Heartfelt Family Reunions",245000
"video9_246000","video9","Heartfelt Family Reunions",246000
"video9_247000","video9","Heartfelt Family Reunions",247000
"video9_248000","video9","Heartfelt Family Reunions",248000
"video9_249000","video9","Heartfelt Family Reunions",249000
"video9_250000","video9","Heartfelt Family Reunions",250000
"video9_251000","video9","Heartfelt Family Reunions",251000
"video9_252000","video9","Heartfelt Family Reunions",252000
"video9_253000","video9","Heartfelt Family Reunions",253000
"video9_254000","video9","Heartfelt Family Reunions",254000
"video9_255000","video9","Heartfelt Family Reunions",255000
"video9_256000","video9","Heartfelt Family Reunions",256000
"video9_257000","video9","Heartfelt Family Reunions",257000
"video9_258000","video9","Heartfelt Family Reunions",258000
"video9_259000","video9","Heartfelt Family Reunions",259000
"video9_260000","video9","Heartfelt Family Reunions",260000
"video9_261000","video9","Heartfelt Family Reunions",261000
"video9_262000","video9","Heartfelt Family Reunions",262000
"video9_263000","video9","Heartfelt Family Reunions",263000
"video9_264000","video9","Heartfelt Family Reunions",264000
"video9_265000","video9","Heartfelt Family Reunions",265000
"video9_266000","video9","Heartfelt Family Reunions",266000
"video9_267000","video9","Heartfelt Family Reunions",267000
"video9_268000","video9","Heartfelt Family Reunions",268000
"video9_269000","video9","Heartfelt Family Reunions",269000
"video9_270000","video9","Heartfelt Family Reunions",270000
"video9_271000","video9","Heartfelt Family Reunions",271000
"video9_272000","video9","Heartfelt Family Reunions",272000
"video9_273000","video9","Heartfelt Family Reunions",273000
"video9_274000","video9","Heartfelt Family Reunions",274000
"video9_275000","video9","Heartfelt Family Reunions",275000
"video9_276000","video9","Heartfelt Family Reunions",276000
"video9_277000","video9","Heartfelt Family Reunions",277000
"video9_278000","video9","Heartfelt Family Reunions",278000
"video9_279000","video9","Heartfelt Family Reunions",279000
"video10_0","video10","The Enchanted Forest",0
"video10_1000","video10","The Enchanted Forest",1000
"video10_2000","video10","The Enchanted Forest",2000
"video10_3000","video10","The Enchanted Forest",3000
"video10_4000","video10","The Enchanted Forest",4000
"video10_5000","video10","The Enchanted Forest",5000
"video10_6000","video10","The Enchanted Forest",6000
"video10_7000","video10","The Enchanted Forest",7000
"video10_8000","video10","The Enchanted Forest",8000
"video10_9000","video10","The Enchanted Forest",9000
"video10_10000","video10","The Enchanted Forest",10000
"video10_11000","video10","The Enchanted Forest",11000
"video10_12000","video10","The Enchanted Forest",12000
"video10_13000","video10","The Enchanted Forest",13000
"video10_14000","video10","The Enchanted Forest",14000
"video10_15000","video10","The Enchanted Forest",15000
"video10_16000","video10","The Enchanted Forest",16000
"video10_17000","video10","The Enchanted Forest",17000
"video10_18000","video10","The Enchanted Forest",18000
"video10_19000","video10","The Enchanted Forest",19000
"video10_20000","video10","The Enchanted Forest",20000
"video10_21000","video10","The Enchanted Forest",21000
"video10_22000","video10","The Enchanted Forest",22000
"video10_23000","video10","The Enchanted Forest",23000
"video10_24000","video10","The Enchanted Forest",24000
"video10_25000","video10","The Enchanted Forest",25000
"video10_26000","video10","The Enchanted Forest",26000
"video10_27000","video10","The Enchanted Forest",27000
"video10_28000","video10","The Enchanted Forest",28000
"video10_29000","video10","The Enchanted Forest",29000
"video10_30000","video10","The Enchanted Forest",30000
"video10_31000","video10","The Enchanted Forest",31000
"video10_32000","video10","The Enchanted Forest",32000
"video10_33000","video10","The Enchanted Forest",33000
"video10_34000","video10","The Enchanted Forest",34000
"video10_35000","video10","The Enchanted Forest",35000
"video10_36000","video10","The Enchanted Forest",36000
"video10_37000","video10","The Enchanted Forest",37000
"video10_38000","video10","The Enchanted Forest",38000
"video10_39000","video10","The Enchanted Forest",39000
"video10_40000","video10","The Enchanted Forest",40000
"video10_41000","video10","The Enchanted Forest",41000
"video10_42000","video10","The Enchanted Forest",42000
"video10_43000","video10","The Enchanted Forest",43000
"video10_44000","video10","The Enchanted Forest",44000
"video10_45000","video10","The Enchanted Forest",45000
"video10_46000","video10","The Enchanted Forest",46000
"video10_47000","video10","The Enchanted Forest",47000
"video10_48000","video10","The Enchanted Forest",48000
"video10_49000","video10","The Enchanted Forest",49000
"video10_50000","video10","The Enchanted Forest",50000
"video10_51000","video10","The Enchanted Forest",51000
"video10_52000","video10","The Enchanted Forest",52000
"video10_53000","video10","The Enchanted Forest",53000
"video10_54000","video10","The Enchanted Forest",54000
"video10_55000","video10","The Enchanted Forest",55000
"video10_56000","video10","The Enchanted Forest",56000
"video10_57000","video10","The Enchanted Forest",57000
"video10_58000","video10","The Enchanted Forest",58000
"video10_59000","video10","The Enchanted Forest",59000
"video10_60000","video10","The Enchanted Forest",60000
"video10_61000","video10","The Enchanted Forest",61000
"video10_62000","video10","The Enchanted Forest",62000
"video10_63000","video10","The Enchanted Forest",63000
"video10_64000","video10","The Enchanted Forest",64000
"video10_65000","video10","The Enchanted Forest",65000
"video10_66000","video10","The Enchanted Forest",66000
"video10_67000","video10","The Enchanted Forest",67000
"video10_68000","video10","The Enchanted Forest",68000
"video10_69000","video10","The Enchanted Forest",69000
"video10_70000","video10","The Enchanted Forest",70000
"video10_71000","video10","The Enchanted Forest",71000
"video10_72000","video10","The Enchanted Forest",72000
"video10_73000","video10","The Enchanted Forest",73000
"video10_74000","video10","The Enchanted Forest",74000
"video10_75000","video10","The Enchanted Forest",75000
"video10_76000","video10","The Enchanted Forest",76000
"video10_77000","video10","The Enchanted Forest",77000
"video10_78000","video10","The Enchanted Forest",78000
"video10_79000","video10","The Enchanted Forest",79000
"video10_80000","video10","The Enchanted Forest",80000
"video10_81000","video10","The Enchanted Forest",81000
"video10_82000","video10","The Enchanted Forest",82000
"video10_83000","video10","The Enchanted Forest",83000
"video10_84000","video10","The Enchanted Forest",84000
"video10_85000","video10","The Enchanted Forest",85000
"video10_86000","video10","The Enchanted Forest",86000
"video10_87000","video10","The Enchanted Forest",87000
"video10_88000","video10","The Enchanted Forest",88000
"video10_89000","video10","The Enchanted Forest",89000
"video10_90000","video10","The Enchanted Forest",90000
"video10_91000","video10","The Enchanted Forest",91000
"video10_92000","video10","The Enchanted Forest",92000
"video10_93000","video10","The Enchanted Forest",93000
"video10_94000","video10","The Enchanted Forest",94000
"video10_95000","video10","The Enchanted Forest",95000
"video10_96000","video10","The Enchanted Forest",96000
"video10_97000","video10","The Enchanted Forest",97000
"video10_98000","video10","The Enchanted Forest",98000
"video10_99000","video10","The Enchanted Forest",99000
"video10_100000","video10","The Enchanted Forest",100000
"video10_101000","video10","The Enchanted Forest",101000
"video10_102000","video10","The Enchanted Forest",102000
"video10_103000","video10","The Enchanted Forest",103000
"video10_104000","video10","The Enchanted Forest",104000
"video10_105000","video10","The Enchanted Forest",105000
"video10_106000","video10","The Enchanted Forest",106000
"video10_107000","video10","The Enchanted Forest",107000
"video10_108000","video10","The Enchanted Forest",108000
"video10_109000","video10","The Enchanted Forest",109000
"video10_110000","video10","The Enchanted Forest",110000
"video10_111000","video10","The Enchanted Forest",111000
"video10_112000","video10","The Enchanted Forest",112000
"video10_113000","video10","The Enchanted Forest",113000
"video10_114000","video10","The Enchanted Forest",114000
"video10_115000","video10","The Enchanted Forest",115000
"video10_116000","video10","The Enchanted Forest",116000
"video10_117000","video10","The Enchanted Forest",117000
"video10_118000","video10","The Enchanted Forest",118000
"video10_119000","video10","The Enchanted Forest",119000
"video10_120000","video10","The Enchanted Forest",120000
"video10_121000","video10","The Enchanted Forest",121000
"video10_122000","video10","The Enchanted Forest",122000
"video10_123000","video10","The Enchanted Forest",123000
"video10_124000","video10","The Enchanted Forest",124000
"video10_125000","video10","The Enchanted Forest",125000
"video10_126000","video10","The Enchanted Forest",126000
"video10_127000","video10","The Enchanted Forest",127000
"video10_128000","video10","The Enchanted Forest",128000
"video10_129000","video10","The Enchanted Forest",129000
"video10_130000","video10","The Enchanted Forest",130000
"video10_131000","video10","The Enchanted Forest",131000
"video10_132000","video10","The Enchanted Forest",132000
"video10_133000","video10","The Enchanted Forest",133000
"video10_134000","video10","The Enchanted Forest",134000
"video10_135000","video10","The Enchanted Forest",135000
"video10_136000","video10","The Enchanted Forest",136000
"video10_137000","video10","The Enchanted Forest",137000
"video10_138000","video10","The Enchanted Forest",138000
"video10_139000","video10","The Enchanted Forest",139000
"video10_140000","video10","The Enchanted Forest",140000
"video10_141000","video10","The Enchanted Forest",141000
"video10_142000","video10","The Enchanted Forest",142000
"video10_143000","video10","The Enchanted Forest",143000
"video10_144000","video10","The Enchanted Forest",144000
"video10_145000","video10","The Enchanted Forest",145000
"video10_146000","video10","The Enchanted Forest",146000
"video10_147000","video10","The Enchanted Forest",147000
"video10_148000","video10","The Enchanted Forest",148000
"video10_149000","video10","The Enchanted Forest",149000
"video10_150000","video10","The Enchanted Forest",150000
"video10_151000","video10","The Enchanted Forest",151000
"video10_152000","video10","The Enchanted Forest",152000
"video10_153000","video10","The Enchanted Forest",153000
"video10_154000","video10","The Enchanted Forest",154000
"video10_155000","video10","The Enchanted Forest",155000
"video10_156000","video10","The Enchanted Forest",156000
"video10_157000","video10","The Enchanted Forest",157000
"video10_158000","video10","The Enchanted Forest",158000
"video10_159000","video10","The Enchanted Forest",159000
"video10_160000","video10","The Enchanted Forest",160000
"video10_161000","video10","The Enchanted Forest",161000
"video10_162000","video10","The Enchanted Forest",162000
"video10_163000","video10","The Enchanted Forest",163000
"video10_164000","video10","The Enchanted Forest",164000
"video10_165000","video10","The Enchanted Forest",165000
"video10_166000","video10","The Enchanted Forest",166000
"video10_167000","video10","The Enchanted Forest",167000
"video10_168000","video10","The Enchanted Forest",168000
"video10_169000","video10","The Enchanted Forest",169000
"video10_170000","video10","The Enchanted Forest",170000
"video10_171000","video10","The Enchanted Forest",171000
"video10_172000","video10","The Enchanted Forest",172000
"video10_173000","video10","The Enchanted Forest",173000
"video10_174000","video10","The Enchanted Forest",174000
"video10_175000","video10","The Enchanted Forest",175000
"video10_176000","video10","The Enchanted Forest",176000
"video10_177000","video10","The Enchanted Forest",177000
"video10_178000","video10","The Enchanted Forest",178000
"video10_179000","video10","The Enchanted Forest",179000
"video10_180000","video10","The Enchanted Forest",180000
"video10_181000","video10","The Enchanted Forest",181000
"video10_182000","video10","The Enchanted Forest",182000
"video10_183000","video10","The Enchanted Forest",183000
"video10_184000","video10","The Enchanted Forest",184000
"video10_185000","video10","The Enchanted Forest",185000
"video10_186000","video10","The Enchanted Forest",186000
"video10_187000","video10","The Enchanted Forest",187000
"video10_188000","video10","The Enchanted Forest",188000
"video10_189000","video10","The Enchanted Forest",189000
"video10_190000","video10","The Enchanted Forest",190000
"video10_191000","video10","The Enchanted Forest",191000
"video10_192000","video10","The Enchanted Forest",192000
"video10_193000","video10","The Enchanted Forest",193000
"video10_194000","video10","The Enchanted Forest",194000
"video10_195000","video10","The Enchanted Forest",195000
"video10_196000","video10","The Enchanted Forest",196000
"video10_197000","video10","The Enchanted Forest",197000
"video10_198000","video10","The Enchanted Forest",198000
"video10_199000","video10","The Enchanted Forest",199000
"video10_200000","video10","The Enchanted Forest",200000
"video10_201000","video10","The Enchanted Forest",201000
"video10_202000","video10","The Enchanted Forest",202000
"video10_203000","video10","The Enchanted Forest",203000
"video10_204000","video10","The Enchanted Forest",204000
"video10_205000","video10","The Enchanted Forest",205000
"video10_206000","video10","The Enchanted Forest",206000
"video10_207000","video10","The Enchanted Forest",207000
"video10_208000","video10","The Enchanted Forest",208000
"video10_209000","video10","The Enchanted Forest",209000
"video10_210000","video10","The Enchanted Forest",210000
"video10_211000","video10","The Enchanted Forest",211000
"video10_212000","video10","The Enchanted Forest",212000
"video10_213000","video10","The Enchanted Forest",213000
"video10_214000","video10","The Enchanted Forest",214000
"video10_215000","video10","The Enchanted Forest",215000
"video10_216000","video10","The Enchanted Forest",216000
"video10_217000","video10","The Enchanted Forest",217000
"video10_218000","video10","The Enchanted Forest",218000
"video10_219000","video10","The Enchanted Forest",219000
"video10_220000","video10","The Enchanted Forest",220000
"video10_221000","video10","The Enchanted Forest",221000
"video10_222000","video10","The Enchanted Forest",222000
"video10_223000","video10","The Enchanted Forest",223000
"video10_224000","video10","The Enchanted Forest",224000
"video10_225000","video10","The Enchanted Forest",225000
"video10_226000","video10","The Enchanted Forest",226000
"video10_227000","video10","The Enchanted Forest",227000
"video10_228000","video10","The Enchanted Forest",228000
"video10_229000","video10","The Enchanted Forest",229000
"video10_230000","video10","The Enchanted Forest",230000
"video10_231000","video10","The Enchanted Forest",231000
"video10_232000","video10","The Enchanted Forest",232000
"video10_233000","video10","The Enchanted Forest",233000
"video10_234000","video10","The Enchanted Forest",234000
"video10_235000","video10","The Enchanted Forest",235000
"video10_236000","video10","The Enchanted Forest",236000
"video10_237000","video10","The Enchanted Forest",237000
"video10_238000","video10","The Enchanted Forest",238000
"video10_239000","video10","The Enchanted Forest",239000
"video10_240000","video10","The Enchanted Forest",240000
"video10_241000","video10","The Enchanted Forest",241000
"video10_242000","video10","The Enchanted Forest",242000
"video10_243000","video10","The Enchanted Forest",243000
"video10_244000","video10","The Enchanted Forest",244000
"video10_245000","video10","The Enchanted Forest",245000
"video10_246000","video10","The Enchanted Forest",246000
"video10_247000","video10","The Enchanted Forest",247000
"video10_248000","video10","The Enchanted Forest",248000
"video10_249000","video10","The Enchanted Forest",249000
"video10_250000","video10","The Enchanted Forest",250000
"video10_251000","video10","The Enchanted Forest",251000
"video10_252000","video10","The Enchanted Forest",252000
"video10_253000","video10","The Enchanted Forest",253000
"video10_254000","video10","The Enchanted Forest",254000
"video10_255000","video10","The Enchanted Forest",255000
"video10_256000","video10","The Enchanted Forest",256000
"video10_257000","video10","The Enchanted Forest",257000
"video10_258000","video10","The Enchanted Forest",258000
"video10_259000","video10","The Enchanted Forest",259000
"video10_260000","video10","The Enchanted Forest",260000
"video10_261000","video10","The Enchanted Forest",261000
"video10_262000","video10","The Enchanted Forest",262000
"video10_263000","video10","The Enchanted Forest",263000
"video10_264000","video10","The Enchanted Forest",264000
"video10_265000","video10","The Enchanted Forest",265000
"video10_266000","video10","The Enchanted Forest",266000
"video10_267000","video10","The Enchanted Forest",267000
"video10_268000","video10","The Enchanted Forest",268000
"video10_269000","video10","The Enchanted Forest",269000
"video10_270000","video10","The Enchanted Forest",270000
"video10_271000","video10","The Enchanted Forest",271000
"video10_272000","video10","The Enchanted Forest",272000
"video10_273000","video10","The Enchanted Forest",273000
"video10_274000","video10","The Enchanted Forest",274000
"video10_275000","video10","The Enchanted Forest",275000
"video10_276000","video10","The Enchanted Forest",276000
"video10_277000","video10","The Enchanted Forest",277000
"video10_278000","video10","The Enchanted Forest",278000
"video10_279000","video10","The Enchanted Forest",279000
"video10_280000","video10","The Enchanted Forest",280000
"video10_281000","video10","The Enchanted Forest",281000
"video10_282000","video10","The Enchanted Forest",282000
"video10_283000","video10","The Enchanted Forest",283000
"video10_284000","video10","The Enchanted Forest",284000
"video10_285000","video10","The Enchanted Forest",285000
"video10_286000","video10","The Enchanted Forest",286000
"video10_287000","video10","The Enchanted Forest",287000
"video10_288000","video10","The Enchanted Forest",288000
"video10_289000","video10","The Enchanted Forest",289000
"video10_290000","video10","The Enchanted Forest",290000
"video10_291000","video10","The Enchanted Forest",291000
"video10_292000","video10","The Enchanted Forest",292000
"video10_293000","video10","The Enchanted Forest",293000
"video10_294000","video10","The Enchanted Forest",294000
"video10_295000","video10","The Enchanted Forest",295000
"video10_296000","video10","The Enchanted Forest",296000
"video10_297000","video10","The Enchanted Forest",297000
"video10_298000","video10","The Enchanted Forest",298000
"video10_299000","video10","The Enchanted Forest",299000
"video10_300000","video10","The Enchanted Forest",300000
"video10_301000","video10","The Enchanted Forest",301000
"video10_302000","video10","The Enchanted Forest",302000
"video10_303000","video10","The Enchanted Forest",303000
"video10_304000","video10","The Enchanted Forest",304000
"video10_305000","video10","The Enchanted Forest",305000
"video11_0","video11","Spectacular Sports Moments",0
"video11_1000","video11","Spectacular Sports Moments",1000
"video11_2000","video11","Spectacular Sports Moments",2000
"video11_3000","video11","Spectacular Sports Moments",3000
"video11_4000","video11","Spectacular Sports Moments",4000
"video11_5000","video11","Spectacular Sports Moments",5000
"video11_6000","video11","Spectacular Sports Moments",6000
"video11_7000","video11","Spectacular Sports Moments",7000
"video11_8000","video11","Spectacular Sports Moments",8000
"video11_9000","video11","Spectacular Sports Moments",9000
"video11_10000","video11","Spectacular Sports Moments",10000
"video11_11000","video11","Spectacular Sports Moments",11000
"video11_12000","video11","Spectacular Sports Moments",12000
"video11_13000","video11","Spectacular Sports Moments",13000
"video11_14000","video11","Spectacular Sports Moments",14000
"video11_15000","video11","Spectacular Sports Moments",15000
"video11_16000","video11","Spectacular Sports Moments",16000
"video11_17000","video11","Spectacular Sports Moments",17000
"video11_18000","video11","Spectacular Sports Moments",18000
"video11_19000","video11","Spectacular Sports Moments",19000
"video11_20000","video11","Spectacular Sports Moments",20000
"video11_21000","video11","Spectacular Sports Moments",21000
"video11_22000","video11","Spectacular Sports Moments",22000
"video11_23000","video11","Spectacular Sports Moments",23000
"video11_24000","video11","Spectacular Sports Moments",24000
"video11_25000","video11","Spectacular Sports Moments",25000
"video11_26000","video11","Spectacular Sports Moments",26000
"video11_27000","video11","Spectacular Sports Moments",27000
"video11_28000","video11","Spectacular Sports Moments",28000
"video11_29000","video11","Spectacular Sports Moments",29000
"video11_30000","video11","Spectacular Sports Moments",30000
"video11_31000","video11","Spectacular Sports Moments",31000
"video11_32000","video11","Spectacular Sports Moments",32000
"video11_33000","video11","Spectacular Sports Moments",33000
"video11_34000","video11","Spectacular Sports Moments",34000
"video11_35000","video11","Spectacular Sports Moments",35000
"video11_36000","video11","Spectacular Sports Moments",36000
"video11_37000","video11","Spectacular Sports Moments",37000
"video11_38000","video11","Spectacular Sports Moments",38000
"video11_39000","video11","Spectacular Sports Moments",39000
"video11_40000","video11","Spectacular Sports Moments",40000
"video11_41000","video11","Spectacular Sports Moments",41000
"video11_42000","video11","Spectacular Sports Moments",42000
"video11_43000","video11","Spectacular Sports Moments",43000
"video11_44000","video11","Spectacular Sports Moments",44000
"video11_45000","video11","Spectacular Sports Moments",45000
"video11_46000","video11","Spectacular Sports Moments",46000
"video11_47000","video11","Spectacular Sports Moments",47000
"video11_48000","video11","Spectacular Sports Moments",48000
"video11_49000","video11","Spectacular Sports Moments",49000
"video11_50000","video11","Spectacular Sports Moments",50000
"video11_51000","video11","Spectacular Sports Moments",51000
"video11_52000","video11","Spectacular Sports Moments",52000
"video11_53000","video11","Spectacular Sports Moments",53000
"video11_54000","video11","Spectacular Sports Moments",54000
"video11_55000","video11","Spectacular Sports Moments",55000
"video11_56000","video11","Spectacular Sports Moments",56000
"video11_57000","video11","Spectacular Sports Moments",57000
"video11_58000","video11","Spectacular Sports Moments",58000
"video11_59000","video11","Spectacular Sports Moments",59000
"video11_60000","video11","Spectacular Sports Moments",60000
"video11_61000","video11","Spectacular Sports Moments",61000
"video11_62000","video11","Spectacular Sports Moments",62000
"video11_63000","video11","Spectacular Sports Moments",63000
"video11_64000","video11","Spectacular Sports Moments",64000
"video11_65000","video11","Spectacular Sports Moments",65000
"video11_66000","video11","Spectacular Sports Moments",66000
"video11_67000","video11","Spectacular Sports Moments",67000
"video11_68000","video11","Spectacular Sports Moments",68000
"video11_69000","video11","Spectacular Sports Moments",69000
"video11_70000","video11","Spectacular Sports Moments",70000
"video11_71000","video11","Spectacular Sports Moments",71000
"video11_72000","video11","Spectacular Sports Moments",72000
"video11_73000","video11","Spectacular Sports Moments",73000
"video11_74000","video11","Spectacular Sports Moments",74000
"video11_75000","video11","Spectacular Sports Moments",75000
"video11_76000","video11","Spectacular Sports Moments",76000
"video11_77000","video11","Spectacular Sports Moments",77000
"video11_78000","video11","Spectacular Sports Moments",78000
"video11_79000","video11","Spectacular Sports Moments",79000
"video11_80000","video11","Spectacular Sports Moments",80000
"video11_81000","video11","Spectacular Sports Moments",81000
"video11_82000","video11","Spectacular Sports Moments",82000
"video11_83000","video11","Spectacular Sports Moments",83000
"video11_84000","video11","Spectacular Sports Moments",84000
"video11_85000","video11","Spectacular Sports Moments",85000
"video11_86000","video11","Spectacular Sports Moments",86000
"video11_87000","video11","Spectacular Sports Moments",87000
"video11_88000","video11","Spectacular Sports Moments",88000
"video11_89000","video11","Spectacular Sports Moments",89000
"video11_90000","video11","Spectacular Sports Moments",90000
"video11_91000","video11","Spectacular Sports Moments",91000
"video11_92000","video11","Spectacular Sports Moments",92000
"video11_93000","video11","Spectacular Sports Moments",93000
"video11_94000","video11","Spectacular Sports Moments",94000
"video11_95000","video11","Spectacular Sports Moments",95000
"video11_96000","video11","Spectacular Sports Moments",96000
"video11_97000","video11","Spectacular Sports Moments",97000
"video11_98000","video11","Spectacular Sports Moments",98000
"video11_99000","video11","Spectacular Sports Moments",99000
"video11_100000","video11","Spectacular Sports Moments",100000
"video11_101000","video11","Spectacular Sports Moments",101000
"video11_102000","video11","Spectacular Sports Moments",102000
"video11_103000","video11","Spectacular Sports Moments",103000
"video11_104000","video11","Spectacular Sports Moments",104000
"video11_105000","video11","Spectacular Sports Moments",105000
"video11_106000","video11","Spectacular Sports Moments",106000
"video11_107000","video11","Spectacular Sports Moments",107000
"video11_108000","video11","Spectacular Sports Moments",108000
"video11_109000","video11","Spectacular Sports Moments",109000
"video11_110000","video11","Spectacular Sports Moments",110000
"video11_111000","video11","Spectacular Sports Moments",111000
"video11_112000","video11","Spectacular Sports Moments",112000
"video11_113000","video11","Spectacular Sports Moments",113000
"video11_114000","video11","Spectacular Sports Moments",114000
"video11_115000","video11","Spectacular Sports Moments",115000
"video11_116000","video11","Spectacular Sports Moments",116000
"video11_117000","video11","Spectacular Sports Moments",117000
"video11_118000","video11","Spectacular Sports Moments",118000
"video11_119000","video11","Spectacular Sports Moments",119000
"video11_120000","video11","Spectacular Sports Moments",120000
"video11_121000","video11","Spectacular Sports Moments",121000
"video11_122000","video11","Spectacular Sports Moments",122000
"video11_123000","video11","Spectacular Sports Moments",123000
"video11_124000","video11","Spectacular Sports Moments",124000
"video11_125000","video11","Spectacular Sports Moments",125000
"video11_126000","video11","Spectacular Sports Moments",126000
"video11_127000","video11","Spectacular Sports Moments",127000
"video11_128000","video11","Spectacular Sports Moments",128000
"video11_129000","video11","Spectacular Sports Moments",129000
"video11_130000","video11","Spectacular Sports Moments",130000
"video11_131000","video11","Spectacular Sports Moments",131000
"video11_132000","video11","Spectacular Sports Moments",132000
"video11_133000","video11","Spectacular Sports Moments",133000
"video11_134000","video11","Spectacular Sports Moments",134000
"video11_135000","video11","Spectacular Sports Moments",135000
"video11_136000","video11","Spectacular Sports Moments",136000
"video11_137000","video11","Spectacular Sports Moments",137000
"video11_138000","video11","Spectacular Sports Moments",138000
"video11_139000","video11","Spectacular Sports Moments",139000
"video11_140000","video11","Spectacular Sports Moments",140000
"video11_141000","video11","Spectacular Sports Moments",141000
"video11_142000","video11","Spectacular Sports Moments",142000
"video11_143000","video11","Spectacular Sports Moments",143000
"video11_144000","video11","Spectacular Sports Moments",144000
"video11_145000","video11","Spectacular Sports Moments",145000
"video11_146000","video11","Spectacular Sports Moments",146000
"video11_147000","video11","Spectacular Sports Moments",147000
"video11_148000","video11","Spectacular Sports Moments",148000
"video11_149000","video11","Spectacular Sports Moments",149000
"video11_150000","video11","Spectacular Sports Moments",150000
"video11_151000","video11","Spectacular Sports Moments",151000
"video11_152000","video11","Spectacular Sports Moments",152000
"video11_153000","video11","Spectacular Sports Moments",153000
"video11_154000","video11","Spectacular Sports Moments",154000
"video11_155000","video11","Spectacular Sports Moments",155000
"video11_156000","video11","Spectacular Sports Moments",156000
"video11_157000","video11","Spectacular Sports Moments",157000
"video11_158000","video11","Spectacular Sports Moments",158000
"video11_159000","video11","Spectacular Sports Moments",159000
"video11_160000","video11","Spectacular Sports Moments",160000
"video11_161000","video11","Spectacular Sports Moments",161000
"video11_162000","video11","Spectacular Sports Moments",162000
"video11_163000","video11","Spectacular Sports Moments",163000
"video11_164000","video11","Spectacular Sports Moments",164000
"video11_165000","video11","Spectacular Sports Moments",165000
"video11_166000","video11","Spectacular Sports Moments",166000
"video11_167000","video11","Spectacular Sports Moments",167000
"video11_168000","video11","Spectacular Sports Moments",168000
"video11_169000","video11","Spectacular Sports Moments",169000
"video11_170000","video11","Spectacular Sports Moments",170000
"video11_171000","video11","Spectacular Sports Moments",171000
"video11_172000","video11","Spectacular Sports Moments",172000
"video11_173000","video11","Spectacular Sports Moments",173000
"video11_174000","video11","Spectacular Sports Moments",174000
"video11_175000","video11","Spectacular Sports Moments",175000
"video11_176000","video11","Spectacular Sports Moments",176000
"video11_177000","video11","Spectacular Sports Moments",177000
"video11_178000","video11","Spectacular Sports Moments",178000
"video11_179000","video11","Spectacular Sports Moments",179000
"video11_180000","video11","Spectacular Sports Moments",180000
"video11_181000","video11","Spectacular Sports Moments",181000
"video11_182000","video11","Spectacular Sports Moments",182000
"video11_183000","video11","Spectacular Sports Moments",183000
"video11_184000","video11","Spectacular Sports Moments",184000
"video11_185000","video11","Spectacular Sports Moments",185000
"video11_186000","video11","Spectacular Sports Moments",186000
"video11_187000","video11","Spectacular Sports Moments",187000
"video11_188000","video11","Spectacular Sports Moments",188000
"video11_189000","video11","Spectacular Sports Moments",189000
"video11_190000","video11","Spectacular Sports Moments",190000
"video11_191000","video11","Spectacular Sports Moments",191000
"video11_192000","video11","Spectacular Sports Moments",192000
"video11_193000","video11","Spectacular Sports Moments",193000
"video11_194000","video11","Spectacular Sports Moments",194000
"video11_195000","video11","Spectacular Sports Moments",195000
"video11_196000","video11","Spectacular Sports Moments",196000
"video11_197000","video11","Spectacular Sports Moments",197000
"video11_198000","video11","Spectacular Sports Moments",198000
"video11_199000","video11","Spectacular Sports Moments",199000
"video11_200000","video11","Spectacular Sports Moments",200000
"video11_201000","video11","Spectacular Sports Moments",201000
"video11_202000","video11","Spectacular Sports Moments",202000
"video11_203000","video11","Spectacular Sports Moments",203000
"video11_204000","video11","Spectacular Sports Moments",204000
"video11_205000","video11","Spectacular Sports Moments",205000
"video11_206000","video11","Spectacular Sports Moments",206000
"video11_207000","video11","Spectacular Sports Moments",207000
"video11_208000","video11","Spectacular Sports Moments",208000
"video11_209000","video11","Spectacular Sports Moments",209000
"video11_210000","video11","Spectacular Sports Moments",210000
"video11_211000","video11","Spectacular Sports Moments",211000
"video11_212000","video11","Spectacular Sports Moments",212000
"video11_213000","video11","Spectacular Sports Moments",213000
"video11_214000","video11","Spectacular Sports Moments",214000
"video11_215000","video11","Spectacular Sports Moments",215000
"video11_216000","video11","Spectacular Sports Moments",216000
"video11_217000","video11","Spectacular Sports Moments",217000
"video11_218000","video11","Spectacular Sports Moments",218000
"video11_219000","video11","Spectacular Sports Moments",219000
"video11_220000","video11","Spectacular Sports Moments",220000
"video11_221000","video11","Spectacular Sports Moments",221000
"video11_222000","video11","Spectacular Sports Moments",222000
"video11_223000","video11","Spectacular Sports Moments",223000
"video11_224000","video11","Spectacular Sports Moments",224000
"video11_225000","video11","Spectacular Sports Moments",225000
"video11_226000","video11","Spectacular Sports Moments",226000
"video11_227000","video11","Spectacular Sports Moments",227000
"video11_228000","video11","Spectacular Sports Moments",228000
"video11_229000","video11","Spectacular Sports Moments",229000
"video11_230000","video11","Spectacular Sports Moments",230000
"video11_231000","video11","Spectacular Sports Moments",231000
"video11_232000","video11","Spectacular Sports Moments",232000
"video11_233000","video11","Spectacular Sports Moments",233000
"video11_234000","video11","Spectacular Sports Moments",234000
"video11_235000","video11","Spectacular Sports Moments",235000
"video11_236000","video11","Spectacular Sports Moments",236000
"video11_237000","video11","Spectacular Sports Moments",237000
"video11_238000","video11","Spectacular Sports Moments",238000
"video11_239000","video11","Spectacular Sports Moments",239000
"video11_240000","video11","Spectacular Sports Moments",240000
"video11_241000","video11","Spectacular Sports Moments",241000
"video11_242000","video11","Spectacular Sports Moments",242000
"video11_243000","video11","Spectacular Sports Moments",243000
"video11_244000","video11","Spectacular Sports Moments",244000
"video11_245000","video11","Spectacular Sports Moments",245000
"video11_246000","video11","Spectacular Sports Moments",246000
"video11_247000","video11","Spectacular Sports Moments",247000
"video11_248000","video11","Spectacular Sports Moments",248000
"video11_249000","video11","Spectacular Sports Moments",249000
"video11_250000","video11","Spectacular Sports Moments",250000
"video11_251000","video11","Spectacular Sports Moments",251000
"video11_252000","video11","Spectacular Sports Moments",252000
"video11_253000","video11","Spectacular Sports Moments",253000
"video11_254000","video11","Spectacular Sports Moments",254000
"video11_255000","video11","Spectacular Sports Moments",255000
"video11_256000","video11","Spectacular Sports Moments",256000
"video11_257000","video11","Spectacular Sports Moments",257000
"video11_258000","video11","Spectacular Sports Moments",258000
"video11_259000","video11","Spectacular Sports Moments",259000
"video11_260000","video11","Spectacular Sports Moments",260000
"video11_261000","video11","Spectacular Sports Moments",261000
"video11_262000","video11","Spectacular Sports Moments",262000
"video11_263000","video11","Spectacular Sports Moments",263000
"video11_264000","video11","Spectacular Sports Moments",264000
"video11_265000","video11","Spectacular Sports Moments",265000
"video11_266000","video11","Spectacular Sports Moments",266000
"video11_267000","video11","Spectacular Sports Moments",267000
"video11_268000","video11","Spectacular Sports Moments",268000
"video11_269000","video11","Spectacular Sports Moments",269000
"video11_270000","video11","Spectacular Sports Moments",270000
"video11_271000","video11","Spectacular Sports Moments",271000
"video11_272000","video11","Spectacular Sports Moments",272000
"video11_273000","video11","Spectacular Sports Moments",273000
"video11_274000","video11","Spectacular Sports Moments",274000
"video11_275000","video11","Spectacular Sports Moments",275000
"video11_276000","video11","Spectacular Sports Moments",276000
"video11_277000","video11","Spectacular Sports Moments",277000
"video11_278000","video11","Spectacular Sports Moments",278000
"video11_279000","video11","Spectacular Sports Moments",279000
"video11_280000","video11","Spectacular Sports Moments",280000
"video11_281000","video11","Spectacular Sports Moments",281000
"video11_282000","video11","Spectacular Sports Moments",282000
"video11_283000","video11","Spectacular Sports Moments",283000
"video11_284000","video11","Spectacular Sports Moments",284000
"video11_285000","video11","Spectacular Sports Moments",285000
"video11_286000","video11","Spectacular Sports Moments",286000
"video11_287000","video11","Spectacular Sports Moments",287000
"video11_288000","video11","Spectacular Sports Moments",288000
"video11_289000","video11","Spectacular Sports Moments",289000
"video11_290000","video11","Spectacular Sports Moments",290000
"video11_291000","video11","Spectacular Sports Moments",291000
"video11_292000","video11","Spectacular Sports Moments",292000
"video11_293000","video11","Spectacular Sports Moments",293000
"video11_294000","video11","Spectacular Sports Moments",294000
"video11_295000","video11","Spectacular Sports Moments",295000
"video11_296000","video11","Spectacular Sports Moments",296000
"video11_297000","video11","Spectacular Sports Moments",297000
"video11_298000","video11","Spectacular Sports Moments",298000
"video11_299000","video11","Spectacular Sports Moments",299000
"video11_300000","video11","Spectacular Sports Moments",300000
"video11_301000","video11","Spectacular Sports Moments",301000
"video11_302000","video11","Spectacular Sports Moments",302000
"video11_303000","video11","Spectacular Sports Moments",303000
"video11_304000","video11","Spectacular Sports Moments",304000
"video11_305000","video11","Spectacular Sports Moments",305000
"video11_306000","video11","Spectacular Sports Moments",306000
"video11_307000","video11","Spectacular Sports Moments",307000
"video11_308000","video11","Spectacular Sports Moments",308000
"video11_309000","video11","Spectacular Sports Moments",309000
"video11_310000","video11","Spectacular Sports Moments",310000
"video11_311000","video11","Spectacular Sports Moments",311000
"video12_0","video12","Historical Love Stories",0
"video12_1000","video12","Historical Love Stories",1000
"video12_2000","video12","Historical Love Stories",2000
"video12_3000","video12","Historical Love Stories",3000
"video12_4000","video12","Historical Love Stories",4000
"video12_5000","video12","Historical Love Stories",5000
"video12_6000","video12","Historical Love Stories",6000
"video12_7000","video12","Historical Love Stories",7000
"video12_8000","video12","Historical Love Stories",8000
"video12_9000","video12","Historical Love Stories",9000
"video12_10000","video12","Historical Love Stories",10000
"video12_11000","video12","Historical Love Stories",11000
"video12_12000","video12","Historical Love Stories",12000
"video12_13000","video12","Historical Love Stories",13000
"video12_14000","video12","Historical Love Stories",14000
"video12_15000","video12","Historical Love Stories",15000
"video12_16000","video12","Historical Love Stories",16000
"video12_17000","video12","Historical Love Stories",17000
"video12_18000","video12","Historical Love Stories",18000
"video12_19000","video12","Historical Love Stories",19000
"video12_20000","video12","Historical Love Stories",20000
"video12_21000","video12","Historical Love Stories",21000
"video12_22000","video12","Historical Love Stories",22000
"video12_23000","video12","Historical Love Stories",23000
"video12_24000","video12","Historical Love Stories",24000
"video12_25000","video12","Historical Love Stories",25000
"video12_26000","video12","Historical Love Stories",26000
"video12_27000","video12","Historical Love Stories",27000
"video12_28000","video12","Historical Love Stories",28000
"video12_29000","video12","Historical Love Stories",29000
"video12_30000","video12","Historical Love Stories",30000
"video12_31000","video12","Historical Love Stories",31000
"video12_32000","video12","Historical Love Stories",32000
"video12_33000","video12","Historical Love Stories",33000
"video12_34000","video12","Historical Love Stories",34000
"video12_35000","video12","Historical Love Stories",35000
"video12_36000","video12","Historical Love Stories",36000
"video12_37000","video12","Historical Love Stories",37000
"video12_38000","video12","Historical Love Stories",38000
"video12_39000","video12","Historical Love Stories",39000
"video12_40000","video12","Historical Love Stories",40000
"video12_41000","video12","Historical Love Stories",41000
"video12_42000","video12","Historical Love Stories",42000
"video12_43000","video12","Historical Love Stories",43000
"video12_44000","video12","Historical Love Stories",44000
"video12_45000","video12","Historical Love Stories",45000
"video12_46000","video12","Historical Love Stories",46000
"video12_47000","video12","Historical Love Stories",47000
"video12_48000","video12","Historical Love Stories",48000
"video12_49000","video12","Historical Love Stories",49000
"video12_50000","video12","Historical Love Stories",50000
"video12_51000","video12","Historical Love Stories",51000
"video12_52000","video12","Historical Love Stories",52000
"video12_53000","video12","Historical Love Stories",53000
"video12_54000","video12","Historical Love Stories",54000
"video12_55000","video12","Historical Love Stories",55000
"video12_56000","video12","Historical Love Stories",56000
"video12_57000","video12","Historical Love Stories",57000
"video12_58000","video12","Historical Love Stories",58000
"video12_59000","video12","Historical Love Stories",59000
"video12_60000","video12","Historical Love Stories",60000
"video12_61000","video12","Historical Love Stories",61000
"video12_62000","video12","Historical Love Stories",62000
"video12_63000","video12","Historical Love Stories",63000
"video12_64000","video12","Historical Love Stories",64000
"video12_65000","video12","Historical Love Stories",65000
"video12_66000","video12","Historical Love Stories",66000
"video12_67000","video12","Historical Love Stories",67000
"video12_68000","video12","Historical Love Stories",68000
"video12_69000","video12","Historical Love Stories",69000
"video12_70000","video12","Historical Love Stories",70000
"video12_71000","video12","Historical Love Stories",71000
"video12_72000","video12","Historical Love Stories",72000
"video12_73000","video12","Historical Love Stories",73000
"video12_74000","video12","Historical Love Stories",74000
"video12_75000","video12","Historical Love Stories",75000
"video12_76000","video12","Historical Love Stories",76000
"video12_77000","video12","Historical Love Stories",77000
"video12_78000","video12","Historical Love Stories",78000
"video12_79000","video12","Historical Love Stories",79000
"video12_80000","video12","Historical Love Stories",80000
"video12_81000","video12","Historical Love Stories",81000
"video12_82000","video12","Historical Love Stories",82000
"video12_83000","video12","Historical Love Stories",83000
"video12_84000","video12","Historical Love Stories",84000
"video12_85000","video12","Historical Love Stories",85000
"video12_86000","video12","Historical Love Stories",86000
"video12_87000","video12","Historical Love Stories",87000
"video12_88000","video12","Historical Love Stories",88000
"video12_89000","video12","Historical Love Stories",89000
"video12_90000","video12","Historical Love Stories",90000
"video12_91000","video12","Historical Love Stories",91000
"video12_92000","video12","Historical Love Stories",92000
"video12_93000","video12","Historical Love Stories",93000
"video12_94000","video12","Historical Love Stories",94000
"video12_95000","video12","Historical Love Stories",95000
"video12_96000","video12","Historical Love Stories",96000
"video12_97000","video12","Historical Love Stories",97000
"video12_98000","video12","Historical Love Stories",98000
"video12_99000","video12","Historical Love Stories",99000
"video12_100000","video12","Historical Love Stories",100000
"video12_101000","video12","Historical Love Stories",101000
"video12_102000","video12","Historical Love Stories",102000
"video12_103000","video12","Historical Love Stories",103000
"video12_104000","video12","Historical Love Stories",104000
"video12_105000","video12","Historical Love Stories",105000
"video12_106000","video12","Historical Love Stories",106000
"video12_107000","video12","Historical Love Stories",107000
"video12_108000","video12","Historical Love Stories",108000
"video12_109000","video12","Historical Love Stories",109000
"video12_110000","video12","Historical Love Stories",110000
"video12_111000","video12","Historical Love Stories",111000
"video12_112000","video12","Historical Love Stories",112000
"video12_113000","video12","Historical Love Stories",113000
"video12_114000","video12","Historical Love Stories",114000
"video12_115000","video12","Historical Love Stories",115000
"video13_0","video13","Crime Solvers: Unsolved Mysteries",0
"video13_1000","video13","Crime Solvers: Unsolved Mysteries",1000
"video13_2000","video13","Crime Solvers: Unsolved Mysteries",2000
"video13_3000","video13","Crime Solvers: Unsolved Mysteries",3000
"video13_4000","video13","Crime Solvers: Unsolved Mysteries",4000
"video13_5000","video13","Crime Solvers: Unsolved Mysteries",5000
"video13_6000","video13","Crime Solvers: Unsolved Mysteries",6000
"video13_7000","video13","Crime Solvers: Unsolved Mysteries",7000
"video13_8000","video13","Crime Solvers: Unsolved Mysteries",8000
"video13_9000","video13","Crime Solvers: Unsolved Mysteries",9000
"video13_10000","video13","Crime Solvers: Unsolved Mysteries",10000
"video13_11000","video13","Crime Solvers: Unsolved Mysteries",11000
"video13_12000","video13","Crime Solvers: Unsolved Mysteries",12000
"video13_13000","video13","Crime Solvers: Unsolved Mysteries",13000
"video13_14000","video13","Crime Solvers: Unsolved Mysteries",14000
"video13_15000","video13","Crime Solvers: Unsolved Mysteries",15000
"video13_16000","video13","Crime Solvers: Unsolved Mysteries",16000
"video13_17000","video13","Crime Solvers: Unsolved Mysteries",17000
"video13_18000","video13","Crime Solvers: Unsolved Mysteries",18000
"video13_19000","video13","Crime Solvers: Unsolved Mysteries",19000
"video13_20000","video13","Crime Solvers: Unsolved Mysteries",20000
"video13_21000","video13","Crime Solvers: Unsolved Mysteries",21000
"video13_22000","video13","Crime Solvers: Unsolved Mysteries",22000
"video13_23000","video13","Crime Solvers: Unsolved Mysteries",23000
"video13_24000","video13","Crime Solvers: Unsolved Mysteries",24000
"video13_25000","video13","Crime Solvers: Unsolved Mysteries",25000
"video13_26000","video13","Crime Solvers: Unsolved Mysteries",26000
"video13_27000","video13","Crime Solvers: Unsolved Mysteries",27000
"video13_28000","video13","Crime Solvers: Unsolved Mysteries",28000
"video13_29000","video13","Crime Solvers: Unsolved Mysteries",29000
"video13_30000","video13","Crime Solvers: Unsolved Mysteries",30000
"video13_31000","video13","Crime Solvers: Unsolved Mysteries",31000
"video13_32000","video13","Crime Solvers: Unsolved Mysteries",32000
"video13_33000","video13","Crime Solvers: Unsolved Mysteries",33000
"video13_34000","video13","Crime Solvers: Unsolved Mysteries",34000
"video13_35000","video13","Crime Solvers: Unsolved Mysteries",35000
"video13_36000","video13","Crime Solvers: Unsolved Mysteries",36000
"video13_37000","video13","Crime Solvers: Unsolved Mysteries",37000
"video13_38000","video13","Crime Solvers: Unsolved Mysteries",38000
"video13_39000","video13","Crime Solvers: Unsolved Mysteries",39000
"video13_40000","video13","Crime Solvers: Unsolved Mysteries",40000
"video13_41000","video13","Crime Solvers: Unsolved Mysteries",41000
"video13_42000","video13","Crime Solvers: Unsolved Mysteries",42000
"video13_43000","video13","Crime Solvers: Unsolved Mysteries",43000
"video13_44000","video13","Crime Solvers: Unsolved Mysteries",44000
"video13_45000","video13","Crime Solvers: Unsolved Mysteries",45000
"video13_46000","video13","Crime Solvers: Unsolved Mysteries",46000
"video13_47000","video13","Crime Solvers: Unsolved Mysteries",47000
"video13_48000","video13","Crime Solvers: Unsolved Mysteries",48000
"video13_49000","video13","Crime Solvers: Unsolved Mysteries",49000
"video13_50000","video13","Crime Solvers: Unsolved Mysteries",50000
"video13_51000","video13","Crime Solvers: Unsolved Mysteries",51000
"video13_52000","video13","Crime Solvers: Unsolved Mysteries",52000
"video13_53000","video13","Crime Solvers: Unsolved Mysteries",53000
"video13_54000","video13","Crime Solvers: Unsolved Mysteries",54000
"video13_55000","video13","Crime Solvers: Unsolved Mysteries",55000
"video13_56000","video13","Crime Solvers: Unsolved Mysteries",56000
"video13_57000","video13","Crime Solvers: Unsolved Mysteries",57000
"video13_58000","video13","Crime Solvers: Unsolved Mysteries",58000
"video13_59000","video13","Crime Solvers: Unsolved Mysteries",59000
"video13_60000","video13","Crime Solvers: Unsolved Mysteries",60000
"video13_61000","video13","Crime Solvers: Unsolved Mysteries",61000
"video13_62000","video13","Crime Solvers: Unsolved Mysteries",62000
"video13_63000","video13","Crime Solvers: Unsolved Mysteries",63000
"video13_64000","video13","Crime Solvers: Unsolved Mysteries",64000
"video13_65000","video13","Crime Solvers: Unsolved Mysteries",65000
"video13_66000","video13","Crime Solvers: Unsolved Mysteries",66000
"video13_67000","video13","Crime Solvers: Unsolved Mysteries",67000
"video13_68000","video13","Crime Solvers: Unsolved Mysteries",68000
"video13_69000","video13","Crime Solvers: Unsolved Mysteries",69000
"video13_70000","video13","Crime Solvers: Unsolved Mysteries",70000
"video13_71000","video13","Crime Solvers: Unsolved Mysteries",71000
"video13_72000","video13","Crime Solvers: Unsolved Mysteries",72000
"video13_73000","video13","Crime Solvers: Unsolved Mysteries",73000
"video13_74000","video13","Crime Solvers: Unsolved Mysteries",74000
"video13_75000","video13","Crime Solvers: Unsolved Mysteries",75000
"video13_76000","video13","Crime Solvers: Unsolved Mysteries",76000
"video13_77000","video13","Crime Solvers: Unsolved Mysteries",77000
"video13_78000","video13","Crime Solvers: Unsolved Mysteries",78000
"video13_79000","video13","Crime Solvers: Unsolved Mysteries",79000
"video13_80000","video13","Crime Solvers: Unsolved Mysteries",80000
"video13_81000","video13","Crime Solvers: Unsolved Mysteries",81000
"video13_82000","video13","Crime Solvers: Unsolved Mysteries",82000
"video13_83000","video13","Crime Solvers: Unsolved Mysteries",83000
"video13_84000","video13","Crime Solvers: Unsolved Mysteries",84000
"video13_85000","video13","Crime Solvers: Unsolved Mysteries",85000
"video13_86000","video13","Crime Solvers: Unsolved Mysteries",86000
"video13_87000","video13","Crime Solvers: Unsolved Mysteries",87000
"video13_88000","video13","Crime Solvers: Unsolved Mysteries",88000
"video13_89000","video13","Crime Solvers: Unsolved Mysteries",89000
"video13_90000","video13","Crime Solvers: Unsolved Mysteries",90000
"video13_91000","video13","Crime Solvers: Unsolved Mysteries",91000
"video13_92000","video13","Crime Solvers: Unsolved Mysteries",92000
"video13_93000","video13","Crime Solvers: Unsolved Mysteries",93000
"video13_94000","video13","Crime Solvers: Unsolved Mysteries",94000
"video13_95000","video13","Crime Solvers: Unsolved Mysteries",95000
"video13_96000","video13","Crime Solvers: Unsolved Mysteries",96000
"video13_97000","video13","Crime Solvers: Unsolved Mysteries",97000
"video13_98000","video13","Crime Solvers: Unsolved Mysteries",98000
"video13_99000","video13","Crime Solvers: Unsolved Mysteries",99000
"video13_100000","video13","Crime Solvers: Unsolved Mysteries",100000
"video13_101000","video13","Crime Solvers: Unsolved Mysteries",101000
"video13_102000","video13","Crime Solvers: Unsolved Mysteries",102000
"video13_103000","video13","Crime Solvers: Unsolved Mysteries",103000
"video13_104000","video13","Crime Solvers: Unsolved Mysteries",104000
"video13_105000","video13","Crime Solvers: Unsolved Mysteries",105000
"video13_106000","video13","Crime Solvers: Unsolved Mysteries",106000
"video13_107000","video13","Crime Solvers: Unsolved Mysteries",107000
"video13_108000","video13","Crime Solvers: Unsolved Mysteries",108000
"video13_109000","video13","Crime Solvers: Unsolved Mysteries",109000
"video13_110000","video13","Crime Solvers: Unsolved Mysteries",110000
"video13_111000","video13","Crime Solvers: Unsolved Mysteries",111000
"video13_112000","video13","Crime Solvers: Unsolved Mysteries",112000
"video13_113000","video13","Crime Solvers: Unsolved Mysteries",113000
"video13_114000","video13","Crime Solvers: Unsolved Mysteries",114000
"video13_115000","video13","Crime Solvers: Unsolved Mysteries",115000
"video13_116000","video13","Crime Solvers: Unsolved Mysteries",116000
"video13_117000","video13","Crime Solvers: Unsolved Mysteries",117000
"video13_118000","video13","Crime Solvers: Unsolved Mysteries",118000
"video13_119000","video13","Crime Solvers: Unsolved Mysteries",119000
"video13_120000","video13","Crime Solvers: Unsolved Mysteries",120000
"video13_121000","video13","Crime Solvers: Unsolved Mysteries",121000
"video13_122000","video13","Crime Solvers: Unsolved Mysteries",122000
"video13_123000","video13","Crime Solvers: Unsolved Mysteries",123000
"video13_124000","video13","Crime Solvers: Unsolved Mysteries",124000
"video13_125000","video13","Crime Solvers: Unsolved Mysteries",125000
"video13_126000","video13","Crime Solvers: Unsolved Mysteries",126000
"video13_127000","video13","Crime Solvers: Unsolved Mysteries",127000
"video13_128000","video13","Crime Solvers: Unsolved Mysteries",128000
"video13_129000","video13","Crime Solvers: Unsolved Mysteries",129000
"video13_130000","video13","Crime Solvers: Unsolved Mysteries",130000
"video13_131000","video13","Crime Solvers: Unsolved Mysteries",131000
"video13_132000","video13","Crime Solvers: Unsolved Mysteries",132000
"video13_133000","video13","Crime Solvers: Unsolved Mysteries",133000
"video13_134000","video13","Crime Solvers: Unsolved Mysteries",134000
"video13_135000","video13","Crime Solvers: Unsolved Mysteries",135000
"video13_136000","video13","Crime Solvers: Unsolved Mysteries",136000
"video13_137000","video13","Crime Solvers: Unsolved Mysteries",137000
"video13_138000","video13","Crime Solvers: Unsolved Mysteries",138000
"video13_139000","video13","Crime Solvers: Unsolved Mysteries",139000
"video13_140000","video13","Crime Solvers: Unsolved Mysteries",140000
"video13_141000","video13","Crime Solvers: Unsolved Mysteries",141000
"video13_142000","video13","Crime Solvers: Unsolved Mysteries",142000
"video13_143000","video13","Crime Solvers: Unsolved Mysteries",143000
"video13_144000","video13","Crime Solvers: Unsolved Mysteries",144000
"video13_145000","video13","Crime Solvers: Unsolved Mysteries",145000
"video13_146000","video13","Crime Solvers: Unsolved Mysteries",146000
"video13_147000","video13","Crime Solvers: Unsolved Mysteries",147000
"video13_148000","video13","Crime Solvers: Unsolved Mysteries",148000
"video13_149000","video13","Crime Solvers: Unsolved Mysteries",149000
"video13_150000","video13","Crime Solvers: Unsolved Mysteries",150000
"video13_151000","video13","Crime Solvers: Unsolved Mysteries",151000
"video13_152000","video13","Crime Solvers: Unsolved Mysteries",152000
"video13_153000","video13","Crime Solvers: Unsolved Mysteries",153000
"video13_154000","video13","Crime Solvers: Unsolved Mysteries",154000
"video13_155000","video13","Crime Solvers: Unsolved Mysteries",155000
"video13_156000","video13","Crime Solvers: Unsolved Mysteries",156000
"video13_157000","video13","Crime Solvers: Unsolved Mysteries",157000
"video13_158000","video13","Crime Solvers: Unsolved Mysteries",158000
"video13_159000","video13","Crime Solvers: Unsolved Mysteries",159000
"video13_160000","video13","Crime Solvers: Unsolved Mysteries",160000
"video13_161000","video13","Crime Solvers: Unsolved Mysteries",161000
"video13_162000","video13","Crime Solvers: Unsolved Mysteries",162000
"video13_163000","video13","Crime Solvers: Unsolved Mysteries",163000
"video13_164000","video13","Crime Solvers: Unsolved Mysteries",164000
"video13_165000","video13","Crime Solvers: Unsolved Mysteries",165000
"video13_166000","video13","Crime Solvers: Unsolved Mysteries",166000
"video13_167000","video13","Crime Solvers: Unsolved Mysteries",167000
"video13_168000","video13","Crime Solvers: Unsolved Mysteries",168000
"video13_169000","video13","Crime Solvers: Unsolved Mysteries",169000
"video13_170000","video13","Crime Solvers: Unsolved Mysteries",170000
"video13_171000","video13","Crime Solvers: Unsolved Mysteries",171000
"video13_172000","video13","Crime Solvers: Unsolved Mysteries",172000
"video13_173000","video13","Crime Solvers: Unsolved Mysteries",173000
"video13_174000","video13","Crime Solvers: Unsolved Mysteries",174000
"video13_175000","video13","Crime Solvers: Unsolved Mysteries",175000
"video13_176000","video13","Crime Solvers: Unsolved Mysteries",176000
"video13_177000","video13","Crime Solvers: Unsolved Mysteries",177000
"video13_178000","video13","Crime Solvers: Unsolved Mysteries",178000
"video13_179000","video13","Crime Solvers: Unsolved Mysteries",179000
"video13_180000","video13","Crime Solvers: Unsolved Mysteries",180000
"video13_181000","video13","Crime Solvers: Unsolved Mysteries",181000
"video13_182000","video13","Crime Solvers: Unsolved Mysteries",182000
"video13_183000","video13","Crime Solvers: Unsolved Mysteries",183000
"video13_184000","video13","Crime Solvers: Unsolved Mysteries",184000
"video13_185000","video13","Crime Solvers: Unsolved Mysteries",185000
"video13_186000","video13","Crime Solvers: Unsolved Mysteries",186000
"video13_187000","video13","Crime Solvers: Unsolved Mysteries",187000
"video13_188000","video13","Crime Solvers: Unsolved Mysteries",188000
"video13_189000","video13","Crime Solvers: Unsolved Mysteries",189000
"video13_190000","video13","Crime Solvers: Unsolved Mysteries",190000
"video13_191000","video13","Crime Solvers: Unsolved Mysteries",191000
"video13_192000","video13","Crime Solvers: Unsolved Mysteries",192000
"video13_193000","video13","Crime Solvers: Unsolved Mysteries",193000
"video13_194000","video13","Crime Solvers: Unsolved Mysteries",194000
"video13_195000","video13","Crime Solvers: Unsolved Mysteries",195000
"video13_196000","video13","Crime Solvers: Unsolved Mysteries",196000
"video13_197000","video13","Crime Solvers: Unsolved Mysteries",197000
"video13_198000","video13","Crime Solvers: Unsolved Mysteries",198000
"video13_199000","video13","Crime Solvers: Unsolved Mysteries",199000
"video13_200000","video13","Crime Solvers: Unsolved Mysteries",200000
"video13_201000","video13","Crime Solvers: Unsolved Mysteries",201000
"video13_202000","video13","Crime Solvers: Unsolved Mysteries",202000
"video13_203000","video13","Crime Solvers: Unsolved Mysteries",203000
"video13_204000","video13","Crime Solvers: Unsolved Mysteries",204000
"video13_205000","video13","Crime Solvers: Unsolved Mysteries",205000
"video13_206000","video13","Crime Solvers: Unsolved Mysteries",206000
"video13_207000","video13","Crime Solvers: Unsolved Mysteries",207000
"video13_208000","video13","Crime Solvers: Unsolved Mysteries",208000
"video13_209000","video13","Crime Solvers: Unsolved Mysteries",209000
"video13_210000","video13","Crime Solvers: Unsolved Mysteries",210000
"video13_211000","video13","Crime Solvers: Unsolved Mysteries",211000
"video13_212000","video13","Crime Solvers: Unsolved Mysteries",212000
"video13_213000","video13","Crime Solvers: Unsolved Mysteries",213000
"video13_214000","video13","Crime Solvers: Unsolved Mysteries",214000
"video13_215000","video13","Crime Solvers: Unsolved Mysteries",215000
"video13_216000","video13","Crime Solvers: Unsolved Mysteries",216000
"video13_217000","video13","Crime Solvers: Unsolved Mysteries",217000
"video13_218000","video13","Crime Solvers: Unsolved Mysteries",218000
"video13_219000","video13","Crime Solvers: Unsolved Mysteries",219000
"video13_220000","video13","Crime Solvers: Unsolved Mysteries",220000
"video13_221000","video13","Crime Solvers: Unsolved Mysteries",221000
"video13_222000","video13","Crime Solvers: Unsolved Mysteries",222000
"video13_223000","video13","Crime Solvers: Unsolved Mysteries",223000
"video13_224000","video13","Crime Solvers: Unsolved Mysteries",224000
"video13_225000","video13","Crime Solvers: Unsolved Mysteries",225000
"video13_226000","video13","Crime Solvers: Unsolved Mysteries",226000
"video13_227000","video13","Crime Solvers: Unsolved Mysteries",227000
"video13_228000","video13","Crime Solvers: Unsolved Mysteries",228000
"video13_229000","video13","Crime Solvers: Unsolved Mysteries",229000
"video13_230000","video13","Crime Solvers: Unsolved Mysteries",230000
"video13_231000","video13","Crime Solvers: Unsolved Mysteries",231000
"video13_232000","video13","Crime Solvers: Unsolved Mysteries",232000
"video13_233000","video13","Crime Solvers: Unsolved Mysteries",233000
"video13_234000","video13","Crime Solvers: Unsolved Mysteries",234000
"video13_235000","video13","Crime Solvers: Unsolved Mysteries",235000
"video13_236000","video13","Crime Solvers: Unsolved Mysteries",236000
"video13_237000","video13","Crime Solvers: Unsolved Mysteries",237000
"video13_238000","video13","Crime Solvers: Unsolved Mysteries",238000
"video13_239000","video13","Crime Solvers: Unsolved Mysteries",239000
"video13_240000","video13","Crime Solvers: Unsolved Mysteries",240000
"video13_241000","video13","Crime Solvers: Unsolved Mysteries",241000
"video13_242000","video13","Crime Solvers: Unsolved Mysteries",242000
"video13_243000","video13","Crime Solvers: Unsolved Mysteries",243000
"video13_244000","video13","Crime Solvers: Unsolved Mysteries",244000
"video13_245000","video13","Crime Solvers: Unsolved Mysteries",245000
"video13_246000","video13","Crime Solvers: Unsolved Mysteries",246000
"video13_247000","video13","Crime Solvers: Unsolved Mysteries",247000
"video13_248000","video13","Crime Solvers: Unsolved Mysteries",248000
"video13_249000","video13","Crime Solvers: Unsolved Mysteries",249000
"video13_250000","video13","Crime Solvers: Unsolved Mysteries",250000
"video13_251000","video13","Crime Solvers: Unsolved Mysteries",251000
"video13_252000","video13","Crime Solvers: Unsolved Mysteries",252000
"video13_253000","video13","Crime Solvers: Unsolved Mysteries",253000
"video13_254000","video13","Crime Solvers: Unsolved Mysteries",254000
"video13_255000","video13","Crime Solvers: Unsolved Mysteries",255000
"video13_256000","video13","Crime Solvers: Unsolved Mysteries",256000
"video13_257000","video13","Crime Solvers: Unsolved Mysteries",257000
"video13_258000","video13","Crime Solvers: Unsolved Mysteries",258000
"video13_259000","video13","Crime Solvers: Unsolved Mysteries",259000
"video13_260000","video13","Crime Solvers: Unsolved Mysteries",260000
"video13_261000","video13","Crime Solvers: Unsolved Mysteries",261000
"video13_262000","video13","Crime Solvers: Unsolved Mysteries",262000
"video13_263000","video13","Crime Solvers: Unsolved Mysteries",263000
"video13_264000","video13","Crime Solvers: Unsolved Mysteries",264000
"video13_265000","video13","Crime Solvers: Unsolved Mysteries",265000
"video13_266000","video13","Crime Solvers: Unsolved Mysteries",266000
"video13_267000","video13","Crime Solvers: Unsolved Mysteries",267000
"video13_268000","video13","Crime Solvers: Unsolved Mysteries",268000
"video13_269000","video13","Crime Solvers: Unsolved Mysteries",269000
"video13_270000","video13","Crime Solvers: Unsolved Mysteries",270000
"video13_271000","video13","Crime Solvers: Unsolved Mysteries",271000
"video13_272000","video13","Crime Solvers: Unsolved Mysteries",272000
"video13_273000","video13","Crime Solvers: Unsolved Mysteries",273000
"video13_274000","video13","Crime Solvers: Unsolved Mysteries",274000
"video13_275000","video13","Crime Solvers: Unsolved Mysteries",275000
"video13_276000","video13","Crime Solvers: Unsolved Mysteries",276000
"video13_277000","video13","Crime Solvers: Unsolved Mysteries",277000
"video13_278000","video13","Crime Solvers: Unsolved Mysteries",278000
"video13_279000","video13","Crime Solvers: Unsolved Mysteries",279000
"video13_280000","video13","Crime Solvers: Unsolved Mysteries",280000
"video13_281000","video13","Crime Solvers: Unsolved Mysteries",281000
"video13_282000","video13","Crime Solvers: Unsolved Mysteries",282000
"video13_283000","video13","Crime Solvers: Unsolved Mysteries",283000
"video13_284000","video13","Crime Solvers: Unsolved Mysteries",284000
"video13_285000","video13","Crime Solvers: Unsolved Mysteries",285000
"video13_286000","video13","Crime Solvers: Unsolved Mysteries",286000
"video13_287000","video13","Crime Solvers: Unsolved Mysteries",287000
"video13_288000","video13","Crime Solvers: Unsolved Mysteries",288000
"video13_289000","video13","Crime Solvers: Unsolved Mysteries",289000
"video13_290000","video13","Crime Solvers: Unsolved Mysteries",290000
"video13_291000","video13","Crime Solvers: Unsolved Mysteries",291000
"video13_292000","video13","Crime Solvers: Unsolved Mysteries",292000
"video13_293000","video13","Crime Solvers: Unsolved Mysteries",293000
"video13_294000","video13","Crime Solvers: Unsolved Mysteries",294000
"video13_295000","video13","Crime Solvers: Unsolved Mysteries",295000
"video13_296000","video13","Crime Solvers: Unsolved Mysteries",296000
"video13_297000","video13","Crime Solvers: Unsolved Mysteries",297000
"video13_298000","video13","Crime Solvers: Unsolved Mysteries",298000
"video13_299000","video13","Crime Solvers: Unsolved Mysteries",299000
"video13_300000","video13","Crime Solvers: Unsolved Mysteries",300000
"video13_301000","video13","Crime Solvers: Unsolved Mysteries",301000
"video13_302000","video13","Crime Solvers: Unsolved Mysteries",302000
"video13_303000","video13","Crime Solvers: Unsolved Mysteries",303000
"video13_304000","video13","Crime Solvers: Unsolved Mysteries",304000
"video13_305000","video13","Crime Solvers: Unsolved Mysteries",305000
"video13_306000","video13","Crime Solvers: Unsolved Mysteries",306000
"video13_307000","video13","Crime Solvers: Unsolved Mysteries",307000
"video13_308000","video13","Crime Solvers: Unsolved Mysteries",308000
"video13_309000","video13","Crime Solvers: Unsolved Mysteries",309000
"video13_310000","video13","Crime Solvers: Unsolved Mysteries",310000
"video13_311000","video13","Crime Solvers: Unsolved Mysteries",311000
"video13_312000","video13","Crime Solvers: Unsolved Mysteries",312000
"video13_313000","video13","Crime Solvers: Unsolved Mysteries",313000
"video13_314000","video13","Crime Solvers: Unsolved Mysteries",314000
"video13_315000","video13","Crime Solvers: Unsolved Mysteries",315000
"video13_316000","video13","Crime Solvers: Unsolved Mysteries",316000
"video13_317000","video13","Crime Solvers: Unsolved Mysteries",317000
"video13_318000","video13","Crime Solvers: Unsolved Mysteries",318000
"video13_319000","video13","Crime Solvers: Unsolved Mysteries",319000
"video13_320000","video13","Crime Solvers: Unsolved Mysteries",320000
"video13_321000","video13","Crime Solvers: Unsolved Mysteries",321000
"video13_322000","video13","Crime Solvers: Unsolved Mysteries",322000
"video13_323000","video13","Crime Solvers: Unsolved Mysteries",323000
"video13_324000","video13","Crime Solvers: Unsolved Mysteries",324000
"video13_325000","video13","Crime Solvers: Unsolved Mysteries",325000
"video13_326000","video13","Crime Solvers: Unsolved Mysteries",326000
"video13_327000","video13","Crime Solvers: Unsolved Mysteries",327000
"video13_328000","video13","Crime Solvers: Unsolved Mysteries",328000
"video13_329000","video13","Crime Solvers: Unsolved Mysteries",329000
"video13_330000","video13","Crime Solvers: Unsolved Mysteries",330000
"video13_331000","video13","Crime Solvers: Unsolved Mysteries",331000
"video13_332000","video13","Crime Solvers: Unsolved Mysteries",332000
"video13_333000","video13","Crime Solvers: Unsolved Mysteries",333000
"video13_334000","video13","Crime Solvers: Unsolved Mysteries",334000
"video13_335000","video13","Crime Solvers: Unsolved Mysteries",335000
"video13_336000","video13","Crime Solvers: Unsolved Mysteries",336000
"video13_337000","video13","Crime Solvers: Unsolved Mysteries",337000
"video13_338000","video13","Crime Solvers: Unsolved Mysteries",338000
"video13_339000","video13","Crime Solvers: Unsolved Mysteries",339000
"video13_340000","video13","Crime Solvers: Unsolved Mysteries",340000
"video13_341000","video13","Crime Solvers: Unsolved Mysteries",341000
"video13_342000","video13","Crime Solvers: Unsolved Mysteries",342000
"video13_343000","video13","Crime Solvers: Unsolved Mysteries",343000
"video13_344000","video13","Crime Solvers: Unsolved Mysteries",344000
"video13_345000","video13","Crime Solvers: Unsolved Mysteries",345000
"video13_346000","video13","Crime Solvers: Unsolved Mysteries",346000
"video13_347000","video13","Crime Solvers: Unsolved Mysteries",347000
"video13_348000","video13","Crime Solvers: Unsolved Mysteries",348000
"video13_349000","video13","Crime Solvers: Unsolved Mysteries",349000
"video13_350000","video13","Crime Solvers: Unsolved Mysteries",350000
"video13_351000","video13","Crime Solvers: Unsolved Mysteries",351000
"video13_352000","video13","Crime Solvers: Unsolved Mysteries",352000
"video13_353000","video13","Crime Solvers: Unsolved Mysteries",353000
"video13_354000","video13","Crime Solvers: Unsolved Mysteries",354000
"video13_355000","video13","Crime Solvers: Unsolved Mysteries",355000
"video13_356000","video13","Crime Solvers: Unsolved Mysteries",356000
"video13_357000","video13","Crime Solvers: Unsolved Mysteries",357000
"video13_358000","video13","Crime Solvers: Unsolved Mysteries",358000
"video13_359000","video13","Crime Solvers: Unsolved Mysteries",359000
"video13_360000","video13","Crime Solvers: Unsolved Mysteries",360000
"video13_361000","video13","Crime Solvers: Unsolved Mysteries",361000
"video13_362000","video13","Crime Solvers: Unsolved Mysteries",362000
"video13_363000","video13","Crime Solvers: Unsolved Mysteries",363000
"video13_364000","video13","Crime Solvers: Unsolved Mysteries",364000
"video13_365000","video13","Crime Solvers: Unsolved Mysteries",365000
"video13_366000","video13","Crime Solvers: Unsolved Mysteries",366000
"video13_367000","video13","Crime Solvers: Unsolved Mysteries",367000
"video13_368000","video13","Crime Solvers: Unsolved Mysteries",368000
"video13_369000","video13","Crime Solvers: Unsolved Mysteries",369000
"video13_370000","video13","Crime Solvers: Unsolved Mysteries",370000
"video13_371000","video13","Crime Solvers: Unsolved Mysteries",371000
"video13_372000","video13","Crime Solvers: Unsolved Mysteries",372000
"video13_373000","video13","Crime Solvers: Unsolved Mysteries",373000
"video13_374000","video13","Crime Solvers: Unsolved Mysteries",374000
"video13_375000","video13","Crime Solvers: Unsolved Mysteries",375000
"video13_376000","video13","Crime Solvers: Unsolved Mysteries",376000
"video13_377000","video13","Crime Solvers: Unsolved Mysteries",377000
"video13_378000","video13","Crime Solvers: Unsolved Mysteries",378000
"video13_379000","video13","Crime Solvers: Unsolved Mysteries",379000
"video13_380000","video13","Crime Solvers: Unsolved Mysteries",380000
"video13_381000","video13","Crime Solvers: Unsolved Mysteries",381000
"video13_382000","video13","Crime Solvers: Unsolved Mysteries",382000
"video13_383000","video13","Crime Solvers: Unsolved Mysteries",383000
"video13_384000","video13","Crime Solvers: Unsolved Mysteries",384000
"video13_385000","video13","Crime Solvers: Unsolved Mysteries",385000
"video13_386000","video13","Crime Solvers: Unsolved Mysteries",386000
"video13_387000","video13","Crime Solvers: Unsolved Mysteries",387000
"video13_388000","video13","Crime Solvers: Unsolved Mysteries",388000
"video13_389000","video13","Crime Solvers: Unsolved Mysteries",389000
"video13_390000","video13","Crime Solvers: Unsolved Mysteries",390000
"video13_391000","video13","Crime Solvers: Unsolved Mysteries",391000
"video13_392000","video13","Crime Solvers: Unsolved Mysteries",392000
"video13_393000","video13","Crime Solvers: Unsolved Mysteries",393000
"video13_394000","video13","Crime Solvers: Unsolved Mysteries",394000
"video13_395000","video13","Crime Solvers: Unsolved Mysteries",395000
"video13_396000","video13","Crime Solvers: Unsolved Mysteries",396000
"video13_397000","video13","Crime Solvers: Unsolved Mysteries",397000
"video13_398000","video13","Crime Solvers: Unsolved Mysteries",398000
"video13_399000","video13","Crime Solvers: Unsolved Mysteries",399000
"video13_400000","video13","Crime Solvers: Unsolved Mysteries",400000
"video13_401000","video13","Crime Solvers: Unsolved Mysteries",401000
"video13_402000","video13","Crime Solvers: Unsolved Mysteries",402000
"video13_403000","video13","Crime Solvers: Unsolved Mysteries",403000
"video13_404000","video13","Crime Solvers: Unsolved Mysteries",404000
"video13_405000","video13","Crime Solvers: Unsolved Mysteries",405000
"video13_406000","video13","Crime Solvers: Unsolved Mysteries",406000
"video13_407000","video13","Crime Solvers: Unsolved Mysteries",407000
"video13_408000","video13","Crime Solvers: Unsolved Mysteries",408000
"video13_409000","video13","Crime Solvers: Unsolved Mysteries",409000
"video13_410000","video13","Crime Solvers: Unsolved Mysteries",410000
"video13_411000","video13","Crime Solvers: Unsolved Mysteries",411000
"video13_412000","video13","Crime Solvers: Unsolved Mysteries",412000
"video13_413000","video13","Crime Solvers: Unsolved Mysteries",413000
"video13_414000","video13","Crime Solvers: Unsolved Mysteries",414000
"video13_415000","video13","Crime Solvers: Unsolved Mysteries",415000
"video13_416000","video13","Crime Solvers: Unsolved Mysteries",416000
"video13_417000","video13","Crime Solvers: Unsolved Mysteries",417000
"video13_418000","video13","Crime Solvers: Unsolved Mysteries",418000
"video13_419000","video13","Crime Solvers: Unsolved Mysteries",419000
"video13_420000","video13","Crime Solvers: Unsolved Mysteries",420000
"video13_421000","video13","Crime Solvers: Unsolved Mysteries",421000
"video13_422000","video13","Crime Solvers: Unsolved Mysteries",422000
"video13_423000","video13","Crime Solvers: Unsolved Mysteries",423000
"video13_424000","video13","Crime Solvers: Unsolved Mysteries",424000
"video13_425000","video13","Crime Solvers: Unsolved Mysteries",425000
"video13_426000","video13","Crime Solvers: Unsolved Mysteries",426000
"video13_427000","video13","Crime Solvers: Unsolved Mysteries",427000
"video13_428000","video13","Crime Solvers: Unsolved Mysteries",428000
"video13_429000","video13","Crime Solvers: Unsolved Mysteries",429000
"video13_430000","video13","Crime Solvers: Unsolved Mysteries",430000
"video14_0","video14","Architectural Wonders",0
"video14_1000","video14","Architectural Wonders",1000
"video14_2000","video14","Architectural Wonders",2000
"video14_3000","video14","Architectural Wonders",3000
"video14_4000","video14","Architectural Wonders",4000
"video14_5000","video14","Architectural Wonders",5000
"video14_6000","video14","Architectural Wonders",6000
"video14_7000","video14","Architectural Wonders",7000
"video14_8000","video14","Architectural Wonders",8000
"video14_9000","video14","Architectural Wonders",9000
"video14_10000","video14","Architectural Wonders",10000
"video14_11000","video14","Architectural Wonders",11000
"video14_12000","video14","Architectural Wonders",12000
"video14_13000","video14","Architectural Wonders",13000
"video14_14000","video14","Architectural Wonders",14000
"video14_15000","video14","Architectural Wonders",15000
"video14_16000","video14","Architectural Wonders",16000
"video14_17000","video14","Architectural Wonders",17000
"video14_18000","video14","Architectural Wonders",18000
"video14_19000","video14","Architectural Wonders",19000
"video14_20000","video14","Architectural Wonders",20000
"video14_21000","video14","Architectural Wonders",21000
"video14_22000","video14","Architectural Wonders",22000
"video14_23000","video14","Architectural Wonders",23000
"video14_24000","video14","Architectural Wonders",24000
"video14_25000","video14","Architectural Wonders",25000
"video14_26000","video14","Architectural Wonders",26000
"video14_27000","video14","Architectural Wonders",27000
"video14_28000","video14","Architectural Wonders",28000
"video14_29000","video14","Architectural Wonders",29000
"video14_30000","video14","Architectural Wonders",30000
"video14_31000","video14","Architectural Wonders",31000
"video14_32000","video14","Architectural Wonders",32000
"video14_33000","video14","Architectural Wonders",33000
"video14_34000","video14","Architectural Wonders",34000
"video14_35000","video14","Architectural Wonders",35000
"video14_36000","video14","Architectural Wonders",36000
"video14_37000","video14","Architectural Wonders",37000
"video14_38000","video14","Architectural Wonders",38000
"video14_39000","video14","Architectural Wonders",39000
"video14_40000","video14","Architectural Wonders",40000
"video14_41000","video14","Architectural Wonders",41000
"video14_42000","video14","Architectural Wonders",42000
"video14_43000","video14","Architectural Wonders",43000
"video14_44000","video14","Architectural Wonders",44000
"video14_45000","video14","Architectural Wonders",45000
"video14_46000","video14","Architectural Wonders",46000
"video14_47000","video14","Architectural Wonders",47000
"video14_48000","video14","Architectural Wonders",48000
"video14_49000","video14","Architectural Wonders",49000
"video14_50000","video14","Architectural Wonders",50000
"video14_51000","video14","Architectural Wonders",51000
"video14_52000","video14","Architectural Wonders",52000
"video14_53000","video14","Architectural Wonders",53000
"video14_54000","video14","Architectural Wonders",54000
"video14_55000","video14","Architectural Wonders",55000
"video14_56000","video14","Architectural Wonders",56000
"video14_57000","video14","Architectural Wonders",57000
"video14_58000","video14","Architectural Wonders",58000
"video14_59000","video14","Architectural Wonders",59000
"video14_60000","video14","Architectural Wonders",60000
"video14_61000","video14","Architectural Wonders",61000
"video14_62000","video14","Architectural Wonders",62000
"video14_63000","video14","Architectural Wonders",63000
"video14_64000","video14","Architectural Wonders",64000
"video14_65000","video14","Architectural Wonders",65000
"video14_66000","video14","Architectural Wonders",66000
"video14_67000","video14","Architectural Wonders",67000
"video14_68000","video14","Architectural Wonders",68000
"video14_69000","video14","Architectural Wonders",69000
"video14_70000","video14","Architectural Wonders",70000
"video14_71000","video14","Architectural Wonders",71000
"video14_72000","video14","Architectural Wonders",72000
"video14_73000","video14","Architectural Wonders",73000
"video14_74000","video14","Architectural Wonders",74000
"video14_75000","video14","Architectural Wonders",75000
"video14_76000","video14","Architectural Wonders",76000
"video14_77000","video14","Architectural Wonders",77000
"video14_78000","video14","Architectural Wonders",78000
"video14_79000","video14","Architectural Wonders",79000
"video14_80000","video14","Architectural Wonders",80000
"video14_81000","video14","Architectural Wonders",81000
"video14_82000","video14","Architectural Wonders",82000
"video14_83000","video14","Architectural Wonders",83000
"video14_84000","video14","Architectural Wonders",84000
"video14_85000","video14","Architectural Wonders",85000
"video14_86000","video14","Architectural Wonders",86000
"video14_87000","video14","Architectural Wonders",87000
"video14_88000","video14","Architectural Wonders",88000
"video14_89000","video14","Architectural Wonders",89000
"video14_90000","video14","Architectural Wonders",90000
"video14_91000","video14","Architectural Wonders",91000
"video14_92000","video14","Architectural Wonders",92000
"video14_93000","video14","Architectural Wonders",93000
"video14_94000","video14","Architectural Wonders",94000
"video14_95000","video14","Architectural Wonders",95000
"video14_96000","video14","Architectural Wonders",96000
"video14_97000","video14","Architectural Wonders",97000
"video14_98000","video14","Architectural Wonders",98000
"video14_99000","video14","Architectural Wonders",99000
"video14_100000","video14","Architectural Wonders",100000
"video14_101000","video14","Architectural Wonders",101000
"video14_102000","video14","Architectural Wonders",102000
"video14_103000","video14","Architectural Wonders",103000
"video14_104000","video14","Architectural Wonders",104000
"video14_105000","video14","Architectural Wonders",105000
"video14_106000","video14","Architectural Wonders",106000
"video14_107000","video14","Architectural Wonders",107000
"video14_108000","video14","Architectural Wonders",108000
"video14_109000","video14","Architectural Wonders",109000
"video14_110000","video14","Architectural Wonders",110000
"video14_111000","video14","Architectural Wonders",111000
"video14_112000","video14","Architectural Wonders",112000
"video14_113000","video14","Architectural Wonders",113000
"video14_114000","video14","Architectural Wonders",114000
"video14_115000","video14","Architectural Wonders",115000
"video14_116000","video14","Architectural Wonders",116000
"video14_117000","video14","Architectural Wonders",117000
"video14_118000","video14","Architectural Wonders",118000
"video14_119000","video14","Architectural Wonders",119000
"video14_120000","video14","Architectural Wonders",120000
"video14_121000","video14","Architectural Wonders",121000
"video14_122000","video14","Architectural Wonders",122000
"video14_123000","video14","Architectural Wonders",123000
"video14_124000","video14","Architectural Wonders",124000
"video14_125000","video14","Architectural Wonders",125000
"video14_126000","video14","Architectural Wonders",126000
"video14_127000","video14","Architectural Wonders",127000
"video14_128000","video14","Architectural Wonders",128000
"video14_129000","video14","Architectural Wonders",129000
"video14_130000","video14","Architectural Wonders",130000
"video14_131000","video14","Architectural Wonders",131000
"video14_132000","video14","Architectural Wonders",132000
"video14_133000","video14","Architectural Wonders",133000
"video14_134000","video14","Architectural Wonders",134000
"video14_135000","video14","Architectural Wonders",135000
"video14_136000","video14","Architectural Wonders",136000
"video14_137000","video14","Architectural Wonders",137000
"video14_138000","video14","Architectural Wonders",138000
"video14_139000","video14","Architectural Wonders",139000
"video14_140000","video14","Architectural Wonders",140000
"video14_141000","video14","Architectural Wonders",141000
"video14_142000","video14","Architectural Wonders",142000
"video14_143000","video14","Architectural Wonders",143000
"video14_144000","video14","Architectural Wonders",144000
"video14_145000","video14","Architectural Wonders",145000
"video14_146000","video14","Architectural Wonders",146000
"video14_147000","video14","Architectural Wonders",147000
"video14_148000","video14","Architectural Wonders",148000
"video14_149000","video14","Architectural Wonders",149000
"video14_150000","video14","Architectural Wonders",150000
"video14_151000","video14","Architectural Wonders",151000
"video14_152000","video14","Architectural Wonders",152000
"video14_153000","video14","Architectural Wonders",153000
"video14_154000","video14","Architectural Wonders",154000
"video14_155000","video14","Architectural Wonders",155000
"video14_156000","video14","Architectural Wonders",156000
"video14_157000","video14","Architectural Wonders",157000
"video14_158000","video14","Architectural Wonders",158000
"video14_159000","video14","Architectural Wonders",159000
"video14_160000","video14","Architectural Wonders",160000
"video14_161000","video14","Architectural Wonders",161000
"video14_162000","video14","Architectural Wonders",162000
"video14_163000","video14","Architectural Wonders",163000
"video14_164000","video14","Architectural Wonders",164000
"video14_165000","video14","Architectural Wonders",165000
"video14_166000","video14","Architectural Wonders",166000
"video14_167000","video14","Architectural Wonders",167000
"video14_168000","video14","Architectural Wonders",168000
"video14_169000","video14","Architectural Wonders",169000
"video14_170000","video14","Architectural Wonders",170000
"video14_171000","video14","Architectural Wonders",171000
"video14_172000","video14","Architectural Wonders",172000
"video14_173000","video14","Architectural Wonders",173000
"video14_174000","video14","Architectural Wonders",174000
"video14_175000","video14","Architectural Wonders",175000
"video14_176000","video14","Architectural Wonders",176000
"video14_177000","video14","Architectural Wonders",177000
"video14_178000","video14","Architectural Wonders",178000
"video14_179000","video14","Architectural Wonders",179000
"video14_180000","video14","Architectural Wonders",180000
"video14_181000","video14","Architectural Wonders",181000
"video14_182000","video14","Architectural Wonders",182000
"video14_183000","video14","Architectural Wonders",183000
"video14_184000","video14","Architectural Wonders",184000
"video14_185000","video14","Architectural Wonders",185000
"video14_186000","video14","Architectural Wonders",186000
"video14_187000","video14","Architectural Wonders",187000
"video14_188000","video14","Architectural Wonders",188000
"video14_189000","video14","Architectural Wonders",189000
"video14_190000","video14","Architectural Wonders",190000
"video14_191000","video14","Architectural Wonders",191000
"video14_192000","video14","Architectural Wonders",192000
"video14_193000","video14","Architectural Wonders",193000
"video14_194000","video14","Architectural Wonders",194000
"video14_195000","video14","Architectural Wonders",195000
"video14_196000","video14","Architectural Wonders",196000
"video14_197000","video14","Architectural Wonders",197000
"video14_198000","video14","Architectural Wonders",198000
"video14_199000","video14","Architectural Wonders",199000
"video14_200000","video14","Architectural Wonders",200000
"video14_201000","video14","Architectural Wonders",201000
"video14_202000","video14","Architectural Wonders",202000
"video14_203000","video14","Architectural Wonders",203000
"video14_204000","video14","Architectural Wonders",204000
"video14_205000","video14","Architectural Wonders",205000
"video14_206000","video14","Architectural Wonders",206000
"video14_207000","video14","Architectural Wonders",207000
"video14_208000","video14","Architectural Wonders",208000
"video14_209000","video14","Architectural Wonders",209000
"video14_210000","video14","Architectural Wonders",210000
"video14_211000","video14","Architectural Wonders",211000
"video14_212000","video14","Architectural Wonders",212000
"video14_213000","video14","Architectural Wonders",213000
"video14_214000","video14","Architectural Wonders",214000
"video14_215000","video14","Architectural Wonders",215000
"video14_216000","video14","Architectural Wonders",216000
"video14_217000","video14","Architectural Wonders",217000
"video14_218000","video14","Architectural Wonders",218000
"video14_219000","video14","Architectural Wonders",219000
"video14_220000","video14","Architectural Wonders",220000
"video14_221000","video14","Architectural Wonders",221000
"video14_222000","video14","Architectural Wonders",222000
"video14_223000","video14","Architectural Wonders",223000
"video14_224000","video14","Architectural Wonders",224000
"video14_225000","video14","Architectural Wonders",225000
"video14_226000","video14","Architectural Wonders",226000
"video14_227000","video14","Architectural Wonders",227000
"video14_228000","video14","Architectural Wonders",228000
"video14_229000","video14","Architectural Wonders",229000
"video14_230000","video14","Architectural Wonders",230000
"video14_231000","video14","Architectural Wonders",231000
"video14_232000","video14","Architectural Wonders",232000
"video14_233000","video14","Architectural Wonders",233000
"video14_234000","video14","Architectural Wonders",234000
"video14_235000","video14","Architectural Wonders",235000
"video14_236000","video14","Architectural Wonders",236000
"video14_237000","video14","Architectural Wonders",237000
"video14_238000","video14","Architectural Wonders",238000
"video14_239000","video14","Architectural Wonders",239000
"video14_240000","video14","Architectural Wonders",240000
"video14_241000","video14","Architectural Wonders",241000
"video14_242000","video14","Architectural Wonders",242000
"video14_243000","video14","Architectural Wonders",243000
"video14_244000","video14","Architectural Wonders",244000
"video14_245000","video14","Architectural Wonders",245000
"video14_246000","video14","Architectural Wonders",246000
"video14_247000","video14","Architectural Wonders",247000
"video14_248000","video14","Architectural Wonders",248000
"video14_249000","video14","Architectural Wonders",249000
"video14_250000","video14","Architectural Wonders",250000
"video14_251000","video14","Architectural Wonders",251000
"video14_252000","video14","Architectural Wonders",252000
"video14_253000","video14","Architectural Wonders",253000
"video14_254000","video14","Architectural Wonders",254000
"video14_255000","video14","Architectural Wonders",255000
"video14_256000","video14","Architectural Wonders",256000
"video14_257000","video14","Architectural Wonders",257000
"video14_258000","video14","Architectural Wonders",258000
"video14_259000","video14","Architectural Wonders",259000
"video14_260000","video14","Architectural Wonders",260000
"video14_261000","video14","Architectural Wonders",261000
"video14_262000","video14","Architectural Wonders",262000
"video14_263000","video14","Architectural Wonders",263000
"video14_264000","video14","Architectural Wonders",264000
"video14_265000","video14","Architectural Wonders",265000
"video14_266000","video14","Architectural Wonders",266000
"video14_267000","video14","Architectural Wonders",267000
"video14_268000","video14","Architectural Wonders",268000
"video14_269000","video14","Architectural Wonders",269000
"video14_270000","video14","Architectural Wonders",270000
"video14_271000","video14","Architectural Wonders",271000
"video14_272000","video14","Architectural Wonders",272000
"video14_273000","video14","Architectural Wonders",273000
"video14_274000","video14","Architectural Wonders",274000
"video14_275000","video14","Architectural Wonders",275000
"video14_276000","video14","Architectural Wonders",276000
"video14_277000","video14","Architectural Wonders",277000
"video14_278000","video14","Architectural Wonders",278000
"video14_279000","video14","Architectural Wonders",279000
"video14_280000","video14","Architectural Wonders",280000
"video14_281000","video14","Architectural Wonders",281000
"video14_282000","video14","Architectural Wonders",282000
"video14_283000","video14","Architectural Wonders",283000
"video14_284000","video14","Architectural Wonders",284000
"video14_285000","video14","Architectural Wonders",285000
"video14_286000","video14","Architectural Wonders",286000
"video14_287000","video14","Architectural Wonders",287000
"video14_288000","video14","Architectural Wonders",288000
"video14_289000","video14","Architectural Wonders",289000
"video14_290000","video14","Architectural Wonders",290000
"video14_291000","video14","Architectural Wonders",291000
"video14_292000","video14","Architectural Wonders",292000
"video14_293000","video14","Architectural Wonders",293000
"video14_294000","video14","Architectural Wonders",294000
"video14_295000","video14","Architectural Wonders",295000
"video14_296000","video14","Architectural Wonders",296000
"video14_297000","video14","Architectural Wonders",297000
"video14_298000","video14","Architectural Wonders",298000
"video14_299000","video14","Architectural Wonders",299000
"video14_300000","video14","Architectural Wonders",300000
"video14_301000","video14","Architectural Wonders",301000
"video14_302000","video14","Architectural Wonders",302000
"video14_303000","video14","Architectural Wonders",303000
"video14_304000","video14","Architectural Wonders",304000
"video14_305000","video14","Architectural Wonders",305000
"video14_306000","video14","Architectural Wonders",306000
"video14_307000","video14","Architectural Wonders",307000
"video14_308000","video14","Architectural Wonders",308000
"video14_309000","video14","Architectural Wonders",309000
"video14_310000","video14","Architectural Wonders",310000
"video14_311000","video14","Architectural Wonders",311000
"video14_312000","video14","Architectural Wonders",312000
"video14_313000","video14","Architectural Wonders",313000
"video14_314000","video14","Architectural Wonders",314000
"video14_315000","video14","Architectural Wonders",315000
"video14_316000","video14","Architectural Wonders",316000
"video14_317000","video14","Architectural Wonders",317000
"video14_318000","video14","Architectural Wonders",318000
"video14_319000","video14","Architectural Wonders",319000
"video14_320000","video14","Architectural Wonders",320000
"video14_321000","video14","Architectural Wonders",321000
"video14_322000","video14","Architectural Wonders",322000
"video14_323000","video14","Architectural Wonders",323000
"video14_324000","video14","Architectural Wonders",324000
"video14_325000","video14","Architectural Wonders",325000
"video14_326000","video14","Architectural Wonders",326000
"video14_327000","video14","Architectural Wonders",327000
"video14_328000","video14","Architectural Wonders",328000
"video14_329000","video14","Architectural Wonders",329000
"video14_330000","video14","Architectural Wonders",330000
"video14_331000","video14","Architectural Wonders",331000
"video14_332000","video14","Architectural Wonders",332000
"video14_333000","video14","Architectural Wonders",333000
"video14_334000","video14","Architectural Wonders",334000
"video14_335000","video14","Architectural Wonders",335000
"video14_336000","video14","Architectural Wonders",336000
"video14_337000","video14","Architectural Wonders",337000
"video14_338000","video14","Architectural Wonders",338000
"video14_339000","video14","Architectural Wonders",339000
"video14_340000","video14","Architectural Wonders",340000
"video14_341000","video14","Architectural Wonders",341000
"video14_342000","video14","Architectural Wonders",342000
"video14_343000","video14","Architectural Wonders",343000
"video14_344000","video14","Architectural Wonders",344000
"video14_345000","video14","Architectural Wonders",345000
"video14_346000","video14","Architectural Wonders",346000
"video14_347000","video14","Architectural Wonders",347000
"video14_348000","video14","Architectural Wonders",348000
"video14_349000","video14","Architectural Wonders",349000
"video14_350000","video14","Architectural Wonders",350000
"video14_351000","video14","Architectural Wonders",351000
"video14_352000","video14","Architectural Wonders",352000
"video14_353000","video14","Architectural Wonders",353000
"video14_354000","video14","Architectural Wonders",354000
"video14_355000","video14","Architectural Wonders",355000
"video14_356000","video14","Architectural Wonders",356000
"video14_357000","video14","Architectural Wonders",357000
"video14_358000","video14","Architectural Wonders",358000
"video14_359000","video14","Architectural Wonders",359000
"video14_360000","video14","Architectural Wonders",360000
"video14_361000","video14","Architectural Wonders",361000
"video14_362000","video14","Architectural Wonders",362000
"video14_363000","video14","Architectural Wonders",363000
"video14_364000","video14","Architectural Wonders",364000
"video14_365000","video14","Architectural Wonders",365000
"video14_366000","video14","Architectural Wonders",366000
"video14_367000","video14","Architectural Wonders",367000
"video14_368000","video14","Architectural Wonders",368000
"video14_369000","video14","Architectural Wonders",369000
"video14_370000","video14","Architectural Wonders",370000
"video14_371000","video14","Architectural Wonders",371000
"video14_372000","video14","Architectural Wonders",372000
"video14_373000","video14","Architectural Wonders",373000
"video14_374000","video14","Architectural Wonders",374000
"video14_375000","video14","Architectural Wonders",375000
"video14_376000","video14","Architectural Wonders",376000
"video14_377000","video14","Architectural Wonders",377000
"video14_378000","video14","Architectural Wonders",378000
"video14_379000","video14","Architectural Wonders",379000
"video14_380000","video14","Architectural Wonders",380000
"video14_381000","video14","Architectural Wonders",381000
"video14_382000","video14","Architectural Wonders",382000
"video14_383000","video14","Architectural Wonders",383000
"video14_384000","video14","Architectural Wonders",384000
"video14_385000","video14","Architectural Wonders",385000
"video14_386000","video14","Architectural Wonders",386000
"video14_387000","video14","Architectural Wonders",387000
"video14_388000","video14","Architectural Wonders",388000
"video14_389000","video14","Architectural Wonders",389000
"video14_390000","video14","Architectural Wonders",390000
"video14_391000","video14","Architectural Wonders",391000
"video14_392000","video14","Architectural Wonders",392000
"video14_393000","video14","Architectural Wonders",393000
"video14_394000","video14","Architectural Wonders",394000
"video14_395000","video14","Architectural Wonders",395000
"video14_396000","video14","Architectural Wonders",396000
"video14_397000","video14","Architectural Wonders",397000
"video14_398000","video14","Architectural Wonders",398000
"video14_399000","video14","Architectural Wonders",399000
"video14_400000","video14","Architectural Wonders",400000
"video14_401000","video14","Architectural Wonders",401000
"video14_402000","video14","Architectural Wonders",402000
"video14_403000","video14","Architectural Wonders",403000
"video14_404000","video14","Architectural Wonders",404000
"video14_405000","video14","Architectural Wonders",405000
"video14_406000","video14","Architectural Wonders",406000
"video14_407000","video14","Architectural Wonders",407000
"video14_408000","video14","Architectural Wonders",408000
"video14_409000","video14","Architectural Wonders",409000
"video14_410000","video14","Architectural Wonders",410000
"video14_411000","video14","Architectural Wonders",411000
"video14_412000","video14","Architectural Wonders",412000
"video14_413000","video14","Architectural Wonders",413000
"video14_414000","video14","Architectural Wonders",414000
"video14_415000","video14","Architectural Wonders",415000
"video14_416000","video14","Architectural Wonders",416000
"video14_417000","video14","Architectural Wonders",417000
"video14_418000","video14","Architectural Wonders",418000
"video14_419000","video14","Architectural Wonders",419000
"video14_420000","video14","Architectural Wonders",420000
"video14_421000","video14","Architectural Wonders",421000
"video14_422000","video14","Architectural Wonders",422000
"video14_423000","video14","Architectural Wonders",423000
"video14_424000","video14","Architectural Wonders",424000
"video14_425000","video14","Architectural Wonders",425000
"video14_426000","video14","Architectural Wonders",426000
"video14_427000","video14","Architectural Wonders",427000
"video14_428000","video14","Architectural Wonders",428000
"video14_429000","video14","Architectural Wonders",429000
"video14_430000","video14","Architectural Wonders",430000
"video14_431000","video14","Architectural Wonders",431000
"video14_432000","video14","Architectural Wonders",432000
"video14_433000","video14","Architectural Wonders",433000
"video14_434000","video14","Architectural Wonders",434000
"video14_435000","video14","Architectural Wonders",435000
"video14_436000","video14","Architectural Wonders",436000
"video14_437000","video14","Architectural Wonders",437000
"video14_438000","video14","Architectural Wonders",438000
"video14_439000","video14","Architectural Wonders",439000
"video14_440000","video14","Architectural Wonders",440000
"video14_441000","video14","Architectural Wonders",441000
"video14_442000","video14","Architectural Wonders",442000
"video14_443000","video14","Architectural Wonders",443000
"video14_444000","video14","Architectural Wonders",444000
"video14_445000","video14","Architectural Wonders",445000
"video14_446000","video14","Architectural Wonders",446000
"video14_447000","video14","Architectural Wonders",447000
"video14_448000","video14","Architectural Wonders",448000
"video14_449000","video14","Architectural Wonders",449000
"video14_450000","video14","Architectural Wonders",450000
"video14_451000","video14","Architectural Wonders",451000
"video14_452000","video14","Architectural Wonders",452000
"video14_453000","video14","Architectural Wonders",453000
"video14_454000","video14","Architectural Wonders",454000
"video14_455000","video14","Architectural Wonders",455000
"video14_456000","video14","Architectural Wonders",456000
"video14_457000","video14","Architectural Wonders",457000
"video14_458000","video14","Architectural Wonders",458000
"video14_459000","video14","Architectural Wonders",459000
"video14_460000","video14","Architectural Wonders",460000
"video14_461000","video14","Architectural Wonders",461000
"video14_462000","video14","Architectural Wonders",462000
"video14_463000","video14","Architectural Wonders",463000
"video14_464000","video14","Architectural Wonders",464000
"video14_465000","video14","Architectural Wonders",465000
"video14_466000","video14","Architectural Wonders",466000
"video14_467000","video14","Architectural Wonders",467000
"video14_468000","video14","Architectural Wonders",468000
"video14_469000","video14","Architectural Wonders",469000
"video14_470000","video14","Architectural Wonders",470000
"video14_471000","video14","Architectural Wonders",471000
"video14_472000","video14","Architectural Wonders",472000
"video14_473000","video14","Architectural Wonders",473000
"video14_474000","video14","Architectural Wonders",474000
"video14_475000","video14","Architectural Wonders",475000
"video14_476000","video14","Architectural Wonders",476000
"video14_477000","video14","Architectural Wonders",477000
"video14_478000","video14","Architectural Wonders",478000
"video14_479000","video14","Architectural Wonders",479000
"video14_480000","video14","Architectural Wonders",480000
"video14_481000","video14","Architectural Wonders",481000
"video14_482000","video14","Architectural Wonders",482000
"video14_483000","video14","Architectural Wonders",483000
"video14_484000","video14","Architectural Wonders",484000
"video14_485000","video14","Architectural Wonders",485000
"video15_0","video15","A Journey Through Japan",0
"video15_1000","video15","A Journey Through Japan",1000
"video15_2000","video15","A Journey Through Japan",2000
"video15_3000","video15","A Journey Through Japan",3000
"video15_4000","video15","A Journey Through Japan",4000
"video15_5000","video15","A Journey Through Japan",5000
"video15_6000","video15","A Journey Through Japan",6000
"video15_7000","video15","A Journey Through Japan",7000
"video15_8000","video15","A Journey Through Japan",8000
"video15_9000","video15","A Journey Through Japan",9000
"video15_10000","video15","A Journey Through Japan",10000
"video15_11000","video15","A Journey Through Japan",11000
"video15_12000","video15","A Journey Through Japan",12000
"video15_13000","video15","A Journey Through Japan",13000
"video15_14000","video15","A Journey Through Japan",14000
"video15_15000","video15","A Journey Through Japan",15000
"video15_16000","video15","A Journey Through Japan",16000
"video15_17000","video15","A Journey Through Japan",17000
"video15_18000","video15","A Journey Through Japan",18000
"video15_19000","video15","A Journey Through Japan",19000
"video15_20000","video15","A Journey Through Japan",20000
"video15_21000","video15","A Journey Through Japan",21000
"video15_22000","video15","A Journey Through Japan",22000
"video15_23000","video15","A Journey Through Japan",23000
"video15_24000","video15","A Journey Through Japan",24000
"video15_25000","video15","A Journey Through Japan",25000
"video15_26000","video15","A Journey Through Japan",26000
"video15_27000","video15","A Journey Through Japan",27000
"video15_28000","video15","A Journey Through Japan",28000
"video15_29000","video15","A Journey Through Japan",29000
"video15_30000","video15","A Journey Through Japan",30000
"video15_31000","video15","A Journey Through Japan",31000
"video15_32000","video15","A Journey Through Japan",32000
"video15_33000","video15","A Journey Through Japan",33000
"video15_34000","video15","A Journey Through Japan",34000
"video15_35000","video15","A Journey Through Japan",35000
"video15_36000","video15","A Journey Through Japan",36000
"video15_37000","video15","A Journey Through Japan",37000
"video15_38000","video15","A Journey Through Japan",38000
"video15_39000","video15","A Journey Through Japan",39000
"video15_40000","video15","A Journey Through Japan",40000
"video15_41000","video15","A Journey Through Japan",41000
"video15_42000","video15","A Journey Through Japan",42000
"video15_43000","video15","A Journey Through Japan",43000
"video15_44000","video15","A Journey Through Japan",44000
"video15_45000","video15","A Journey Through Japan",45000
"video15_46000","video15","A Journey Through Japan",46000
"video15_47000","video15","A Journey Through Japan",47000
"video15_48000","video15","A Journey Through Japan",48000
"video15_49000","video15","A Journey Through Japan",49000
"video15_50000","video15","A Journey Through Japan",50000
"video15_51000","video15","A Journey Through Japan",51000
"video15_52000","video15","A Journey Through Japan",52000
"video15_53000","video15","A Journey Through Japan",53000
"video15_54000","video15","A Journey Through Japan",54000
"video15_55000","video15","A Journey Through Japan",55000
"video15_56000","video15","A Journey Through Japan",56000
"video15_57000","video15","A Journey Through Japan",57000
"video15_58000","video15","A Journey Through Japan",58000
"video15_59000","video15","A Journey Through Japan",59000
"video15_60000","video15","A Journey Through Japan",60000
"video15_61000","video15","A Journey Through Japan",61000
"video15_62000","video15","A Journey Through Japan",62000
"video15_63000","video15","A Journey Through Japan",63000
"video15_64000","video15","A Journey Through Japan",64000
"video15_65000","video15","A Journey Through Japan",65000
"video15_66000","video15","A Journey Through Japan",66000
"video15_67000","video15","A Journey Through Japan",67000
"video15_68000","video15","A Journey Through Japan",68000
"video15_69000","video15","A Journey Through Japan",69000
"video15_70000","video15","A Journey Through Japan",70000
"video15_71000","video15","A Journey Through Japan",71000
"video15_72000","video15","A Journey Through Japan",72000
"video15_73000","video15","A Journey Through Japan",73000
"video15_74000","video15","A Journey Through Japan",74000
"video15_75000","video15","A Journey Through Japan",75000
"video15_76000","video15","A Journey Through Japan",76000
"video15_77000","video15","A Journey Through Japan",77000
"video15_78000","video15","A Journey Through Japan",78000
"video15_79000","video15","A Journey Through Japan",79000
"video15_80000","video15","A Journey Through Japan",80000
"video15_81000","video15","A Journey Through Japan",81000
"video15_82000","video15","A Journey Through Japan",82000
"video15_83000","video15","A Journey Through Japan",83000
"video15_84000","video15","A Journey Through Japan",84000
"video15_85000","video15","A Journey Through Japan",85000
"video15_86000","video15","A Journey Through Japan",86000
"video15_87000","video15","A Journey Through Japan",87000
"video15_88000","video15","A Journey Through Japan",88000
"video15_89000","video15","A Journey Through Japan",89000
"video15_90000","video15","A Journey Through Japan",90000
"video15_91000","video15","A Journey Through Japan",91000
"video15_92000","video15","A Journey Through Japan",92000
"video15_93000","video15","A Journey Through Japan",93000
"video15_94000","video15","A Journey Through Japan",94000
"video15_95000","video15","A Journey Through Japan",95000
"video15_96000","video15","A Journey Through Japan",96000
"video15_97000","video15","A Journey Through Japan",97000
"video15_98000","video15","A Journey Through Japan",98000
"video15_99000","video15","A Journey Through Japan",99000
"video15_100000","video15","A Journey Through Japan",100000
"video15_101000","video15","A Journey Through Japan",101000
"video15_102000","video15","A Journey Through Japan",102000
"video15_103000","video15","A Journey Through Japan",103000
"video15_104000","video15","A Journey Through Japan",104000
"video15_105000","video15","A Journey Through Japan",105000
"video15_106000","video15","A Journey Through Japan",106000
"video15_107000","video15","A Journey Through Japan",107000
"video15_108000","video15","A Journey Through Japan",108000
"video15_109000","video15","A Journey Through Japan",109000
"video15_110000","video15","A Journey Through Japan",110000
"video15_111000","video15","A Journey Through Japan",111000
"video15_112000","video15","A Journey Through Japan",112000
"video15_113000","video15","A Journey Through Japan",113000
"video15_114000","video15","A Journey Through Japan",114000
"video15_115000","video15","A Journey Through Japan",115000
"video15_116000","video15","A Journey Through Japan",116000
"video15_117000","video15","A Journey Through Japan",117000
"video15_118000","video15","A Journey Through Japan",118000
"video15_119000","video15","A Journey Through Japan",119000
"video15_120000","video15","A Journey Through Japan",120000
"video15_121000","video15","A Journey Through Japan",121000
"video15_122000","video15","A Journey Through Japan",122000
"video15_123000","video15","A Journey Through Japan",123000
"video15_124000","video15","A Journey Through Japan",124000
"video16_0","video16","Laugh Out Loud Comedy Show",0
"video16_1000","video16","Laugh Out Loud Comedy Show",1000
"video16_2000","video16","Laugh Out Loud Comedy Show",2000
"video16_3000","video16","Laugh Out Loud Comedy Show",3000
"video16_4000","video16","Laugh Out Loud Comedy Show",4000
"video16_5000","video16","Laugh Out Loud Comedy Show",5000
"video16_6000","video16","Laugh Out Loud Comedy Show",6000
"video16_7000","video16","Laugh Out Loud Comedy Show",7000
"video16_8000","video16","Laugh Out Loud Comedy Show",8000
"video16_9000","video16","Laugh Out Loud Comedy Show",9000
"video16_10000","video16","Laugh Out Loud Comedy Show",10000
"video16_11000","video16","Laugh Out Loud Comedy Show",11000
"video16_12000","video16","Laugh Out Loud Comedy Show",12000
"video16_13000","video16","Laugh Out Loud Comedy Show",13000
"video16_14000","video16","Laugh Out Loud Comedy Show",14000
"video16_15000","video16","Laugh Out Loud Comedy Show",15000
"video16_16000","video16","Laugh Out Loud Comedy Show",16000
"video16_17000","video16","Laugh Out Loud Comedy Show",17000
"video16_18000","video16","Laugh Out Loud Comedy Show",18000
"video16_19000","video16","Laugh Out Loud Comedy Show",19000
"video16_20000","video16","Laugh Out Loud Comedy Show",20000
"video16_21000","video16","Laugh Out Loud Comedy Show",21000
"video16_22000","video16","Laugh Out Loud Comedy Show",22000
"video16_23000","video16","Laugh Out Loud Comedy Show",23000
"video16_24000","video16","Laugh Out Loud Comedy Show",24000
"video16_25000","video16","Laugh Out Loud Comedy Show",25000
"video16_26000","video16","Laugh Out Loud Comedy Show",26000
"video16_27000","video16","Laugh Out Loud Comedy Show",27000
"video16_28000","video16","Laugh Out Loud Comedy Show",28000
"video16_29000","video16","Laugh Out Loud Comedy Show",29000
"video16_30000","video16","Laugh Out Loud Comedy Show",30000
"video16_31000","video16","Laugh Out Loud Comedy Show",31000
"video16_32000","video16","Laugh Out Loud Comedy Show",32000
"video16_33000","video16","Laugh Out Loud Comedy Show",33000
"video16_34000","video16","Laugh Out Loud Comedy Show",34000
"video16_35000","video16","Laugh Out Loud Comedy Show",35000
"video16_36000","video16","Laugh Out Loud Comedy Show",36000
"video16_37000","video16","Laugh Out Loud Comedy Show",37000
"video16_38000","video16","Laugh Out Loud Comedy Show",38000
"video16_39000","video16","Laugh Out Loud Comedy Show",39000
"video16_40000","video16","Laugh Out Loud Comedy Show",40000
"video16_41000","video16","Laugh Out Loud Comedy Show",41000
"video16_42000","video16","Laugh Out Loud Comedy Show",42000
"video16_43000","video16","Laugh Out Loud Comedy Show",43000
"video16_44000","video16","Laugh Out Loud Comedy Show",44000
"video16_45000","video16","Laugh Out Loud Comedy Show",45000
"video16_46000","video16","Laugh Out Loud Comedy Show",46000
"video16_47000","video16","Laugh Out Loud Comedy Show",47000
"video16_48000","video16","Laugh Out Loud Comedy Show",48000
"video16_49000","video16","Laugh Out Loud Comedy Show",49000
"video16_50000","video16","Laugh Out Loud Comedy Show",50000
"video16_51000","video16","Laugh Out Loud Comedy Show",51000
"video16_52000","video16","Laugh Out Loud Comedy Show",52000
"video16_53000","video16","Laugh Out Loud Comedy Show",53000
"video16_54000","video16","Laugh Out Loud Comedy Show",54000
"video16_55000","video16","Laugh Out Loud Comedy Show",55000
"video16_56000","video16","Laugh Out Loud Comedy Show",56000
"video16_57000","video16","Laugh Out Loud Comedy Show",57000
"video16_58000","video16","Laugh Out Loud Comedy Show",58000
"video16_59000","video16","Laugh Out Loud Comedy Show",59000
"video16_60000","video16","Laugh Out Loud Comedy Show",60000
"video16_61000","video16","Laugh Out Loud Comedy Show",61000
"video16_62000","video16","Laugh Out Loud Comedy Show",62000
"video16_63000","video16","Laugh Out Loud Comedy Show",63000
"video16_64000","video16","Laugh Out Loud Comedy Show",64000
"video16_65000","video16","Laugh Out Loud Comedy Show",65000
"video16_66000","video16","Laugh Out Loud Comedy Show",66000
"video16_67000","video16","Laugh Out Loud Comedy Show",67000
"video16_68000","video16","Laugh Out Loud Comedy Show",68000
"video16_69000","video16","Laugh Out Loud Comedy Show",69000
"video16_70000","video16","Laugh Out Loud Comedy Show",70000
"video16_71000","video16","Laugh Out Loud Comedy Show",71000
"video16_72000","video16","Laugh Out Loud Comedy Show",72000
"video16_73000","video16","Laugh Out Loud Comedy Show",73000
"video16_74000","video16","Laugh Out Loud Comedy Show",74000
"video16_75000","video16","Laugh Out Loud Comedy Show",75000
"video16_76000","video16","Laugh Out Loud Comedy Show",76000
"video16_77000","video16","Laugh Out Loud Comedy Show",77000
"video16_78000","video16","Laugh Out Loud Comedy Show",78000
"video16_79000","video16","Laugh Out Loud Comedy Show",79000
"video16_80000","video16","Laugh Out Loud Comedy Show",80000
"video16_81000","video16","Laugh Out Loud Comedy Show",81000
"video16_82000","video16","Laugh Out Loud Comedy Show",82000
"video16_83000","video16","Laugh Out Loud Comedy Show",83000
"video16_84000","video16","Laugh Out Loud Comedy Show",84000
"video16_85000","video16","Laugh Out Loud Comedy Show",85000
"video16_86000","video16","Laugh Out Loud Comedy Show",86000
"video16_87000","video16","Laugh Out Loud Comedy Show",87000
"video16_88000","video16","Laugh Out Loud Comedy Show",88000
"video16_89000","video16","Laugh Out Loud Comedy Show",89000
"video16_90000","video16","Laugh Out Loud Comedy Show",90000
"video16_91000","video16","Laugh Out Loud Comedy Show",91000
"video16_92000","video16","Laugh Out Loud Comedy Show",92000
"video16_93000","video16","Laugh Out Loud Comedy Show",93000
"video16_94000","video16","Laugh Out Loud Comedy Show",94000
"video16_95000","video16","Laugh Out Loud Comedy Show",95000
"video16_96000","video16","Laugh Out Loud Comedy Show",96000
"video16_97000","video16","Laugh Out Loud Comedy Show",97000
"video16_98000","video16","Laugh Out Loud Comedy Show",98000
"video16_99000","video16","Laugh Out Loud Comedy Show",99000
"video16_100000","video16","Laugh Out Loud Comedy Show",100000
"video16_101000","video16","Laugh Out Loud Comedy Show",101000
"video16_102000","video16","Laugh Out Loud Comedy Show",102000
"video16_103000","video16","Laugh Out Loud Comedy Show",103000
"video16_104000","video16","Laugh Out Loud Comedy Show",104000
"video16_105000","video16","Laugh Out Loud Comedy Show",105000
"video16_106000","video16","Laugh Out Loud Comedy Show",106000
"video16_107000","video16","Laugh Out Loud Comedy Show",107000
"video16_108000","video16","Laugh Out Loud Comedy Show",108000
"video16_109000","video16","Laugh Out Loud Comedy Show",109000
"video16_110000","video16","Laugh Out Loud Comedy Show",110000
"video16_111000","video16","Laugh Out Loud Comedy Show",111000
"video16_112000","video16","Laugh Out Loud Comedy Show",112000
"video16_113000","video16","Laugh Out Loud Comedy Show",113000
"video16_114000","video16","Laugh Out Loud Comedy Show",114000
"video16_115000","video16","Laugh Out Loud Comedy Show",115000
"video16_116000","video16","Laugh Out Loud Comedy Show",116000
"video16_117000","video16","Laugh Out Loud Comedy Show",117000
"video16_118000","video16","Laugh Out Loud Comedy Show",118000
"video16_119000","video16","Laugh Out Loud Comedy Show",119000
"video16_120000","video16","Laugh Out Loud Comedy Show",120000
"video16_121000","video16","Laugh Out Loud Comedy Show",121000
"video16_122000","video16","Laugh Out Loud Comedy Show",122000
"video16_123000","video16","Laugh Out Loud Comedy Show",123000
"video16_124000","video16","Laugh Out Loud Comedy Show",124000
"video16_125000","video16","Laugh Out Loud Comedy Show",125000
"video16_126000","video16","Laugh Out Loud Comedy Show",126000
"video16_127000","video16","Laugh Out Loud Comedy Show",127000
"video16_128000","video16","Laugh Out Loud Comedy Show",128000
"video16_129000","video16","Laugh Out Loud Comedy Show",129000
"video16_130000","video16","Laugh Out Loud Comedy Show",130000
"video16_131000","video16","Laugh Out Loud Comedy Show",131000
"video16_132000","video16","Laugh Out Loud Comedy Show",132000
"video16_133000","video16","Laugh Out Loud Comedy Show",133000
"video16_134000","video16","Laugh Out Loud Comedy Show",134000
"video16_135000","video16","Laugh Out Loud Comedy Show",135000
"video16_136000","video16","Laugh Out Loud Comedy Show",136000
"video16_137000","video16","Laugh Out Loud Comedy Show",137000
"video16_138000","video16","Laugh Out Loud Comedy Show",138000
"video16_139000","video16","Laugh Out Loud Comedy Show",139000
"video16_140000","video16","Laugh Out Loud Comedy Show",140000
"video16_141000","video16","Laugh Out Loud Comedy Show",141000
"video16_142000","video16","Laugh Out Loud Comedy Show",142000
"video16_143000","video16","Laugh Out Loud Comedy Show",143000
"video16_144000","video16","Laugh Out Loud Comedy Show",144000
"video16_145000","video16","Laugh Out Loud Comedy Show",145000
"video16_146000","video16","Laugh Out Loud Comedy Show",146000
"video16_147000","video16","Laugh Out Loud Comedy Show",147000
"video16_148000","video16","Laugh Out Loud Comedy Show",148000
"video16_149000","video16","Laugh Out Loud Comedy Show",149000
"video16_150000","video16","Laugh Out Loud Comedy Show",150000
"video16_151000","video16","Laugh Out Loud Comedy Show",151000
"video16_152000","video16","Laugh Out Loud Comedy Show",152000
"video16_153000","video16","Laugh Out Loud Comedy Show",153000
"video16_154000","video16","Laugh Out Loud Comedy Show",154000
"video16_155000","video16","Laugh Out Loud Comedy Show",155000
"video16_156000","video16","Laugh Out Loud Comedy Show",156000
"video16_157000","video16","Laugh Out Loud Comedy Show",157000
"video16_158000","video16","Laugh Out Loud Comedy Show",158000
"video16_159000","video16","Laugh Out Loud Comedy Show",159000
"video16_160000","video16","Laugh Out Loud Comedy Show",160000
"video16_161000","video16","Laugh Out Loud Comedy Show",161000
"video16_162000","video16","Laugh Out Loud Comedy Show",162000
"video16_163000","video16","Laugh Out Loud Comedy Show",163000
"video16_164000","video16","Laugh Out Loud Comedy Show",164000
"video16_165000","video16","Laugh Out Loud Comedy Show",165000
"video16_166000","video16","Laugh Out Loud Comedy Show",166000
"video16_167000","video16","Laugh Out Loud Comedy Show",167000
"video16_168000","video16","Laugh Out Loud Comedy Show",168000
"video16_169000","video16","Laugh Out Loud Comedy Show",169000
"video16_170000","video16","Laugh Out Loud Comedy Show",170000
"video16_171000","video16","Laugh Out Loud Comedy Show",171000
"video16_172000","video16","Laugh Out Loud Comedy Show",172000
"video16_173000","video16","Laugh Out Loud Comedy Show",173000
"video16_174000","video16","Laugh Out Loud Comedy Show",174000
"video16_175000","video16","Laugh Out Loud Comedy Show",175000
"video16_176000","video16","Laugh Out Loud Comedy Show",176000
"video16_177000","video16","Laugh Out Loud Comedy Show",177000
"video16_178000","video16","Laugh Out Loud Comedy Show",178000
"video16_179000","video16","Laugh Out Loud Comedy Show",179000
"video16_180000","video16","Laugh Out Loud Comedy Show",180000
"video16_181000","video16","Laugh Out Loud Comedy Show",181000
"video16_182000","video16","Laugh Out Loud Comedy Show",182000
"video16_183000","video16","Laugh Out Loud Comedy Show",183000
"video16_184000","video16","Laugh Out Loud Comedy Show",184000
"video16_185000","video16","Laugh Out Loud Comedy Show",185000
"video16_186000","video16","Laugh Out Loud Comedy Show",186000
"video16_187000","video16","Laugh Out Loud Comedy Show",187000
"video16_188000","video16","Laugh Out Loud Comedy Show",188000
"video16_189000","video16","Laugh Out Loud Comedy Show",189000
"video16_190000","video16","Laugh Out Loud Comedy Show",190000
"video16_191000","video16","Laugh Out Loud Comedy Show",191000
"video16_192000","video16","Laugh Out Loud Comedy Show",192000
"video16_193000","video16","Laugh Out Loud Comedy Show",193000
"video16_194000","video16","Laugh Out Loud Comedy Show",194000
"video16_195000","video16","Laugh Out Loud Comedy Show",195000
"video16_196000","video16","Laugh Out Loud Comedy Show",196000
"video16_197000","video16","Laugh Out Loud Comedy Show",197000
"video16_198000","video16","Laugh Out Loud Comedy Show",198000
"video16_199000","video16","Laugh Out Loud Comedy Show",199000
"video16_200000","video16","Laugh Out Loud Comedy Show",200000
"video16_201000","video16","Laugh Out Loud Comedy Show",201000
"video16_202000","video16","Laugh Out Loud Comedy Show",202000
"video16_203000","video16","Laugh Out Loud Comedy Show",203000
"video16_204000","video16","Laugh Out Loud Comedy Show",204000
"video16_205000","video16","Laugh Out Loud Comedy Show",205000
"video16_206000","video16","Laugh Out Loud Comedy Show",206000
"video16_207000","video16","Laugh Out Loud Comedy Show",207000
"video16_208000","video16","Laugh Out Loud Comedy Show",208000
"video16_209000","video16","Laugh Out Loud Comedy Show",209000
"video16_210000","video16","Laugh Out Loud Comedy Show",210000
"video16_211000","video16","Laugh Out Loud Comedy Show",211000
"video16_212000","video16","Laugh Out Loud Comedy Show",212000
"video16_213000","video16","Laugh Out Loud Comedy Show",213000
"video16_214000","video16","Laugh Out Loud Comedy Show",214000
"video16_215000","video16","Laugh Out Loud Comedy Show",215000
"video16_216000","video16","Laugh Out Loud Comedy Show",216000
"video16_217000","video16","Laugh Out Loud Comedy Show",217000
"video16_218000","video16","Laugh Out Loud Comedy Show",218000
"video16_219000","video16","Laugh Out Loud Comedy Show",219000
"video16_220000","video16","Laugh Out Loud Comedy Show",220000
"video16_221000","video16","Laugh Out Loud Comedy Show",221000
"video16_222000","video16","Laugh Out Loud Comedy Show",222000
"video16_223000","video16","Laugh Out Loud Comedy Show",223000
"video16_224000","video16","Laugh Out Loud Comedy Show",224000
"video16_225000","video16","Laugh Out Loud Comedy Show",225000
"video16_226000","video16","Laugh Out Loud Comedy Show",226000
"video16_227000","video16","Laugh Out Loud Comedy Show",227000
"video16_228000","video16","Laugh Out Loud Comedy Show",228000
"video16_229000","video16","Laugh Out Loud Comedy Show",229000
"video16_230000","video16","Laugh Out Loud Comedy Show",230000
"video16_231000","video16","Laugh Out Loud Comedy Show",231000
"video16_232000","video16","Laugh Out Loud Comedy Show",232000
"video16_233000","video16","Laugh Out Loud Comedy Show",233000
"video16_234000","video16","Laugh Out Loud Comedy Show",234000
"video16_235000","video16","Laugh Out Loud Comedy Show",235000
"video16_236000","video16","Laugh Out Loud Comedy Show",236000
"video16_237000","video16","Laugh Out Loud Comedy Show",237000
"video16_238000","video16","Laugh Out Loud Comedy Show",238000
"video16_239000","video16","Laugh Out Loud Comedy Show",239000
"video16_240000","video16","Laugh Out Loud Comedy Show",240000
"video16_241000","video16","Laugh Out Loud Comedy Show",241000
"video16_242000","video16","Laugh Out Loud Comedy Show",242000
"video16_243000","video16","Laugh Out Loud Comedy Show",243000
"video16_244000","video16","Laugh Out Loud Comedy Show",244000
"video16_245000","video16","Laugh Out Loud Comedy Show",245000
"video16_246000","video16","Laugh Out Loud Comedy Show",246000
"video16_247000","video16","Laugh Out Loud Comedy Show",247000
"video16_248000","video16","Laugh Out Loud Comedy Show",248000
"video16_249000","video16","Laugh Out Loud Comedy Show",249000
"video16_250000","video16","Laugh Out Loud Comedy Show",250000
"video16_251000","video16","Laugh Out Loud Comedy Show",251000
"video16_252000","video16","Laugh Out Loud Comedy Show",252000
"video16_253000","video16","Laugh Out Loud Comedy Show",253000
"video16_254000","video16","Laugh Out Loud Comedy Show",254000
"video16_255000","video16","Laugh Out Loud Comedy Show",255000
"video16_256000","video16","Laugh Out Loud Comedy Show",256000
"video16_257000","video16","Laugh Out Loud Comedy Show",257000
"video16_258000","video16","Laugh Out Loud Comedy Show",258000
"video16_259000","video16","Laugh Out Loud Comedy Show",259000
"video16_260000","video16","Laugh Out Loud Comedy Show",260000
"video16_261000","video16","Laugh Out Loud Comedy Show",261000
"video16_262000","video16","Laugh Out Loud Comedy Show",262000
"video16_263000","video16","Laugh Out Loud Comedy Show",263000
"video16_264000","video16","Laugh Out Loud Comedy Show",264000
"video16_265000","video16","Laugh Out Loud Comedy Show",265000
"video16_266000","video16","Laugh Out Loud Comedy Show",266000
"video16_267000","video16","Laugh Out Loud Comedy Show",267000
"video16_268000","video16","Laugh Out Loud Comedy Show",268000
"video16_269000","video16","Laugh Out Loud Comedy Show",269000
"video16_270000","video16","Laugh Out Loud Comedy Show",270000
"video16_271000","video16","Laugh Out Loud Comedy Show",271000
"video16_272000","video16","Laugh Out Loud Comedy Show",272000
"video16_273000","video16","Laugh Out Loud Comedy Show",273000
"video16_274000","video16","Laugh Out Loud Comedy Show",274000
"video16_275000","video16","Laugh Out Loud Comedy Show",275000
"video16_276000","video16","Laugh Out Loud Comedy Show",276000
"video16_277000","video16","Laugh Out Loud Comedy Show",277000
"video16_278000","video16","Laugh Out Loud Comedy Show",278000
"video16_279000","video16","Laugh Out Loud Comedy Show",279000
"video16_280000","video16","Laugh Out Loud Comedy Show",280000
"video16_281000","video16","Laugh Out Loud Comedy Show",281000
"video16_282000","video16","Laugh Out Loud Comedy Show",282000
"video16_283000","video16","Laugh Out Loud Comedy Show",283000
"video16_284000","video16","Laugh Out Loud Comedy Show",284000
"video16_285000","video16","Laugh Out Loud Comedy Show",285000
"video16_286000","video16","Laugh Out Loud Comedy Show",286000
"video16_287000","video16","Laugh Out Loud Comedy Show",287000
"video16_288000","video16","Laugh Out Loud Comedy Show",288000
"video16_289000","video16","Laugh Out Loud Comedy Show",289000
"video16_290000","video16","Laugh Out Loud Comedy Show",290000
"video16_291000","video16","Laugh Out Loud Comedy Show",291000
"video16_292000","video16","Laugh Out Loud Comedy Show",292000
"video16_293000","video16","Laugh Out Loud Comedy Show",293000
"video16_294000","video16","Laugh Out Loud Comedy Show",294000
"video16_295000","video16","Laugh Out Loud Comedy Show",295000
"video16_296000","video16","Laugh Out Loud Comedy Show",296000
"video16_297000","video16","Laugh Out Loud Comedy Show",297000
"video16_298000","video16","Laugh Out Loud Comedy Show",298000
"video16_299000","video16","Laugh Out Loud Comedy Show",299000
"video16_300000","video16","Laugh Out Loud Comedy Show",300000
"video16_301000","video16","Laugh Out Loud Comedy Show",301000
"video16_302000","video16","Laugh Out Loud Comedy Show",302000
"video16_303000","video16","Laugh Out Loud Comedy Show",303000
"video16_304000","video16","Laugh Out Loud Comedy Show",304000
"video16_305000","video16","Laugh Out Loud Comedy Show",305000
"video16_306000","video16","Laugh Out Loud Comedy Show",306000
"video16_307000","video16","Laugh Out Loud Comedy Show",307000
"video16_308000","video16","Laugh Out Loud Comedy Show",308000
"video16_309000","video16","Laugh Out Loud Comedy Show",309000
"video16_310000","video16","Laugh Out Loud Comedy Show",310000
"video16_311000","video16","Laugh Out Loud Comedy Show",311000
"video16_312000","video16","Laugh Out Loud Comedy Show",312000
"video16_313000","video16","Laugh Out Loud Comedy Show",313000
"video16_314000","video16","Laugh Out Loud Comedy Show",314000
"video16_315000","video16","Laugh Out Loud Comedy Show",315000
"video16_316000","video16","Laugh Out Loud Comedy Show",316000
"video16_317000","video16","Laugh Out Loud Comedy Show",317000
"video16_318000","video16","Laugh Out Loud Comedy Show",318000
"video16_319000","video16","Laugh Out Loud Comedy Show",319000
"video16_320000","video16","Laugh Out Loud Comedy Show",320000
"video16_321000","video16","Laugh Out Loud Comedy Show",321000
"video16_322000","video16","Laugh Out Loud Comedy Show",322000
"video16_323000","video16","Laugh Out Loud Comedy Show",323000
"video16_324000","video16","Laugh Out Loud Comedy Show",324000
"video16_325000","video16","Laugh Out Loud Comedy Show",325000
"video16_326000","video16","Laugh Out Loud Comedy Show",326000
"video16_327000","video16","Laugh Out Loud Comedy Show",327000
"video16_328000","video16","Laugh Out Loud Comedy Show",328000
"video16_329000","video16","Laugh Out Loud Comedy Show",329000
"video16_330000","video16","Laugh Out Loud Comedy Show",330000
"video16_331000","video16","Laugh Out Loud Comedy Show",331000
"video16_332000","video16","Laugh Out Loud Comedy Show",332000
"video16_333000","video16","Laugh Out Loud Comedy Show",333000
"video16_334000","video16","Laugh Out Loud Comedy Show",334000
"video16_335000","video16","Laugh Out Loud Comedy Show",335000
"video16_336000","video16","Laugh Out Loud Comedy Show",336000
"video16_337000","video16","Laugh Out Loud Comedy Show",337000
"video16_338000","video16","Laugh Out Loud Comedy Show",338000
"video16_339000","video16","Laugh Out Loud Comedy Show",339000
"video16_340000","video16","Laugh Out Loud Comedy Show",340000
"video16_341000","video16","Laugh Out Loud Comedy Show",341000
"video16_342000","video16","Laugh Out Loud Comedy Show",342000
"video16_343000","video16","Laugh Out Loud Comedy Show",343000
"video16_344000","video16","Laugh Out Loud Comedy Show",344000
"video16_345000","video16","Laugh Out Loud Comedy Show",345000
"video16_346000","video16","Laugh Out Loud Comedy Show",346000
"video16_347000","video16","Laugh Out Loud Comedy Show",347000
"video16_348000","video16","Laugh Out Loud Comedy Show",348000
"video16_349000","video16","Laugh Out Loud Comedy Show",349000
"video16_350000","video16","Laugh Out Loud Comedy Show",350000
"video16_351000","video16","Laugh Out Loud Comedy Show",351000
"video16_352000","video16","Laugh Out Loud Comedy Show",352000
"video16_353000","video16","Laugh Out Loud Comedy Show",353000
"video16_354000","video16","Laugh Out Loud Comedy Show",354000
"video16_355000","video16","Laugh Out Loud Comedy Show",355000
"video16_356000","video16","Laugh Out Loud Comedy Show",356000
"video16_357000","video16","Laugh Out Loud Comedy Show",357000
"video16_358000","video16","Laugh Out Loud Comedy Show",358000
"video16_359000","video16","Laugh Out Loud Comedy Show",359000
"video16_360000","video16","Laugh Out Loud Comedy Show",360000
"video16_361000","video16","Laugh Out Loud Comedy Show",361000
"video16_362000","video16","Laugh Out Loud Comedy Show",362000
"video16_363000","video16","Laugh Out Loud Comedy Show",363000
"video16_364000","video16","Laugh Out Loud Comedy Show",364000
"video16_365000","video16","Laugh Out Loud Comedy Show",365000
"video16_366000","video16","Laugh Out Loud Comedy Show",366000
"video16_367000","video16","Laugh Out Loud Comedy Show",367000
"video16_368000","video16","Laugh Out Loud Comedy Show",368000
"video16_369000","video16","Laugh Out Loud Comedy Show",369000
"video16_370000","video16","Laugh Out Loud Comedy Show",370000
"video16_371000","video16","Laugh Out Loud Comedy Show",371000
"video16_372000","video16","Laugh Out Loud Comedy Show",372000
"video16_373000","video16","Laugh Out Loud Comedy Show",373000
"video16_374000","video16","Laugh Out Loud Comedy Show",374000
"video16_375000","video16","Laugh Out Loud Comedy Show",375000
"video16_376000","video16","Laugh Out Loud Comedy Show",376000
"video16_377000","video16","Laugh Out Loud Comedy Show",377000
"video16_378000","video16","Laugh Out Loud Comedy Show",378000
"video16_379000","video16","Laugh Out Loud Comedy Show",379000
"video16_380000","video16","Laugh Out Loud Comedy Show",380000
"video16_381000","video16","Laugh Out Loud Comedy Show",381000
"video16_382000","video16","Laugh Out Loud Comedy Show",382000
"video16_383000","video16","Laugh Out Loud Comedy Show",383000
"video16_384000","video16","Laugh Out Loud Comedy Show",384000
"video16_385000","video16","Laugh Out Loud Comedy Show",385000
"video16_386000","video16","Laugh Out Loud Comedy Show",386000
"video16_387000","video16","Laugh Out Loud Comedy Show",387000
"video16_388000","video16","Laugh Out Loud Comedy Show",388000
"video16_389000","video16","Laugh Out Loud Comedy Show",389000
"video16_390000","video16","Laugh Out Loud Comedy Show",390000
"video16_391000","video16","Laugh Out Loud Comedy Show",391000
"video16_392000","video16","Laugh Out Loud Comedy Show",392000
"video16_393000","video16","Laugh Out Loud Comedy Show",393000
"video16_394000","video16","Laugh Out Loud Comedy Show",394000
"video16_395000","video16","Laugh Out Loud Comedy Show",395000
"video16_396000","video16","Laugh Out Loud Comedy Show",396000
"video16_397000","video16","Laugh Out Loud Comedy Show",397000
"video16_398000","video16","Laugh Out Loud Comedy Show",398000
"video16_399000","video16","Laugh Out Loud Comedy Show",399000
"video16_400000","video16","Laugh Out Loud Comedy Show",400000
"video16_401000","video16","Laugh Out Loud Comedy Show",401000
"video16_402000","video16","Laugh Out Loud Comedy Show",402000
"video16_403000","video16","Laugh Out Loud Comedy Show",403000
"video16_404000","video16","Laugh Out Loud Comedy Show",404000
"video16_405000","video16","Laugh Out Loud Comedy Show",405000
"video16_406000","video16","Laugh Out Loud Comedy Show",406000
"video16_407000","video16","Laugh Out Loud Comedy Show",407000
"video16_408000","video16","Laugh Out Loud Comedy Show",408000
"video16_409000","video16","Laugh Out Loud Comedy Show",409000
"video16_410000","video16","Laugh Out Loud Comedy Show",410000
"video16_411000","video16","Laugh Out Loud Comedy Show",411000
"video16_412000","video16","Laugh Out Loud Comedy Show",412000
"video16_413000","video16","Laugh Out Loud Comedy Show",413000
"video16_414000","video16","Laugh Out Loud Comedy Show",414000
"video16_415000","video16","Laugh Out Loud Comedy Show",415000
"video16_416000","video16","Laugh Out Loud Comedy Show",416000
"video16_417000","video16","Laugh Out Loud Comedy Show",417000
"video16_418000","video16","Laugh Out Loud Comedy Show",418000
"video16_419000","video16","Laugh Out Loud Comedy Show",419000
"video16_420000","video16","Laugh Out Loud Comedy Show",420000
"video16_421000","video16","Laugh Out Loud Comedy Show",421000
"video16_422000","video16","Laugh Out Loud Comedy Show",422000
"video16_423000","video16","Laugh Out Loud Comedy Show",423000
"video16_424000","video16","Laugh Out Loud Comedy Show",424000
"video16_425000","video16","Laugh Out Loud Comedy Show",425000
"video16_426000","video16","Laugh Out Loud Comedy Show",426000
"video16_427000","video16","Laugh Out Loud Comedy Show",427000
"video16_428000","video16","Laugh Out Loud Comedy Show",428000
"video16_429000","video16","Laugh Out Loud Comedy Show",429000
"video16_430000","video16","Laugh Out Loud Comedy Show",430000
"video16_431000","video16","Laugh Out Loud Comedy Show",431000
"video16_432000","video16","Laugh Out Loud Comedy Show",432000
"video16_433000","video16","Laugh Out Loud Comedy Show",433000
"video16_434000","video16","Laugh Out Loud Comedy Show",434000
"video16_435000","video16","Laugh Out Loud Comedy Show",435000
"video16_436000","video16","Laugh Out Loud Comedy Show",436000
"video16_437000","video16","Laugh Out Loud Comedy Show",437000
"video17_0","video17","Survival in the Wild",0
"video17_1000","video17","Survival in the Wild",1000
"video17_2000","video17","Survival in the Wild",2000
"video17_3000","video17","Survival in the Wild",3000
"video17_4000","video17","Survival in the Wild",4000
"video17_5000","video17","Survival in the Wild",5000
"video17_6000","video17","Survival in the Wild",6000
"video17_7000","video17","Survival in the Wild",7000
"video17_8000","video17","Survival in the Wild",8000
"video17_9000","video17","Survival in the Wild",9000
"video17_10000","video17","Survival in the Wild",10000
"video17_11000","video17","Survival in the Wild",11000
"video17_12000","video17","Survival in the Wild",12000
"video17_13000","video17","Survival in the Wild",13000
"video17_14000","video17","Survival in the Wild",14000
"video17_15000","video17","Survival in the Wild",15000
"video17_16000","video17","Survival in the Wild",16000
"video17_17000","video17","Survival in the Wild",17000
"video17_18000","video17","Survival in the Wild",18000
"video17_19000","video17","Survival in the Wild",19000
"video17_20000","video17","Survival in the Wild",20000
"video17_21000","video17","Survival in the Wild",21000
"video17_22000","video17","Survival in the Wild",22000
"video17_23000","video17","Survival in the Wild",23000
"video17_24000","video17","Survival in the Wild",24000
"video17_25000","video17","Survival in the Wild",25000
"video17_26000","video17","Survival in the Wild",26000
"video17_27000","video17","Survival in the Wild",27000
"video17_28000","video17","Survival in the Wild",28000
"video17_29000","video17","Survival in the Wild",29000
"video17_30000","video17","Survival in the Wild",30000
"video17_31000","video17","Survival in the Wild",31000
"video17_32000","video17","Survival in the Wild",32000
"video17_33000","video17","Survival in the Wild",33000
"video17_34000","video17","Survival in the Wild",34000
"video17_35000","video17","Survival in the Wild",35000
"video17_36000","video17","Survival in the Wild",36000
"video17_37000","video17","Survival in the Wild",37000
"video17_38000","video17","Survival in the Wild",38000
"video17_39000","video17","Survival in the Wild",39000
"video17_40000","video17","Survival in the Wild",40000
"video17_41000","video17","Survival in the Wild",41000
"video17_42000","video17","Survival in the Wild",42000
"video17_43000","video17","Survival in the Wild",43000
"video17_44000","video17","Survival in the Wild",44000
"video17_45000","video17","Survival in the Wild",45000
"video17_46000","video17","Survival in the Wild",46000
"video17_47000","video17","Survival in the Wild",47000
"video17_48000","video17","Survival in the Wild",48000
"video17_49000","video17","Survival in the Wild",49000
"video17_50000","video17","Survival in the Wild",50000
"video17_51000","video17","Survival in the Wild",51000
"video17_52000","video17","Survival in the Wild",52000
"video17_53000","video17","Survival in the Wild",53000
"video17_54000","video17","Survival in the Wild",54000
"video17_55000","video17","Survival in the Wild",55000
"video17_56000","video17","Survival in the Wild",56000
"video17_57000","video17","Survival in the Wild",57000
"video17_58000","video17","Survival in the Wild",58000
"video17_59000","video17","Survival in the Wild",59000
"video17_60000","video17","Survival in the Wild",60000
"video17_61000","video17","Survival in the Wild",61000
"video17_62000","video17","Survival in the Wild",62000
"video17_63000","video17","Survival in the Wild",63000
"video17_64000","video17","Survival in the Wild",64000
"video17_65000","video17","Survival in the Wild",65000
"video17_66000","video17","Survival in the Wild",66000
"video17_67000","video17","Survival in the Wild",67000
"video17_68000","video17","Survival in the Wild",68000
"video17_69000","video17","Survival in the Wild",69000
"video17_70000","video17","Survival in the Wild",70000
"video17_71000","video17","Survival in the Wild",71000
"video17_72000","video17","Survival in the Wild",72000
"video17_73000","video17","Survival in the Wild",73000
"video17_74000","video17","Survival in the Wild",74000
"video17_75000","video17","Survival in the Wild",75000
"video17_76000","video17","Survival in the Wild",76000
"video17_77000","video17","Survival in the Wild",77000
"video17_78000","video17","Survival in the Wild",78000
"video17_79000","video17","Survival in the Wild",79000
"video17_80000","video17","Survival in the Wild",80000
"video17_81000","video17","Survival in the Wild",81000
"video17_82000","video17","Survival in the Wild",82000
"video17_83000","video17","Survival in the Wild",83000
"video17_84000","video17","Survival in the Wild",84000
"video17_85000","video17","Survival in the Wild",85000
"video17_86000","video17","Survival in the Wild",86000
"video17_87000","video17","Survival in the Wild",87000
"video17_88000","video17","Survival in the Wild",88000
"video17_89000","video17","Survival in the Wild",89000
"video17_90000","video17","Survival in the Wild",90000
"video17_91000","video17","Survival in the Wild",91000
"video17_92000","video17","Survival in the Wild",92000
"video17_93000","video17","Survival in the Wild",93000
"video17_94000","video17","Survival in the Wild",94000
"video17_95000","video17","Survival in the Wild",95000
"video17_96000","video17","Survival in the Wild",96000
"video17_97000","video17","Survival in the Wild",97000
"video17_98000","video17","Survival in the Wild",98000
"video17_99000","video17","Survival in the Wild",99000
"video17_100000","video17","Survival in the Wild",100000
"video17_101000","video17","Survival in the Wild",101000
"video17_102000","video17","Survival in the Wild",102000
"video17_103000","video17","Survival in the Wild",103000
"video17_104000","video17","Survival in the Wild",104000
"video17_105000","video17","Survival in the Wild",105000
"video17_106000","video17","Survival in the Wild",106000
"video17_107000","video17","Survival in the Wild",107000
"video17_108000","video17","Survival in the Wild",108000
"video17_109000","video17","Survival in the Wild",109000
"video17_110000","video17","Survival in the Wild",110000
"video17_111000","video17","Survival in the Wild",111000
"video17_112000","video17","Survival in the Wild",112000
"video17_113000","video17","Survival in the Wild",113000
"video17_114000","video17","Survival in the Wild",114000
"video17_115000","video17","Survival in the Wild",115000
"video17_116000","video17","Survival in the Wild",116000
"video17_117000","video17","Survival in the Wild",117000
"video17_118000","video17","Survival in the Wild",118000
"video17_119000","video17","Survival in the Wild",119000
"video17_120000","video17","Survival in the Wild",120000
"video17_121000","video17","Survival in the Wild",121000
"video17_122000","video17","Survival in the Wild",122000
"video17_123000","video17","Survival in the Wild",123000
"video17_124000","video17","Survival in the Wild",124000
"video17_125000","video17","Survival in the Wild",125000
"video17_126000","video17","Survival in the Wild",126000
"video17_127000","video17","Survival in the Wild",127000
"video17_128000","video17","Survival in the Wild",128000
"video17_129000","video17","Survival in the Wild",129000
"video17_130000","video17","Survival in the Wild",130000
"video17_131000","video17","Survival in the Wild",131000
"video17_132000","video17","Survival in the Wild",132000
"video17_133000","video17","Survival in the Wild",133000
"video17_134000","video17","Survival in the Wild",134000
"video17_135000","video17","Survival in the Wild",135000
"video17_136000","video17","Survival in the Wild",136000
"video17_137000","video17","Survival in the Wild",137000
"video17_138000","video17","Survival in the Wild",138000
"video17_139000","video17","Survival in the Wild",139000
"video17_140000","video17","Survival in the Wild",140000
"video17_141000","video17","Survival in the Wild",141000
"video17_142000","video17","Survival in the Wild",142000
"video17_143000","video17","Survival in the Wild",143000
"video17_144000","video17","Survival in the Wild",144000
"video17_145000","video17","Survival in the Wild",145000
"video17_146000","video17","Survival in the Wild",146000
"video17_147000","video17","Survival in the Wild",147000
"video17_148000","video17","Survival in the Wild",148000
"video17_149000","video17","Survival in the Wild",149000
"video17_150000","video17","Survival in the Wild",150000
"video17_151000","video17","Survival in the Wild",151000
"video17_152000","video17","Survival in the Wild",152000
"video17_153000","video17","Survival in the Wild",153000
"video17_154000","video17","Survival in the Wild",154000
"video17_155000","video17","Survival in the Wild",155000
"video17_156000","video17","Survival in the Wild",156000
"video17_157000","video17","Survival in the Wild",157000
"video17_158000","video17","Survival in the Wild",158000
"video17_159000","video17","Survival in the Wild",159000
"video17_160000","video17","Survival in the Wild",160000
"video17_161000","video17","Survival in the Wild",161000
"video17_162000","video17","Survival in the Wild",162000
"video17_163000","video17","Survival in the Wild",163000
"video17_164000","video17","Survival in the Wild",164000
"video17_165000","video17","Survival in the Wild",165000
"video17_166000","video17","Survival in the Wild",166000
"video17_167000","video17","Survival in the Wild",167000
"video17_168000","video17","Survival in the Wild",168000
"video17_169000","video17","Survival in the Wild",169000
"video17_170000","video17","Survival in the Wild",170000
"video17_171000","video17","Survival in the Wild",171000
"video17_172000","video17","Survival in the Wild",172000
"video17_173000","video17","Survival in the Wild",173000
"video17_174000","video17","Survival in the Wild",174000
"video17_175000","video17","Survival in the Wild",175000
"video17_176000","video17","Survival in the Wild",176000
"video17_177000","video17","Survival in the Wild",177000
"video17_178000","video17","Survival in the Wild",178000
"video17_179000","video17","Survival in the Wild",179000
"video17_180000","video17","Survival in the Wild",180000
"video17_181000","video17","Survival in the Wild",181000
"video17_182000","video17","Survival in the Wild",182000
"video17_183000","video17","Survival in the Wild",183000
"video17_184000","video17","Survival in the Wild",184000
"video17_185000","video17","Survival in the Wild",185000
"video17_186000","video17","Survival in the Wild",186000
"video17_187000","video17","Survival in the Wild",187000
"video17_188000","video17","Survival in the Wild",188000
"video17_189000","video17","Survival in the Wild",189000
"video17_190000","video17","Survival in the Wild",190000
"video17_191000","video17","Survival in the Wild",191000
"video17_192000","video17","Survival in the Wild",192000
"video17_193000","video17","Survival in the Wild",193000
"video17_194000","video17","Survival in the Wild",194000
"video17_195000","video17","Survival in the Wild",195000
"video17_196000","video17","Survival in the Wild",196000
"video17_197000","video17","Survival in the Wild",197000
"video17_198000","video17","Survival in the Wild",198000
"video17_199000","video17","Survival in the Wild",199000
"video17_200000","video17","Survival in the Wild",200000
"video17_201000","video17","Survival in the Wild",201000
"video17_202000","video17","Survival in the Wild",202000
"video17_203000","video17","Survival in the Wild",203000
"video17_204000","video17","Survival in the Wild",204000
"video17_205000","video17","Survival in the Wild",205000
"video17_206000","video17","Survival in the Wild",206000
"video17_207000","video17","Survival in the Wild",207000
"video17_208000","video17","Survival in the Wild",208000
"video17_209000","video17","Survival in the Wild",209000
"video17_210000","video17","Survival in the Wild",210000
"video17_211000","video17","Survival in the Wild",211000
"video17_212000","video17","Survival in the Wild",212000
"video17_213000","video17","Survival in the Wild",213000
"video17_214000","video17","Survival in the Wild",214000
"video17_215000","video17","Survival in the Wild",215000
"video17_216000","video17","Survival in the Wild",216000
"video17_217000","video17","Survival in the Wild",217000
"video17_218000","video17","Survival in the Wild",218000
"video17_219000","video17","Survival in the Wild",219000
"video17_220000","video17","Survival in the Wild",220000
"video17_221000","video17","Survival in the Wild",221000
"video17_222000","video17","Survival in the Wild",222000
"video17_223000","video17","Survival in the Wild",223000
"video17_224000","video17","Survival in the Wild",224000
"video17_225000","video17","Survival in the Wild",225000
"video17_226000","video17","Survival in the Wild",226000
"video17_227000","video17","Survival in the Wild",227000
"video17_228000","video17","Survival in the Wild",228000
"video17_229000","video17","Survival in the Wild",229000
"video17_230000","video17","Survival in the Wild",230000
"video17_231000","video17","Survival in the Wild",231000
"video17_232000","video17","Survival in the Wild",232000
"video17_233000","video17","Survival in the Wild",233000
"video17_234000","video17","Survival in the Wild",234000
"video17_235000","video17","Survival in the Wild",235000
"video17_236000","video17","Survival in the Wild",236000
"video17_237000","video17","Survival in the Wild",237000
"video17_238000","video17","Survival in the Wild",238000
"video17_239000","video17","Survival in the Wild",239000
"video17_240000","video17","Survival in the Wild",240000
"video17_241000","video17","Survival in the Wild",241000
"video17_242000","video17","Survival in the Wild",242000
"video17_243000","video17","Survival in the Wild",243000
"video17_244000","video17","Survival in the Wild",244000
"video17_245000","video17","Survival in the Wild",245000
"video17_246000","video17","Survival in the Wild",246000
"video17_247000","video17","Survival in the Wild",247000
"video17_248000","video17","Survival in the Wild",248000
"video17_249000","video17","Survival in the Wild",249000
"video17_250000","video17","Survival in the Wild",250000
"video17_251000","video17","Survival in the Wild",251000
"video17_252000","video17","Survival in the Wild",252000
"video17_253000","video17","Survival in the Wild",253000
"video17_254000","video17","Survival in the Wild",254000
"video17_255000","video17","Survival in the Wild",255000
"video17_256000","video17","Survival in the Wild",256000
"video17_257000","video17","Survival in the Wild",257000
"video17_258000","video17","Survival in the Wild",258000
"video17_259000","video17","Survival in the Wild",259000
"video17_260000","video17","Survival in the Wild",260000
"video17_261000","video17","Survival in the Wild",261000
"video17_262000","video17","Survival in the Wild",262000
"video17_263000","video17","Survival in the Wild",263000
"video17_264000","video17","Survival in the Wild",264000
"video17_265000","video17","Survival in the Wild",265000
"video17_266000","video17","Survival in the Wild",266000
"video17_267000","video17","Survival in the Wild",267000
"video17_268000","video17","Survival in the Wild",268000
"video17_269000","video17","Survival in the Wild",269000
"video17_270000","video17","Survival in the Wild",270000
"video17_271000","video17","Survival in the Wild",271000
"video17_272000","video17","Survival in the Wild",272000
"video17_273000","video17","Survival in the Wild",273000
"video17_274000","video17","Survival in the Wild",274000
"video17_275000","video17","Survival in the Wild",275000
"video17_276000","video17","Survival in the Wild",276000
"video17_277000","video17","Survival in the Wild",277000
"video17_278000","video17","Survival in the Wild",278000
"video17_279000","video17","Survival in the Wild",279000
"video17_280000","video17","Survival in the Wild",280000
"video17_281000","video17","Survival in the Wild",281000
"video17_282000","video17","Survival in the Wild",282000
"video17_283000","video17","Survival in the Wild",283000
"video17_284000","video17","Survival in the Wild",284000
"video17_285000","video17","Survival in the Wild",285000
"video17_286000","video17","Survival in the Wild",286000
"video17_287000","video17","Survival in the Wild",287000
"video17_288000","video17","Survival in the Wild",288000
"video17_289000","video17","Survival in the Wild",289000
"video17_290000","video17","Survival in the Wild",290000
"video17_291000","video17","Survival in the Wild",291000
"video17_292000","video17","Survival in the Wild",292000
"video17_293000","video17","Survival in the Wild",293000
"video17_294000","video17","Survival in the Wild",294000
"video17_295000","video17","Survival in the Wild",295000
"video17_296000","video17","Survival in the Wild",296000
"video17_297000","video17","Survival in the Wild",297000
"video17_298000","video17","Survival in the Wild",298000
"video17_299000","video17","Survival in the Wild",299000
"video17_300000","video17","Survival in the Wild",300000
"video17_301000","video17","Survival in the Wild",301000
"video17_302000","video17","Survival in the Wild",302000
"video17_303000","video17","Survival in the Wild",303000
"video17_304000","video17","Survival in the Wild",304000
"video17_305000","video17","Survival in the Wild",305000
"video17_306000","video17","Survival in the Wild",306000
"video17_307000","video17","Survival in the Wild",307000
"video17_308000","video17","Survival in the Wild",308000
"video17_309000","video17","Survival in the Wild",309000
"video17_310000","video17","Survival in the Wild",310000
"video17_311000","video17","Survival in the Wild",311000
"video17_312000","video17","Survival in the Wild",312000
"video17_313000","video17","Survival in the Wild",313000
"video17_314000","video17","Survival in the Wild",314000
"video17_315000","video17","Survival in the Wild",315000
"video17_316000","video17","Survival in the Wild",316000
"video17_317000","video17","Survival in the Wild",317000
"video17_318000","video17","Survival in the Wild",318000
"video17_319000","video17","Survival in the Wild",319000
"video17_320000","video17","Survival in the Wild",320000
"video17_321000","video17","Survival in the Wild",321000
"video17_322000","video17","Survival in the Wild",322000
"video17_323000","video17","Survival in the Wild",323000
"video17_324000","video17","Survival in the Wild",324000
"video17_325000","video17","Survival in the Wild",325000
"video17_326000","video17","Survival in the Wild",326000
"video17_327000","video17","Survival in the Wild",327000
"video17_328000","video17","Survival in the Wild",328000
"video17_329000","video17","Survival in the Wild",329000
"video17_330000","video17","Survival in the Wild",330000
"video17_331000","video17","Survival in the Wild",331000
"video17_332000","video17","Survival in the Wild",332000
"video17_333000","video17","Survival in the Wild",333000
"video17_334000","video17","Survival in the Wild",334000
"video17_335000","video17","Survival in the Wild",335000
"video17_336000","video17","Survival in the Wild",336000
"video17_337000","video17","Survival in the Wild",337000
"video17_338000","video17","Survival in the Wild",338000
"video17_339000","video17","Survival in the Wild",339000
"video17_340000","video17","Survival in the Wild",340000
"video17_341000","video17","Survival in the Wild",341000
"video17_342000","video17","Survival in the Wild",342000
"video17_343000","video17","Survival in the Wild",343000
"video17_344000","video17","Survival in the Wild",344000
"video17_345000","video17","Survival in the Wild",345000
"video17_346000","video17","Survival in the Wild",346000
"video17_347000","video17","Survival in the Wild",347000
"video17_348000","video17","Survival in the Wild",348000
"video17_349000","video17","Survival in the Wild",349000
"video17_350000","video17","Survival in the Wild",350000
"video17_351000","video17","Survival in the Wild",351000
"video17_352000","video17","Survival in the Wild",352000
"video17_353000","video17","Survival in the Wild",353000
"video17_354000","video17","Survival in the Wild",354000
"video17_355000","video17","Survival in the Wild",355000
"video17_356000","video17","Survival in the Wild",356000
"video17_357000","video17","Survival in the Wild",357000
"video17_358000","video17","Survival in the Wild",358000
"video17_359000","video17","Survival in the Wild",359000
"video17_360000","video17","Survival in the Wild",360000
"video17_361000","video17","Survival in the Wild",361000
"video17_362000","video17","Survival in the Wild",362000
"video17_363000","video17","Survival in the Wild",363000
"video17_364000","video17","Survival in the Wild",364000
"video17_365000","video17","Survival in the Wild",365000
"video17_366000","video17","Survival in the Wild",366000
"video17_367000","video17","Survival in the Wild",367000
"video17_368000","video17","Survival in the Wild",368000
"video17_369000","video17","Survival in the Wild",369000
"video17_370000","video17","Survival in the Wild",370000
"video17_371000","video17","Survival in the Wild",371000
"video17_372000","video17","Survival in the Wild",372000
"video17_373000","video17","Survival in the Wild",373000
"video17_374000","video17","Survival in the Wild",374000
"video17_375000","video17","Survival in the Wild",375000
"video17_376000","video17","Survival in the Wild",376000
"video17_377000","video17","Survival in the Wild",377000
"video17_378000","video17","Survival in the Wild",378000
"video17_379000","video17","Survival in the Wild",379000
"video17_380000","video17","Survival in the Wild",380000
"video17_381000","video17","Survival in the Wild",381000
"video17_382000","video17","Survival in the Wild",382000
"video17_383000","video17","Survival in the Wild",383000
"video17_384000","video17","Survival in the Wild",384000
"video17_385000","video17","Survival in the Wild",385000
"video17_386000","video17","Survival in the Wild",386000
"video17_387000","video17","Survival in the Wild",387000
"video17_388000","video17","Survival in the Wild",388000
"video17_389000","video17","Survival in the Wild",389000
"video17_390000","video17","Survival in the Wild",390000
"video17_391000","video17","Survival in the Wild",391000
"video17_392000","video17","Survival in the Wild",392000
"video17_393000","video17","Survival in the Wild",393000
"video17_394000","video17","Survival in the Wild",394000
"video17_395000","video17","Survival in the Wild",395000
"video17_396000","video17","Survival in the Wild",396000
"video17_397000","video17","Survival in the Wild",397000
"video17_398000","video17","Survival in the Wild",398000
"video17_399000","video17","Survival in the Wild",399000
"video17_400000","video17","Survival in the Wild",400000
"video17_401000","video17","Survival in the Wild",401000
"video17_402000","video17","Survival in the Wild",402000
"video17_403000","video17","Survival in the Wild",403000
"video17_404000","video17","Survival in the Wild",404000
"video17_405000","video17","Survival in the Wild",405000
"video17_406000","video17","Survival in the Wild",406000
"video17_407000","video17","Survival in the Wild",407000
"video17_408000","video17","Survival in the Wild",408000
"video17_409000","video17","Survival in the Wild",409000
"video18_0","video18","Epic Fantasy Adventures",0
"video18_1000","video18","Epic Fantasy Adventures",1000
"video18_2000","video18","Epic Fantasy Adventures",2000
"video18_3000","video18","Epic Fantasy Adventures",3000
"video18_4000","video18","Epic Fantasy Adventures",4000
"video18_5000","video18","Epic Fantasy Adventures",5000
"video18_6000","video18","Epic Fantasy Adventures",6000
"video18_7000","video18","Epic Fantasy Adventures",7000
"video18_8000","video18","Epic Fantasy Adventures",8000
"video18_9000","video18","Epic Fantasy Adventures",9000
"video18_10000","video18","Epic Fantasy Adventures",10000
"video18_11000","video18","Epic Fantasy Adventures",11000
"video18_12000","video18","Epic Fantasy Adventures",12000
"video18_13000","video18","Epic Fantasy Adventures",13000
"video18_14000","video18","Epic Fantasy Adventures",14000
"video18_15000","video18","Epic Fantasy Adventures",15000
"video18_16000","video18","Epic Fantasy Adventures",16000
"video18_17000","video18","Epic Fantasy Adventures",17000
"video18_18000","video18","Epic Fantasy Adventures",18000
"video18_19000","video18","Epic Fantasy Adventures",19000
"video18_20000","video18","Epic Fantasy Adventures",20000
"video18_21000","video18","Epic Fantasy Adventures",21000
"video18_22000","video18","Epic Fantasy Adventures",22000
"video18_23000","video18","Epic Fantasy Adventures",23000
"video18_24000","video18","Epic Fantasy Adventures",24000
"video18_25000","video18","Epic Fantasy Adventures",25000
"video18_26000","video18","Epic Fantasy Adventures",26000
"video18_27000","video18","Epic Fantasy Adventures",27000
"video18_28000","video18","Epic Fantasy Adventures",28000
"video18_29000","video18","Epic Fantasy Adventures",29000
"video18_30000","video18","Epic Fantasy Adventures",30000
"video18_31000","video18","Epic Fantasy Adventures",31000
"video18_32000","video18","Epic Fantasy Adventures",32000
"video18_33000","video18","Epic Fantasy Adventures",33000
"video18_34000","video18","Epic Fantasy Adventures",34000
"video18_35000","video18","Epic Fantasy Adventures",35000
"video18_36000","video18","Epic Fantasy Adventures",36000
"video18_37000","video18","Epic Fantasy Adventures",37000
"video18_38000","video18","Epic Fantasy Adventures",38000
"video18_39000","video18","Epic Fantasy Adventures",39000
"video18_40000","video18","Epic Fantasy Adventures",40000
"video18_41000","video18","Epic Fantasy Adventures",41000
"video18_42000","video18","Epic Fantasy Adventures",42000
"video18_43000","video18","Epic Fantasy Adventures",43000
"video18_44000","video18","Epic Fantasy Adventures",44000
"video18_45000","video18","Epic Fantasy Adventures",45000
"video18_46000","video18","Epic Fantasy Adventures",46000
"video18_47000","video18","Epic Fantasy Adventures",47000
"video18_48000","video18","Epic Fantasy Adventures",48000
"video18_49000","video18","Epic Fantasy Adventures",49000
"video18_50000","video18","Epic Fantasy Adventures",50000
"video18_51000","video18","Epic Fantasy Adventures",51000
"video18_52000","video18","Epic Fantasy Adventures",52000
"video18_53000","video18","Epic Fantasy Adventures",53000
"video18_54000","video18","Epic Fantasy Adventures",54000
"video18_55000","video18","Epic Fantasy Adventures",55000
"video18_56000","video18","Epic Fantasy Adventures",56000
"video18_57000","video18","Epic Fantasy Adventures",57000
"video18_58000","video18","Epic Fantasy Adventures",58000
"video18_59000","video18","Epic Fantasy Adventures",59000
"video18_60000","video18","Epic Fantasy Adventures",60000
"video18_61000","video18","Epic Fantasy Adventures",61000
"video18_62000","video18","Epic Fantasy Adventures",62000
"video18_63000","video18","Epic Fantasy Adventures",63000
"video18_64000","video18","Epic Fantasy Adventures",64000
"video18_65000","video18","Epic Fantasy Adventures",65000
"video18_66000","video18","Epic Fantasy Adventures",66000
"video18_67000","video18","Epic Fantasy Adventures",67000
"video18_68000","video18","Epic Fantasy Adventures",68000
"video18_69000","video18","Epic Fantasy Adventures",69000
"video18_70000","video18","Epic Fantasy Adventures",70000
"video18_71000","video18","Epic Fantasy Adventures",71000
"video18_72000","video18","Epic Fantasy Adventures",72000
"video18_73000","video18","Epic Fantasy Adventures",73000
"video18_74000","video18","Epic Fantasy Adventures",74000
"video18_75000","video18","Epic Fantasy Adventures",75000
"video18_76000","video18","Epic Fantasy Adventures",76000
"video18_77000","video18","Epic Fantasy Adventures",77000
"video18_78000","video18","Epic Fantasy Adventures",78000
"video18_79000","video18","Epic Fantasy Adventures",79000
"video18_80000","video18","Epic Fantasy Adventures",80000
"video18_81000","video18","Epic Fantasy Adventures",81000
"video18_82000","video18","Epic Fantasy Adventures",82000
"video18_83000","video18","Epic Fantasy Adventures",83000
"video18_84000","video18","Epic Fantasy Adventures",84000
"video18_85000","video18","Epic Fantasy Adventures",85000
"video18_86000","video18","Epic Fantasy Adventures",86000
"video18_87000","video18","Epic Fantasy Adventures",87000
"video18_88000","video18","Epic Fantasy Adventures",88000
"video18_89000","video18","Epic Fantasy Adventures",89000
"video18_90000","video18","Epic Fantasy Adventures",90000
"video18_91000","video18","Epic Fantasy Adventures",91000
"video18_92000","video18","Epic Fantasy Adventures",92000
"video18_93000","video18","Epic Fantasy Adventures",93000
"video18_94000","video18","Epic Fantasy Adventures",94000
"video18_95000","video18","Epic Fantasy Adventures",95000
"video18_96000","video18","Epic Fantasy Adventures",96000
"video18_97000","video18","Epic Fantasy Adventures",97000
"video18_98000","video18","Epic Fantasy Adventures",98000
"video18_99000","video18","Epic Fantasy Adventures",99000
"video18_100000","video18","Epic Fantasy Adventures",100000
"video18_101000","video18","Epic Fantasy Adventures",101000
"video18_102000","video18","Epic Fantasy Adventures",102000
"video18_103000","video18","Epic Fantasy Adventures",103000
"video18_104000","video18","Epic Fantasy Adventures",104000
"video18_105000","video18","Epic Fantasy Adventures",105000
"video18_106000","video18","Epic Fantasy Adventures",106000
"video18_107000","video18","Epic Fantasy Adventures",107000
"video18_108000","video18","Epic Fantasy Adventures",108000
"video18_109000","video18","Epic Fantasy Adventures",109000
"video18_110000","video18","Epic Fantasy Adventures",110000
"video18_111000","video18","Epic Fantasy Adventures",111000
"video18_112000","video18","Epic Fantasy Adventures",112000
"video18_113000","video18","Epic Fantasy Adventures",113000
"video18_114000","video18","Epic Fantasy Adventures",114000
"video18_115000","video18","Epic Fantasy Adventures",115000
"video18_116000","video18","Epic Fantasy Adventures",116000
"video18_117000","video18","Epic Fantasy Adventures",117000
"video18_118000","video18","Epic Fantasy Adventures",118000
"video18_119000","video18","Epic Fantasy Adventures",119000
"video18_120000","video18","Epic Fantasy Adventures",120000
"video18_121000","video18","Epic Fantasy Adventures",121000
"video18_122000","video18","Epic Fantasy Adventures",122000
"video18_123000","video18","Epic Fantasy Adventures",123000
"video18_124000","video18","Epic Fantasy Adventures",124000
"video18_125000","video18","Epic Fantasy Adventures",125000
"video18_126000","video18","Epic Fantasy Adventures",126000
"video18_127000","video18","Epic Fantasy Adventures",127000
"video18_128000","video18","Epic Fantasy Adventures",128000
"video18_129000","video18","Epic Fantasy Adventures",129000
"video18_130000","video18","Epic Fantasy Adventures",130000
"video18_131000","video18","Epic Fantasy Adventures",131000
"video18_132000","video18","Epic Fantasy Adventures",132000
"video18_133000","video18","Epic Fantasy Adventures",133000
"video18_134000","video18","Epic Fantasy Adventures",134000
"video18_135000","video18","Epic Fantasy Adventures",135000
"video18_136000","video18","Epic Fantasy Adventures",136000
"video18_137000","video18","Epic Fantasy Adventures",137000
"video18_138000","video18","Epic Fantasy Adventures",138000
"video18_139000","video18","Epic Fantasy Adventures",139000
"video18_140000","video18","Epic Fantasy Adventures",140000
"video18_141000","video18","Epic Fantasy Adventures",141000
"video18_142000","video18","Epic Fantasy Adventures",142000
"video18_143000","video18","Epic Fantasy Adventures",143000
"video18_144000","video18","Epic Fantasy Adventures",144000
"video18_145000","video18","Epic Fantasy Adventures",145000
"video18_146000","video18","Epic Fantasy Adventures",146000
"video18_147000","video18","Epic Fantasy Adventures",147000
"video18_148000","video18","Epic Fantasy Adventures",148000
"video18_149000","video18","Epic Fantasy Adventures",149000
"video18_150000","video18","Epic Fantasy Adventures",150000
"video18_151000","video18","Epic Fantasy Adventures",151000
"video18_152000","video18","Epic Fantasy Adventures",152000
"video18_153000","video18","Epic Fantasy Adventures",153000
"video18_154000","video18","Epic Fantasy Adventures",154000
"video18_155000","video18","Epic Fantasy Adventures",155000
"video18_156000","video18","Epic Fantasy Adventures",156000
"video18_157000","video18","Epic Fantasy Adventures",157000
"video18_158000","video18","Epic Fantasy Adventures",158000
"video18_159000","video18","Epic Fantasy Adventures",159000
"video18_160000","video18","Epic Fantasy Adventures",160000
"video18_161000","video18","Epic Fantasy Adventures",161000
"video18_162000","video18","Epic Fantasy Adventures",162000
"video18_163000","video18","Epic Fantasy Adventures",163000
"video18_164000","video18","Epic Fantasy Adventures",164000
"video18_165000","video18","Epic Fantasy Adventures",165000
"video18_166000","video18","Epic Fantasy Adventures",166000
"video18_167000","video18","Epic Fantasy Adventures",167000
"video18_168000","video18","Epic Fantasy Adventures",168000
"video18_169000","video18","Epic Fantasy Adventures",169000
"video18_170000","video18","Epic Fantasy Adventures",170000
"video18_171000","video18","Epic Fantasy Adventures",171000
"video18_172000","video18","Epic Fantasy Adventures",172000
"video18_173000","video18","Epic Fantasy Adventures",173000
"video18_174000","video18","Epic Fantasy Adventures",174000
"video18_175000","video18","Epic Fantasy Adventures",175000
"video18_176000","video18","Epic Fantasy Adventures",176000
"video18_177000","video18","Epic Fantasy Adventures",177000
"video18_178000","video18","Epic Fantasy Adventures",178000
"video18_179000","video18","Epic Fantasy Adventures",179000
"video18_180000","video18","Epic Fantasy Adventures",180000
"video18_181000","video18","Epic Fantasy Adventures",181000
"video18_182000","video18","Epic Fantasy Adventures",182000
"video18_183000","video18","Epic Fantasy Adventures",183000
"video18_184000","video18","Epic Fantasy Adventures",184000
"video18_185000","video18","Epic Fantasy Adventures",185000
"video18_186000","video18","Epic Fantasy Adventures",186000
"video18_187000","video18","Epic Fantasy Adventures",187000
"video18_188000","video18","Epic Fantasy Adventures",188000
"video18_189000","video18","Epic Fantasy Adventures",189000
"video18_190000","video18","Epic Fantasy Adventures",190000
"video18_191000","video18","Epic Fantasy Adventures",191000
"video18_192000","video18","Epic Fantasy Adventures",192000
"video18_193000","video18","Epic Fantasy Adventures",193000
"video18_194000","video18","Epic Fantasy Adventures",194000
"video18_195000","video18","Epic Fantasy Adventures",195000
"video18_196000","video18","Epic Fantasy Adventures",196000
"video18_197000","video18","Epic Fantasy Adventures",197000
"video18_198000","video18","Epic Fantasy Adventures",198000
"video18_199000","video18","Epic Fantasy Adventures",199000
"video18_200000","video18","Epic Fantasy Adventures",200000
"video18_201000","video18","Epic Fantasy Adventures",201000
"video18_202000","video18","Epic Fantasy Adventures",202000
"video18_203000","video18","Epic Fantasy Adventures",203000
"video18_204000","video18","Epic Fantasy Adventures",204000
"video18_205000","video18","Epic Fantasy Adventures",205000
"video18_206000","video18","Epic Fantasy Adventures",206000
"video18_207000","video18","Epic Fantasy Adventures",207000
"video18_208000","video18","Epic Fantasy Adventures",208000
"video18_209000","video18","Epic Fantasy Adventures",209000
"video18_210000","video18","Epic Fantasy Adventures",210000
"video18_211000","video18","Epic Fantasy Adventures",211000
"video18_212000","video18","Epic Fantasy Adventures",212000
"video18_213000","video18","Epic Fantasy Adventures",213000
"video18_214000","video18","Epic Fantasy Adventures",214000
"video18_215000","video18","Epic Fantasy Adventures",215000
"video18_216000","video18","Epic Fantasy Adventures",216000
"video18_217000","video18","Epic Fantasy Adventures",217000
"video18_218000","video18","Epic Fantasy Adventures",218000
"video18_219000","video18","Epic Fantasy Adventures",219000
"video18_220000","video18","Epic Fantasy Adventures",220000
"video18_221000","video18","Epic Fantasy Adventures",221000
"video18_222000","video18","Epic Fantasy Adventures",222000
"video18_223000","video18","Epic Fantasy Adventures",223000
"video18_224000","video18","Epic Fantasy Adventures",224000
"video18_225000","video18","Epic Fantasy Adventures",225000
"video18_226000","video18","Epic Fantasy Adventures",226000
"video18_227000","video18","Epic Fantasy Adventures",227000
"video18_228000","video18","Epic Fantasy Adventures",228000
"video18_229000","video18","Epic Fantasy Adventures",229000
"video18_230000","video18","Epic Fantasy Adventures",230000
"video18_231000","video18","Epic Fantasy Adventures",231000
"video18_232000","video18","Epic Fantasy Adventures",232000
"video18_233000","video18","Epic Fantasy Adventures",233000
"video18_234000","video18","Epic Fantasy Adventures",234000
"video18_235000","video18","Epic Fantasy Adventures",235000
"video18_236000","video18","Epic Fantasy Adventures",236000
"video18_237000","video18","Epic Fantasy Adventures",237000
"video18_238000","video18","Epic Fantasy Adventures",238000
"video18_239000","video18","Epic Fantasy Adventures",239000
"video18_240000","video18","Epic Fantasy Adventures",240000
"video18_241000","video18","Epic Fantasy Adventures",241000
"video18_242000","video18","Epic Fantasy Adventures",242000
"video18_243000","video18","Epic Fantasy Adventures",243000
"video18_244000","video18","Epic Fantasy Adventures",244000
"video18_245000","video18","Epic Fantasy Adventures",245000
"video18_246000","video18","Epic Fantasy Adventures",246000
"video18_247000","video18","Epic Fantasy Adventures",247000
"video18_248000","video18","Epic Fantasy Adventures",248000
"video18_249000","video18","Epic Fantasy Adventures",249000
"video18_250000","video18","Epic Fantasy Adventures",250000
"video18_251000","video18","Epic Fantasy Adventures",251000
"video18_252000","video18","Epic Fantasy Adventures",252000
"video18_253000","video18","Epic Fantasy Adventures",253000
"video18_254000","video18","Epic Fantasy Adventures",254000
"video18_255000","video18","Epic Fantasy Adventures",255000
"video18_256000","video18","Epic Fantasy Adventures",256000
"video18_257000","video18","Epic Fantasy Adventures",257000
"video18_258000","video18","Epic Fantasy Adventures",258000
"video18_259000","video18","Epic Fantasy Adventures",259000
"video18_260000","video18","Epic Fantasy Adventures",260000
"video18_261000","video18","Epic Fantasy Adventures",261000
"video18_262000","video18","Epic Fantasy Adventures",262000
"video18_263000","video18","Epic Fantasy Adventures",263000
"video18_264000","video18","Epic Fantasy Adventures",264000
"video18_265000","video18","Epic Fantasy Adventures",265000
"video18_266000","video18","Epic Fantasy Adventures",266000
"video18_267000","video18","Epic Fantasy Adventures",267000
"video18_268000","video18","Epic Fantasy Adventures",268000
"video18_269000","video18","Epic Fantasy Adventures",269000
"video18_270000","video18","Epic Fantasy Adventures",270000
"video18_271000","video18","Epic Fantasy Adventures",271000
"video18_272000","video18","Epic Fantasy Adventures",272000
"video18_273000","video18","Epic Fantasy Adventures",273000
"video18_274000","video18","Epic Fantasy Adventures",274000
"video18_275000","video18","Epic Fantasy Adventures",275000
"video18_276000","video18","Epic Fantasy Adventures",276000
"video18_277000","video18","Epic Fantasy Adventures",277000
"video18_278000","video18","Epic Fantasy Adventures",278000
"video18_279000","video18","Epic Fantasy Adventures",279000
"video18_280000","video18","Epic Fantasy Adventures",280000
"video18_281000","video18","Epic Fantasy Adventures",281000
"video18_282000","video18","Epic Fantasy Adventures",282000
"video18_283000","video18","Epic Fantasy Adventures",283000
"video18_284000","video18","Epic Fantasy Adventures",284000
"video18_285000","video18","Epic Fantasy Adventures",285000
"video18_286000","video18","Epic Fantasy Adventures",286000
"video18_287000","video18","Epic Fantasy Adventures",287000
"video18_288000","video18","Epic Fantasy Adventures",288000
"video18_289000","video18","Epic Fantasy Adventures",289000
"video18_290000","video18","Epic Fantasy Adventures",290000
"video18_291000","video18","Epic Fantasy Adventures",291000
"video18_292000","video18","Epic Fantasy Adventures",292000
"video18_293000","video18","Epic Fantasy Adventures",293000
"video18_294000","video18","Epic Fantasy Adventures",294000
"video18_295000","video18","Epic Fantasy Adventures",295000
"video18_296000","video18","Epic Fantasy Adventures",296000
"video18_297000","video18","Epic Fantasy Adventures",297000
"video18_298000","video18","Epic Fantasy Adventures",298000
"video18_299000","video18","Epic Fantasy Adventures",299000
"video18_300000","video18","Epic Fantasy Adventures",300000
"video18_301000","video18","Epic Fantasy Adventures",301000
"video18_302000","video18","Epic Fantasy Adventures",302000
"video18_303000","video18","Epic Fantasy Adventures",303000
"video18_304000","video18","Epic Fantasy Adventures",304000
"video18_305000","video18","Epic Fantasy Adventures",305000
"video18_306000","video18","Epic Fantasy Adventures",306000
"video18_307000","video18","Epic Fantasy Adventures",307000
"video18_308000","video18","Epic Fantasy Adventures",308000
"video18_309000","video18","Epic Fantasy Adventures",309000
"video18_310000","video18","Epic Fantasy Adventures",310000
"video18_311000","video18","Epic Fantasy Adventures",311000
"video18_312000","video18","Epic Fantasy Adventures",312000
"video18_313000","video18","Epic Fantasy Adventures",313000
"video18_314000","video18","Epic Fantasy Adventures",314000
"video18_315000","video18","Epic Fantasy Adventures",315000
"video18_316000","video18","Epic Fantasy Adventures",316000
"video18_317000","video18","Epic Fantasy Adventures",317000
"video18_318000","video18","Epic Fantasy Adventures",318000
"video18_319000","video18","Epic Fantasy Adventures",319000
"video18_320000","video18","Epic Fantasy Adventures",320000
"video18_321000","video18","Epic Fantasy Adventures",321000
"video18_322000","video18","Epic Fantasy Adventures",322000
"video18_323000","video18","Epic Fantasy Adventures",323000
"video18_324000","video18","Epic Fantasy Adventures",324000
"video18_325000","video18","Epic Fantasy Adventures",325000
"video18_326000","video18","Epic Fantasy Adventures",326000
"video18_327000","video18","Epic Fantasy Adventures",327000
"video18_328000","video18","Epic Fantasy Adventures",328000
"video18_329000","video18","Epic Fantasy Adventures",329000
"video18_330000","video18","Epic Fantasy Adventures",330000
"video18_331000","video18","Epic Fantasy Adventures",331000
"video18_332000","video18","Epic Fantasy Adventures",332000
"video18_333000","video18","Epic Fantasy Adventures",333000
"video18_334000","video18","Epic Fantasy Adventures",334000
"video18_335000","video18","Epic Fantasy Adventures",335000
"video18_336000","video18","Epic Fantasy Adventures",336000
"video18_337000","video18","Epic Fantasy Adventures",337000
"video18_338000","video18","Epic Fantasy Adventures",338000
"video18_339000","video18","Epic Fantasy Adventures",339000
"video18_340000","video18","Epic Fantasy Adventures",340000
"video18_341000","video18","Epic Fantasy Adventures",341000
"video18_342000","video18","Epic Fantasy Adventures",342000
"video18_343000","video18","Epic Fantasy Adventures",343000
"video18_344000","video18","Epic Fantasy Adventures",344000
"video18_345000","video18","Epic Fantasy Adventures",345000
"video18_346000","video18","Epic Fantasy Adventures",346000
"video18_347000","video18","Epic Fantasy Adventures",347000
"video18_348000","video18","Epic Fantasy Adventures",348000
"video18_349000","video18","Epic Fantasy Adventures",349000
"video18_350000","video18","Epic Fantasy Adventures",350000
"video18_351000","video18","Epic Fantasy Adventures",351000
"video18_352000","video18","Epic Fantasy Adventures",352000
"video18_353000","video18","Epic Fantasy Adventures",353000
"video18_354000","video18","Epic Fantasy Adventures",354000
"video18_355000","video18","Epic Fantasy Adventures",355000
"video18_356000","video18","Epic Fantasy Adventures",356000
"video18_357000","video18","Epic Fantasy Adventures",357000
"video18_358000","video18","Epic Fantasy Adventures",358000
"video18_359000","video18","Epic Fantasy Adventures",359000
"video18_360000","video18","Epic Fantasy Adventures",360000
"video18_361000","video18","Epic Fantasy Adventures",361000
"video18_362000","video18","Epic Fantasy Adventures",362000
"video18_363000","video18","Epic Fantasy Adventures",363000
"video18_364000","video18","Epic Fantasy Adventures",364000
"video18_365000","video18","Epic Fantasy Adventures",365000
"video18_366000","video18","Epic Fantasy Adventures",366000
"video18_367000","video18","Epic Fantasy Adventures",367000
"video18_368000","video18","Epic Fantasy Adventures",368000
"video18_369000","video18","Epic Fantasy Adventures",369000
"video18_370000","video18","Epic Fantasy Adventures",370000
"video18_371000","video18","Epic Fantasy Adventures",371000
"video18_372000","video18","Epic Fantasy Adventures",372000
"video18_373000","video18","Epic Fantasy Adventures",373000
"video18_374000","video18","Epic Fantasy Adventures",374000
"video18_375000","video18","Epic Fantasy Adventures",375000
"video18_376000","video18","Epic Fantasy Adventures",376000
"video18_377000","video18","Epic Fantasy Adventures",377000
"video18_378000","video18","Epic Fantasy Adventures",378000
"video18_379000","video18","Epic Fantasy Adventures",379000
"video18_380000","video18","Epic Fantasy Adventures",380000
"video18_381000","video18","Epic Fantasy Adventures",381000
"video18_382000","video18","Epic Fantasy Adventures",382000
"video18_383000","video18","Epic Fantasy Adventures",383000
"video18_384000","video18","Epic Fantasy Adventures",384000
"video18_385000","video18","Epic Fantasy Adventures",385000
"video18_386000","video18","Epic Fantasy Adventures",386000
"video18_387000","video18","Epic Fantasy Adventures",387000
"video18_388000","video18","Epic Fantasy Adventures",388000
"video18_389000","video18","Epic Fantasy Adventures",389000
"video18_390000","video18","Epic Fantasy Adventures",390000
"video18_391000","video18","Epic Fantasy Adventures",391000
"video18_392000","video18","Epic Fantasy Adventures",392000
"video18_393000","video18","Epic Fantasy Adventures",393000
"video18_394000","video18","Epic Fantasy Adventures",394000
"video18_395000","video18","Epic Fantasy Adventures",395000
"video18_396000","video18","Epic Fantasy Adventures",396000
"video18_397000","video18","Epic Fantasy Adventures",397000
"video18_398000","video18","Epic Fantasy Adventures",398000
"video18_399000","video18","Epic Fantasy Adventures",399000
"video18_400000","video18","Epic Fantasy Adventures",400000
"video18_401000","video18","Epic Fantasy Adventures",401000
"video18_402000","video18","Epic Fantasy Adventures",402000
"video18_403000","video18","Epic Fantasy Adventures",403000
"video18_404000","video18","Epic Fantasy Adventures",404000
"video18_405000","video18","Epic Fantasy Adventures",405000
"video18_406000","video18","Epic Fantasy Adventures",406000
"video18_407000","video18","Epic Fantasy Adventures",407000
"video18_408000","video18","Epic Fantasy Adventures",408000
"video18_409000","video18","Epic Fantasy Adventures",409000
"video18_410000","video18","Epic Fantasy Adventures",410000
"video18_411000","video18","Epic Fantasy Adventures",411000
"video18_412000","video18","Epic Fantasy Adventures",412000
"video18_413000","video18","Epic Fantasy Adventures",413000
"video18_414000","video18","Epic Fantasy Adventures",414000
"video18_415000","video18","Epic Fantasy Adventures",415000
"video18_416000","video18","Epic Fantasy Adventures",416000
"video18_417000","video18","Epic Fantasy Adventures",417000
"video18_418000","video18","Epic Fantasy Adventures",418000
"video18_419000","video18","Epic Fantasy Adventures",419000
"video18_420000","video18","Epic Fantasy Adventures",420000
"video18_421000","video18","Epic Fantasy Adventures",421000
"video18_422000","video18","Epic Fantasy Adventures",422000
"video18_423000","video18","Epic Fantasy Adventures",423000
"video18_424000","video18","Epic Fantasy Adventures",424000
"video18_425000","video18","Epic Fantasy Adventures",425000
"video18_426000","video18","Epic Fantasy Adventures",426000
"video18_427000","video18","Epic Fantasy Adventures",427000
"video18_428000","video18","Epic Fantasy Adventures",428000
"video18_429000","video18","Epic Fantasy Adventures",429000
"video18_430000","video18","Epic Fantasy Adventures",430000
"video18_431000","video18","Epic Fantasy Adventures",431000
"video18_432000","video18","Epic Fantasy Adventures",432000
"video18_433000","video18","Epic Fantasy Adventures",433000
"video18_434000","video18","Epic Fantasy Adventures",434000
"video18_435000","video18","Epic Fantasy Adventures",435000
"video18_436000","video18","Epic Fantasy Adventures",436000
"video18_437000","video18","Epic Fantasy Adventures",437000
"video18_438000","video18","Epic Fantasy Adventures",438000
"video18_439000","video18","Epic Fantasy Adventures",439000
"video18_440000","video18","Epic Fantasy Adventures",440000
"video18_441000","video18","Epic Fantasy Adventures",441000
"video18_442000","video18","Epic Fantasy Adventures",442000
"video18_443000","video18","Epic Fantasy Adventures",443000
"video18_444000","video18","Epic Fantasy Adventures",444000
"video18_445000","video18","Epic Fantasy Adventures",445000
"video18_446000","video18","Epic Fantasy Adventures",446000
"video18_447000","video18","Epic Fantasy Adventures",447000
"video18_448000","video18","Epic Fantasy Adventures",448000
"video18_449000","video18","Epic Fantasy Adventures",449000
"video18_450000","video18","Epic Fantasy Adventures",450000
"video18_451000","video18","Epic Fantasy Adventures",451000
"video18_452000","video18","Epic Fantasy Adventures",452000
"video18_453000","video18","Epic Fantasy Adventures",453000
"video18_454000","video18","Epic Fantasy Adventures",454000
"video18_455000","video18","Epic Fantasy Adventures",455000
"video18_456000","video18","Epic Fantasy Adventures",456000
"video18_457000","video18","Epic Fantasy Adventures",457000
"video18_458000","video18","Epic Fantasy Adventures",458000
"video18_459000","video18","Epic Fantasy Adventures",459000
"video18_460000","video18","Epic Fantasy Adventures",460000
"video18_461000","video18","Epic Fantasy Adventures",461000
"video18_462000","video18","Epic Fantasy Adventures",462000
"video18_463000","video18","Epic Fantasy Adventures",463000
"video18_464000","video18","Epic Fantasy Adventures",464000
"video18_465000","video18","Epic Fantasy Adventures",465000
"video18_466000","video18","Epic Fantasy Adventures",466000
"video18_467000","video18","Epic Fantasy Adventures",467000
"video18_468000","video18","Epic Fantasy Adventures",468000
"video18_469000","video18","Epic Fantasy Adventures",469000
"video18_470000","video18","Epic Fantasy Adventures",470000
"video18_471000","video18","Epic Fantasy Adventures",471000
"video18_472000","video18","Epic Fantasy Adventures",472000
"video18_473000","video18","Epic Fantasy Adventures",473000
"video18_474000","video18","Epic Fantasy Adventures",474000
"video18_475000","video18","Epic Fantasy Adventures",475000
"video18_476000","video18","Epic Fantasy Adventures",476000
"video18_477000","video18","Epic Fantasy Adventures",477000
"video18_478000","video18","Epic Fantasy Adventures",478000
"video18_479000","video18","Epic Fantasy Adventures",479000
"video18_480000","video18","Epic Fantasy Adventures",480000
"video18_481000","video18","Epic Fantasy Adventures",481000
"video18_482000","video18","Epic Fantasy Adventures",482000
"video18_483000","video18","Epic Fantasy Adventures",483000
"video18_484000","video18","Epic Fantasy Adventures",484000
"video18_485000","video18","Epic Fantasy Adventures",485000
"video18_486000","video18","Epic Fantasy Adventures",486000
"video18_487000","video18","Epic Fantasy Adventures",487000
"video18_488000","video18","Epic Fantasy Adventures",488000
"video18_489000","video18","Epic Fantasy Adventures",489000
"video18_490000","video18","Epic Fantasy Adventures",490000
"video18_491000","video18","Epic Fantasy Adventures",491000
"video18_492000","video18","Epic Fantasy Adventures",492000
"video18_493000","video18","Epic Fantasy Adventures",493000
"video18_494000","video18","Epic Fantasy Adventures",494000
"video18_495000","video18","Epic Fantasy Adventures",495000
"video18_496000","video18","Epic Fantasy Adventures",496000
"video18_497000","video18","Epic Fantasy Adventures",497000
"video18_498000","video18","Epic Fantasy Adventures",498000
"video18_499000","video18","Epic Fantasy Adventures",499000
"video18_500000","video18","Epic Fantasy Adventures",500000
"video18_501000","video18","Epic Fantasy Adventures",501000
"video18_502000","video18","Epic Fantasy Adventures",502000
"video18_503000","video18","Epic Fantasy Adventures",503000
"video18_504000","video18","Epic Fantasy Adventures",504000
"video18_505000","video18","Epic Fantasy Adventures",505000
"video18_506000","video18","Epic Fantasy Adventures",506000
"video18_507000","video18","Epic Fantasy Adventures",507000
"video18_508000","video18","Epic Fantasy Adventures",508000
"video18_509000","video18","Epic Fantasy Adventures",509000
"video18_510000","video18","Epic Fantasy Adventures",510000
"video18_511000","video18","Epic Fantasy Adventures",511000
"video18_512000","video18","Epic Fantasy Adventures",512000
"video18_513000","video18","Epic Fantasy Adventures",513000
"video18_514000","video18","Epic Fantasy Adventures",514000
"video18_515000","video18","Epic Fantasy Adventures",515000
"video18_516000","video18","Epic Fantasy Adventures",516000
"video18_517000","video18","Epic Fantasy Adventures",517000
"video18_518000","video18","Epic Fantasy Adventures",518000
"video18_519000","video18","Epic Fantasy Adventures",519000
"video18_520000","video18","Epic Fantasy Adventures",520000
"video18_521000","video18","Epic Fantasy Adventures",521000
"video18_522000","video18","Epic Fantasy Adventures",522000
"video18_523000","video18","Epic Fantasy Adventures",523000
"video18_524000","video18","Epic Fantasy Adventures",524000
"video18_525000","video18","Epic Fantasy Adventures",525000
"video18_526000","video18","Epic Fantasy Adventures",526000
"video18_527000","video18","Epic Fantasy Adventures",527000
"video19_0","video19","Innovation and Technology Today",0
"video19_1000","video19","Innovation and Technology Today",1000
"video19_2000","video19","Innovation and Technology Today",2000
"video19_3000","video19","Innovation and Technology Today",3000
"video19_4000","video19","Innovation and Technology Today",4000
"video19_5000","video19","Innovation and Technology Today",5000
"video19_6000","video19","Innovation and Technology Today",6000
"video19_7000","video19","Innovation and Technology Today",7000
"video19_8000","video19","Innovation and Technology Today",8000
"video19_9000","video19","Innovation and Technology Today",9000
"video19_10000","video19","Innovation and Technology Today",10000
"video19_11000","video19","Innovation and Technology Today",11000
"video19_12000","video19","Innovation and Technology Today",12000
"video19_13000","video19","Innovation and Technology Today",13000
"video19_14000","video19","Innovation and Technology Today",14000
"video19_15000","video19","Innovation and Technology Today",15000
"video19_16000","video19","Innovation and Technology Today",16000
"video19_17000","video19","Innovation and Technology Today",17000
"video19_18000","video19","Innovation and Technology Today",18000
"video19_19000","video19","Innovation and Technology Today",19000
"video19_20000","video19","Innovation and Technology Today",20000
"video19_21000","video19","Innovation and Technology Today",21000
"video19_22000","video19","Innovation and Technology Today",22000
"video19_23000","video19","Innovation and Technology Today",23000
"video19_24000","video19","Innovation and Technology Today",24000
"video19_25000","video19","Innovation and Technology Today",25000
"video19_26000","video19","Innovation and Technology Today",26000
"video19_27000","video19","Innovation and Technology Today",27000
"video19_28000","video19","Innovation and Technology Today",28000
"video19_29000","video19","Innovation and Technology Today",29000
"video19_30000","video19","Innovation and Technology Today",30000
"video19_31000","video19","Innovation and Technology Today",31000
"video19_32000","video19","Innovation and Technology Today",32000
"video19_33000","video19","Innovation and Technology Today",33000
"video19_34000","video19","Innovation and Technology Today",34000
"video19_35000","video19","Innovation and Technology Today",35000
"video19_36000","video19","Innovation and Technology Today",36000
"video19_37000","video19","Innovation and Technology Today",37000
"video19_38000","video19","Innovation and Technology Today",38000
"video19_39000","video19","Innovation and Technology Today",39000
"video19_40000","video19","Innovation and Technology Today",40000
"video19_41000","video19","Innovation and Technology Today",41000
"video19_42000","video19","Innovation and Technology Today",42000
"video19_43000","video19","Innovation and Technology Today",43000
"video19_44000","video19","Innovation and Technology Today",44000
"video19_45000","video19","Innovation and Technology Today",45000
"video19_46000","video19","Innovation and Technology Today",46000
"video19_47000","video19","Innovation and Technology Today",47000
"video19_48000","video19","Innovation and Technology Today",48000
"video19_49000","video19","Innovation and Technology Today",49000
"video19_50000","video19","Innovation and Technology Today",50000
"video19_51000","video19","Innovation and Technology Today",51000
"video19_52000","video19","Innovation and Technology Today",52000
"video19_53000","video19","Innovation and Technology Today",53000
"video19_54000","video19","Innovation and Technology Today",54000
"video19_55000","video19","Innovation and Technology Today",55000
"video19_56000","video19","Innovation and Technology Today",56000
"video19_57000","video19","Innovation and Technology Today",57000
"video19_58000","video19","Innovation and Technology Today",58000
"video19_59000","video19","Innovation and Technology Today",59000
"video19_60000","video19","Innovation and Technology Today",60000
"video19_61000","video19","Innovation and Technology Today",61000
"video19_62000","video19","Innovation and Technology Today",62000
"video19_63000","video19","Innovation and Technology Today",63000
"video19_64000","video19","Innovation and Technology Today",64000
"video19_65000","video19","Innovation and Technology Today",65000
"video19_66000","video19","Innovation and Technology Today",66000
"video19_67000","video19","Innovation and Technology Today",67000
"video19_68000","video19","Innovation and Technology Today",68000
"video19_69000","video19","Innovation and Technology Today",69000
"video19_70000","video19","Innovation and Technology Today",70000
"video19_71000","video19","Innovation and Technology Today",71000
"video19_72000","video19","Innovation and Technology Today",72000
"video19_73000","video19","Innovation and Technology Today",73000
"video19_74000","video19","Innovation and Technology Today",74000
"video19_75000","video19","Innovation and Technology Today",75000
"video19_76000","video19","Innovation and Technology Today",76000
"video19_77000","video19","Innovation and Technology Today",77000
"video19_78000","video19","Innovation and Technology Today",78000
"video19_79000","video19","Innovation and Technology Today",79000
"video19_80000","video19","Innovation and Technology Today",80000
"video19_81000","video19","Innovation and Technology Today",81000
"video19_82000","video19","Innovation and Technology Today",82000
"video19_83000","video19","Innovation and Technology Today",83000
"video19_84000","video19","Innovation and Technology Today",84000
"video19_85000","video19","Innovation and Technology Today",85000
"video19_86000","video19","Innovation and Technology Today",86000
"video19_87000","video19","Innovation and Technology Today",87000
"video19_88000","video19","Innovation and Technology Today",88000
"video19_89000","video19","Innovation and Technology Today",89000
"video19_90000","video19","Innovation and Technology Today",90000
"video19_91000","video19","Innovation and Technology Today",91000
"video19_92000","video19","Innovation and Technology Today",92000
"video19_93000","video19","Innovation and Technology Today",93000
"video19_94000","video19","Innovation and Technology Today",94000
"video19_95000","video19","Innovation and Technology Today",95000
"video19_96000","video19","Innovation and Technology Today",96000
"video19_97000","video19","Innovation and Technology Today",97000
"video19_98000","video19","Innovation and Technology Today",98000
"video19_99000","video19","Innovation and Technology Today",99000
"video19_100000","video19","Innovation and Technology Today",100000
"video19_101000","video19","Innovation and Technology Today",101000
"video19_102000","video19","Innovation and Technology Today",102000
"video19_103000","video19","Innovation and Technology Today",103000
"video19_104000","video19","Innovation and Technology Today",104000
"video19_105000","video19","Innovation and Technology Today",105000
"video19_106000","video19","Innovation and Technology Today",106000
"video19_107000","video19","Innovation and Technology Today",107000
"video19_108000","video19","Innovation and Technology Today",108000
"video19_109000","video19","Innovation and Technology Today",109000
"video19_110000","video19","Innovation and Technology Today",110000
"video19_111000","video19","Innovation and Technology Today",111000
"video19_112000","video19","Innovation and Technology Today",112000
"video19_113000","video19","Innovation and Technology Today",113000
"video19_114000","video19","Innovation and Technology Today",114000
"video19_115000","video19","Innovation and Technology Today",115000
"video19_116000","video19","Innovation and Technology Today",116000
"video19_117000","video19","Innovation and Technology Today",117000
"video19_118000","video19","Innovation and Technology Today",118000
"video19_119000","video19","Innovation and Technology Today",119000
"video19_120000","video19","Innovation and Technology Today",120000
"video19_121000","video19","Innovation and Technology Today",121000
"video19_122000","video19","Innovation and Technology Today",122000
"video19_123000","video19","Innovation and Technology Today",123000
"video19_124000","video19","Innovation and Technology Today",124000
"video19_125000","video19","Innovation and Technology Today",125000
"video19_126000","video19","Innovation and Technology Today",126000
"video19_127000","video19","Innovation and Technology Today",127000
"video19_128000","video19","Innovation and Technology Today",128000
"video19_129000","video19","Innovation and Technology Today",129000
"video19_130000","video19","Innovation and Technology Today",130000
"video19_131000","video19","Innovation and Technology Today",131000
"video19_132000","video19","Innovation and Technology Today",132000
"video19_133000","video19","Innovation and Technology Today",133000
"video19_134000","video19","Innovation and Technology Today",134000
"video19_135000","video19","Innovation and Technology Today",135000
"video19_136000","video19","Innovation and Technology Today",136000
"video19_137000","video19","Innovation and Technology Today",137000
"video19_138000","video19","Innovation and Technology Today",138000
"video19_139000","video19","Innovation and Technology Today",139000
"video19_140000","video19","Innovation and Technology Today",140000
"video19_141000","video19","Innovation and Technology Today",141000
"video19_142000","video19","Innovation and Technology Today",142000
"video19_143000","video19","Innovation and Technology Today",143000
"video19_144000","video19","Innovation and Technology Today",144000
"video19_145000","video19","Innovation and Technology Today",145000
"video19_146000","video19","Innovation and Technology Today",146000
"video19_147000","video19","Innovation and Technology Today",147000
"video19_148000","video19","Innovation and Technology Today",148000
"video19_149000","video19","Innovation and Technology Today",149000
"video19_150000","video19","Innovation and Technology Today",150000
"video19_151000","video19","Innovation and Technology Today",151000
"video19_152000","video19","Innovation and Technology Today",152000
"video19_153000","video19","Innovation and Technology Today",153000
"video19_154000","video19","Innovation and Technology Today",154000
"video19_155000","video19","Innovation and Technology Today",155000
"video19_156000","video19","Innovation and Technology Today",156000
"video19_157000","video19","Innovation and Technology Today",157000
"video19_158000","video19","Innovation and Technology Today",158000
"video19_159000","video19","Innovation and Technology Today",159000
"video19_160000","video19","Innovation and Technology Today",160000
"video19_161000","video19","Innovation and Technology Today",161000
"video19_162000","video19","Innovation and Technology Today",162000
"video19_163000","video19","Innovation and Technology Today",163000
"video19_164000","video19","Innovation and Technology Today",164000
"video19_165000","video19","Innovation and Technology Today",165000
"video19_166000","video19","Innovation and Technology Today",166000
"video19_167000","video19","Innovation and Technology Today",167000
"video19_168000","video19","Innovation and Technology Today",168000
"video19_169000","video19","Innovation and Technology Today",169000
"video19_170000","video19","Innovation and Technology Today",170000
"video19_171000","video19","Innovation and Technology Today",171000
"video19_172000","video19","Innovation and Technology Today",172000
"video19_173000","video19","Innovation and Technology Today",173000
"video19_174000","video19","Innovation and Technology Today",174000
"video19_175000","video19","Innovation and Technology Today",175000
"video19_176000","video19","Innovation and Technology Today",176000
"video19_177000","video19","Innovation and Technology Today",177000
"video19_178000","video19","Innovation and Technology Today",178000
"video19_179000","video19","Innovation and Technology Today",179000
"video19_180000","video19","Innovation and Technology Today",180000
"video19_181000","video19","Innovation and Technology Today",181000
"video19_182000","video19","Innovation and Technology Today",182000
"video19_183000","video19","Innovation and Technology Today",183000
"video19_184000","video19","Innovation and Technology Today",184000
"video19_185000","video19","Innovation and Technology Today",185000
"video19_186000","video19","Innovation and Technology Today",186000
"video19_187000","video19","Innovation and Technology Today",187000
"video19_188000","video19","Innovation and Technology Today",188000
"video19_189000","video19","Innovation and Technology Today",189000
"video19_190000","video19","Innovation and Technology Today",190000
"video19_191000","video19","Innovation and Technology Today",191000
"video19_192000","video19","Innovation and Technology Today",192000
"video19_193000","video19","Innovation and Technology Today",193000
"video19_194000","video19","Innovation and Technology Today",194000
"video19_195000","video19","Innovation and Technology Today",195000
"video19_196000","video19","Innovation and Technology Today",196000
"video19_197000","video19","Innovation and Technology Today",197000
"video19_198000","video19","Innovation and Technology Today",198000
"video19_199000","video19","Innovation and Technology Today",199000
"video19_200000","video19","Innovation and Technology Today",200000
"video19_201000","video19","Innovation and Technology Today",201000
"video19_202000","video19","Innovation and Technology Today",202000
"video19_203000","video19","Innovation and Technology Today",203000
"video19_204000","video19","Innovation and Technology Today",204000
"video19_205000","video19","Innovation and Technology Today",205000
"video19_206000","video19","Innovation and Technology Today",206000
"video19_207000","video19","Innovation and Technology Today",207000
"video19_208000","video19","Innovation and Technology Today",208000
"video19_209000","video19","Innovation and Technology Today",209000
"video19_210000","video19","Innovation and Technology Today",210000
"video19_211000","video19","Innovation and Technology Today",211000
"video19_212000","video19","Innovation and Technology Today",212000
"video19_213000","video19","Innovation and Technology Today",213000
"video19_214000","video19","Innovation and Technology Today",214000
"video19_215000","video19","Innovation and Technology Today",215000
"video19_216000","video19","Innovation and Technology Today",216000
"video19_217000","video19","Innovation and Technology Today",217000
"video19_218000","video19","Innovation and Technology Today",218000
"video19_219000","video19","Innovation and Technology Today",219000
"video19_220000","video19","Innovation and Technology Today",220000
"video19_221000","video19","Innovation and Technology Today",221000
"video19_222000","video19","Innovation and Technology Today",222000
"video19_223000","video19","Innovation and Technology Today",223000
"video19_224000","video19","Innovation and Technology Today",224000
"video19_225000","video19","Innovation and Technology Today",225000
"video19_226000","video19","Innovation and Technology Today",226000
"video19_227000","video19","Innovation and Technology Today",227000
"video19_228000","video19","Innovation and Technology Today",228000
"video19_229000","video19","Innovation and Technology Today",229000
"video19_230000","video19","Innovation and Technology Today",230000
"video19_231000","video19","Innovation and Technology Today",231000
"video19_232000","video19","Innovation and Technology Today",232000
"video19_233000","video19","Innovation and Technology Today",233000
"video19_234000","video19","Innovation and Technology Today",234000
"video19_235000","video19","Innovation and Technology Today",235000
"video19_236000","video19","Innovation and Technology Today",236000
"video19_237000","video19","Innovation and Technology Today",237000
"video19_238000","video19","Innovation and Technology Today",238000
"video19_239000","video19","Innovation and Technology Today",239000
"video19_240000","video19","Innovation and Technology Today",240000
"video19_241000","video19","Innovation and Technology Today",241000
"video19_242000","video19","Innovation and Technology Today",242000
"video19_243000","video19","Innovation and Technology Today",243000
"video19_244000","video19","Innovation and Technology Today",244000
"video19_245000","video19","Innovation and Technology Today",245000
"video19_246000","video19","Innovation and Technology Today",246000
"video19_247000","video19","Innovation and Technology Today",247000
"video19_248000","video19","Innovation and Technology Today",248000
"video19_249000","video19","Innovation and Technology Today",249000
"video19_250000","video19","Innovation and Technology Today",250000
"video19_251000","video19","Innovation and Technology Today",251000
"video19_252000","video19","Innovation and Technology Today",252000
"video19_253000","video19","Innovation and Technology Today",253000
"video19_254000","video19","Innovation and Technology Today",254000
"video19_255000","video19","Innovation and Technology Today",255000
"video19_256000","video19","Innovation and Technology Today",256000
"video19_257000","video19","Innovation and Technology Today",257000
"video19_258000","video19","Innovation and Technology Today",258000
"video19_259000","video19","Innovation and Technology Today",259000
"video19_260000","video19","Innovation and Technology Today",260000
"video19_261000","video19","Innovation and Technology Today",261000
"video19_262000","video19","Innovation and Technology Today",262000
"video19_263000","video19","Innovation and Technology Today",263000
"video19_264000","video19","Innovation and Technology Today",264000
"video19_265000","video19","Innovation and Technology Today",265000
"video19_266000","video19","Innovation and Technology Today",266000
"video19_267000","video19","Innovation and Technology Today",267000
"video19_268000","video19","Innovation and Technology Today",268000
"video19_269000","video19","Innovation and Technology Today",269000
"video19_270000","video19","Innovation and Technology Today",270000
"video19_271000","video19","Innovation and Technology Today",271000
"video19_272000","video19","Innovation and Technology Today",272000
"video19_273000","video19","Innovation and Technology Today",273000
"video19_274000","video19","Innovation and Technology Today",274000
"video19_275000","video19","Innovation and Technology Today",275000
"video19_276000","video19","Innovation and Technology Today",276000
"video19_277000","video19","Innovation and Technology Today",277000
"video19_278000","video19","Innovation and Technology Today",278000
"video19_279000","video19","Innovation and Technology Today",279000
"video19_280000","video19","Innovation and Technology Today",280000
"video19_281000","video19","Innovation and Technology Today",281000
"video19_282000","video19","Innovation and Technology Today",282000
"video19_283000","video19","Innovation and Technology Today",283000
"video19_284000","video19","Innovation and Technology Today",284000
"video19_285000","video19","Innovation and Technology Today",285000
"video19_286000","video19","Innovation and Technology Today",286000
"video19_287000","video19","Innovation and Technology Today",287000
"video19_288000","video19","Innovation and Technology Today",288000
"video19_289000","video19","Innovation and Technology Today",289000
"video19_290000","video19","Innovation and Technology Today",290000
"video19_291000","video19","Innovation and Technology Today",291000
"video19_292000","video19","Innovation and Technology Today",292000
"video19_293000","video19","Innovation and Technology Today",293000
"video19_294000","video19","Innovation and Technology Today",294000
"video19_295000","video19","Innovation and Technology Today",295000
"video19_296000","video19","Innovation and Technology Today",296000
"video19_297000","video19","Innovation and Technology Today",297000
"video19_298000","video19","Innovation and Technology Today",298000
"video19_299000","video19","Innovation and Technology Today",299000
"video19_300000","video19","Innovation and Technology Today",300000
"video19_301000","video19","Innovation and Technology Today",301000
"video19_302000","video19","Innovation and Technology Today",302000
"video19_303000","video19","Innovation and Technology Today",303000
"video19_304000","video19","Innovation and Technology Today",304000
"video19_305000","video19","Innovation and Technology Today",305000
"video19_306000","video19","Innovation and Technology Today",306000
"video19_307000","video19","Innovation and Technology Today",307000
"video19_308000","video19","Innovation and Technology Today",308000
"video19_309000","video19","Innovation and Technology Today",309000
"video19_310000","video19","Innovation and Technology Today",310000
"video19_311000","video19","Innovation and Technology Today",311000
"video19_312000","video19","Innovation and Technology Today",312000
"video19_313000","video19","Innovation and Technology Today",313000
"video19_314000","video19","Innovation and Technology Today",314000
"video19_315000","video19","Innovation and Technology Today",315000
"video19_316000","video19","Innovation and Technology Today",316000
"video19_317000","video19","Innovation and Technology Today",317000
"video19_318000","video19","Innovation and Technology Today",318000
"video19_319000","video19","Innovation and Technology Today",319000
"video19_320000","video19","Innovation and Technology Today",320000
"video19_321000","video19","Innovation and Technology Today",321000
"video19_322000","video19","Innovation and Technology Today",322000
"video19_323000","video19","Innovation and Technology Today",323000
"video19_324000","video19","Innovation and Technology Today",324000
"video19_325000","video19","Innovation and Technology Today",325000
"video19_326000","video19","Innovation and Technology Today",326000
"video19_327000","video19","Innovation and Technology Today",327000
"video19_328000","video19","Innovation and Technology Today",328000
"video19_329000","video19","Innovation and Technology Today",329000
"video19_330000","video19","Innovation and Technology Today",330000
"video19_331000","video19","Innovation and Technology Today",331000
"video19_332000","video19","Innovation and Technology Today",332000
"video19_333000","video19","Innovation and Technology Today",333000
"video19_334000","video19","Innovation and Technology Today",334000
"video19_335000","video19","Innovation and Technology Today",335000
"video19_336000","video19","Innovation and Technology Today",336000
"video19_337000","video19","Innovation and Technology Today",337000
"video19_338000","video19","Innovation and Technology Today",338000
"video19_339000","video19","Innovation and Technology Today",339000
"video19_340000","video19","Innovation and Technology Today",340000
"video19_341000","video19","Innovation and Technology Today",341000
"video19_342000","video19","Innovation and Technology Today",342000
"video19_343000","video19","Innovation and Technology Today",343000
"video19_344000","video19","Innovation and Technology Today",344000
"video19_345000","video19","Innovation and Technology Today",345000
"video19_346000","video19","Innovation and Technology Today",346000
"video19_347000","video19","Innovation and Technology Today",347000
"video19_348000","video19","Innovation and Technology Today",348000
"video19_349000","video19","Innovation and Technology Today",349000
"video19_350000","video19","Innovation and Technology Today",350000
"video19_351000","video19","Innovation and Technology Today",351000
"video19_352000","video19","Innovation and Technology Today",352000
"video19_353000","video19","Innovation and Technology Today",353000
"video19_354000","video19","Innovation and Technology Today",354000
"video19_355000","video19","Innovation and Technology Today",355000
"video19_356000","video19","Innovation and Technology Today",356000
"video19_357000","video19","Innovation and Technology Today",357000
"video19_358000","video19","Innovation and Technology Today",358000
"video19_359000","video19","Innovation and Technology Today",359000
"video19_360000","video19","Innovation and Technology Today",360000
"video19_361000","video19","Innovation and Technology Today",361000
"video19_362000","video19","Innovation and Technology Today",362000
"video19_363000","video19","Innovation and Technology Today",363000
"video19_364000","video19","Innovation and Technology Today",364000
"video19_365000","video19","Innovation and Technology Today",365000
"video19_366000","video19","Innovation and Technology Today",366000
"video19_367000","video19","Innovation and Technology Today",367000
"video19_368000","video19","Innovation and Technology Today",368000
"video19_369000","video19","Innovation and Technology Today",369000
"video19_370000","video19","Innovation and Technology Today",370000
"video19_371000","video19","Innovation and Technology Today",371000
"video19_372000","video19","Innovation and Technology Today",372000
"video19_373000","video19","Innovation and Technology Today",373000
"video19_374000","video19","Innovation and Technology Today",374000
"video19_375000","video19","Innovation and Technology Today",375000
"video19_376000","video19","Innovation and Technology Today",376000
"video19_377000","video19","Innovation and Technology Today",377000
"video19_378000","video19","Innovation and Technology Today",378000
"video19_379000","video19","Innovation and Technology Today",379000
"video19_380000","video19","Innovation and Technology Today",380000
"video19_381000","video19","Innovation and Technology Today",381000
"video19_382000","video19","Innovation and Technology Today",382000
"video19_383000","video19","Innovation and Technology Today",383000
"video19_384000","video19","Innovation and Technology Today",384000
"video19_385000","video19","Innovation and Technology Today",385000
"video19_386000","video19","Innovation and Technology Today",386000
"video19_387000","video19","Innovation and Technology Today",387000
"video19_388000","video19","Innovation and Technology Today",388000
"video19_389000","video19","Innovation and Technology Today",389000
"video19_390000","video19","Innovation and Technology Today",390000
"video19_391000","video19","Innovation and Technology Today",391000
"video19_392000","video19","Innovation and Technology Today",392000
"video19_393000","video19","Innovation and Technology Today",393000
"video19_394000","video19","Innovation and Technology Today",394000
"video19_395000","video19","Innovation and Technology Today",395000
"video19_396000","video19","Innovation and Technology Today",396000
"video19_397000","video19","Innovation and Technology Today",397000
"video19_398000","video19","Innovation and Technology Today",398000
"video19_399000","video19","Innovation and Technology Today",399000
"video19_400000","video19","Innovation and Technology Today",400000
"video19_401000","video19","Innovation and Technology Today",401000
"video19_402000","video19","Innovation and Technology Today",402000
"video19_403000","video19","Innovation and Technology Today",403000
"video19_404000","video19","Innovation and Technology Today",404000
"video19_405000","video19","Innovation and Technology Today",405000
"video19_406000","video19","Innovation and Technology Today",406000
"video19_407000","video19","Innovation and Technology Today",407000
"video19_408000","video19","Innovation and Technology Today",408000
"video19_409000","video19","Innovation and Technology Today",409000
"video19_410000","video19","Innovation and Technology Today",410000
"video19_411000","video19","Innovation and Technology Today",411000
"video19_412000","video19","Innovation and Technology Today",412000
"video19_413000","video19","Innovation and Technology Today",413000
"video19_414000","video19","Innovation and Technology Today",414000
"video19_415000","video19","Innovation and Technology Today",415000
"video19_416000","video19","Innovation and Technology Today",416000
"video19_417000","video19","Innovation and Technology Today",417000
"video19_418000","video19","Innovation and Technology Today",418000
"video19_419000","video19","Innovation and Technology Today",419000
"video19_420000","video19","Innovation and Technology Today",420000
"video19_421000","video19","Innovation and Technology Today",421000
"video19_422000","video19","Innovation and Technology Today",422000
"video19_423000","video19","Innovation and Technology Today",423000
"video19_424000","video19","Innovation and Technology Today",424000
"video19_425000","video19","Innovation and Technology Today",425000
"video19_426000","video19","Innovation and Technology Today",426000
"video19_427000","video19","Innovation and Technology Today",427000
"video19_428000","video19","Innovation and Technology Today",428000
"video19_429000","video19","Innovation and Technology Today",429000
"video19_430000","video19","Innovation and Technology Today",430000
"video19_431000","video19","Innovation and Technology Today",431000
"video19_432000","video19","Innovation and Technology Today",432000
"video19_433000","video19","Innovation and Technology Today",433000
"video19_434000","video19","Innovation and Technology Today",434000
"video19_435000","video19","Innovation and Technology Today",435000
"video19_436000","video19","Innovation and Technology Today",436000
"video19_437000","video19","Innovation and Technology Today",437000
"video19_438000","video19","Innovation and Technology Today",438000
"video20_0","video20","Mysteries of Ancient Egypt",0
"video20_1000","video20","Mysteries of Ancient Egypt",1000
"video20_2000","video20","Mysteries of Ancient Egypt",2000
"video20_3000","video20","Mysteries of Ancient Egypt",3000
"video20_4000","video20","Mysteries of Ancient Egypt",4000
"video20_5000","video20","Mysteries of Ancient Egypt",5000
"video20_6000","video20","Mysteries of Ancient Egypt",6000
"video20_7000","video20","Mysteries of Ancient Egypt",7000
"video20_8000","video20","Mysteries of Ancient Egypt",8000
"video20_9000","video20","Mysteries of Ancient Egypt",9000
"video20_10000","video20","Mysteries of Ancient Egypt",10000
"video20_11000","video20","Mysteries of Ancient Egypt",11000
"video20_12000","video20","Mysteries of Ancient Egypt",12000
"video20_13000","video20","Mysteries of Ancient Egypt",13000
"video20_14000","video20","Mysteries of Ancient Egypt",14000
"video20_15000","video20","Mysteries of Ancient Egypt",15000
"video20_16000","video20","Mysteries of Ancient Egypt",16000
"video20_17000","video20","Mysteries of Ancient Egypt",17000
"video20_18000","video20","Mysteries of Ancient Egypt",18000
"video20_19000","video20","Mysteries of Ancient Egypt",19000
"video20_20000","video20","Mysteries of Ancient Egypt",20000
"video20_21000","video20","Mysteries of Ancient Egypt",21000
"video20_22000","video20","Mysteries of Ancient Egypt",22000
"video20_23000","video20","Mysteries of Ancient Egypt",23000
"video20_24000","video20","Mysteries of Ancient Egypt",24000
"video20_25000","video20","Mysteries of Ancient Egypt",25000
"video20_26000","video20","Mysteries of Ancient Egypt",26000
"video20_27000","video20","Mysteries of Ancient Egypt",27000
"video20_28000","video20","Mysteries of Ancient Egypt",28000
"video20_29000","video20","Mysteries of Ancient Egypt",29000
"video20_30000","video20","Mysteries of Ancient Egypt",30000
"video20_31000","video20","Mysteries of Ancient Egypt",31000
"video20_32000","video20","Mysteries of Ancient Egypt",32000
"video20_33000","video20","Mysteries of Ancient Egypt",33000
"video20_34000","video20","Mysteries of Ancient Egypt",34000
"video20_35000","video20","Mysteries of Ancient Egypt",35000
"video20_36000","video20","Mysteries of Ancient Egypt",36000
"video20_37000","video20","Mysteries of Ancient Egypt",37000
"video20_38000","video20","Mysteries of Ancient Egypt",38000
"video20_39000","video20","Mysteries of Ancient Egypt",39000
"video20_40000","video20","Mysteries of Ancient Egypt",40000
"video20_41000","video20","Mysteries of Ancient Egypt",41000
"video20_42000","video20","Mysteries of Ancient Egypt",42000
"video20_43000","video20","Mysteries of Ancient Egypt",43000
"video20_44000","video20","Mysteries of Ancient Egypt",44000
"video20_45000","video20","Mysteries of Ancient Egypt",45000
"video20_46000","video20","Mysteries of Ancient Egypt",46000
"video20_47000","video20","Mysteries of Ancient Egypt",47000
"video20_48000","video20","Mysteries of Ancient Egypt",48000
"video20_49000","video20","Mysteries of Ancient Egypt",49000
"video20_50000","video20","Mysteries of Ancient Egypt",50000
"video20_51000","video20","Mysteries of Ancient Egypt",51000
"video20_52000","video20","Mysteries of Ancient Egypt",52000
"video20_53000","video20","Mysteries of Ancient Egypt",53000
"video20_54000","video20","Mysteries of Ancient Egypt",54000
"video20_55000","video20","Mysteries of Ancient Egypt",55000
"video20_56000","video20","Mysteries of Ancient Egypt",56000
"video20_57000","video20","Mysteries of Ancient Egypt",57000
"video20_58000","video20","Mysteries of Ancient Egypt",58000
"video20_59000","video20","Mysteries of Ancient Egypt",59000
"video20_60000","video20","Mysteries of Ancient Egypt",60000
"video20_61000","video20","Mysteries of Ancient Egypt",61000
"video20_62000","video20","Mysteries of Ancient Egypt",62000
"video20_63000","video20","Mysteries of Ancient Egypt",63000
"video20_64000","video20","Mysteries of Ancient Egypt",64000
"video20_65000","video20","Mysteries of Ancient Egypt",65000
"video20_66000","video20","Mysteries of Ancient Egypt",66000
"video20_67000","video20","Mysteries of Ancient Egypt",67000
"video20_68000","video20","Mysteries of Ancient Egypt",68000
"video20_69000","video20","Mysteries of Ancient Egypt",69000
"video20_70000","video20","Mysteries of Ancient Egypt",70000
"video20_71000","video20","Mysteries of Ancient Egypt",71000
"video20_72000","video20","Mysteries of Ancient Egypt",72000
"video20_73000","video20","Mysteries of Ancient Egypt",73000
"video20_74000","video20","Mysteries of Ancient Egypt",74000
"video20_75000","video20","Mysteries of Ancient Egypt",75000
"video20_76000","video20","Mysteries of Ancient Egypt",76000
"video20_77000","video20","Mysteries of Ancient Egypt",77000
"video20_78000","video20","Mysteries of Ancient Egypt",78000
"video20_79000","video20","Mysteries of Ancient Egypt",79000
"video20_80000","video20","Mysteries of Ancient Egypt",80000
"video20_81000","video20","Mysteries of Ancient Egypt",81000
"video20_82000","video20","Mysteries of Ancient Egypt",82000
"video20_83000","video20","Mysteries of Ancient Egypt",83000
"video20_84000","video20","Mysteries of Ancient Egypt",84000
"video20_85000","video20","Mysteries of Ancient Egypt",85000
"video20_86000","video20","Mysteries of Ancient Egypt",86000
"video20_87000","video20","Mysteries of Ancient Egypt",87000
"video20_88000","video20","Mysteries of Ancient Egypt",88000
"video20_89000","video20","Mysteries of Ancient Egypt",89000
"video21_0","video21","Inside the Human Mind",0
"video21_1000","video21","Inside the Human Mind",1000
"video21_2000","video21","Inside the Human Mind",2000
"video21_3000","video21","Inside the Human Mind",3000
"video21_4000","video21","Inside the Human Mind",4000
"video21_5000","video21","Inside the Human Mind",5000
"video21_6000","video21","Inside the Human Mind",6000
"video21_7000","video21","Inside the Human Mind",7000
"video21_8000","video21","Inside the Human Mind",8000
"video21_9000","video21","Inside the Human Mind",9000
"video21_10000","video21","Inside the Human Mind",10000
"video21_11000","video21","Inside the Human Mind",11000
"video21_12000","video21","Inside the Human Mind",12000
"video21_13000","video21","Inside the Human Mind",13000
"video21_14000","video21","Inside the Human Mind",14000
"video21_15000","video21","Inside the Human Mind",15000
"video21_16000","video21","Inside the Human Mind",16000
"video21_17000","video21","Inside the Human Mind",17000
"video21_18000","video21","Inside the Human Mind",18000
"video21_19000","video21","Inside the Human Mind",19000
"video21_20000","video21","Inside the Human Mind",20000
"video21_21000","video21","Inside the Human Mind",21000
"video21_22000","video21","Inside the Human Mind",22000
"video21_23000","video21","Inside the Human Mind",23000
"video21_24000","video21","Inside the Human Mind",24000
"video21_25000","video21","Inside the Human Mind",25000
"video21_26000","video21","Inside the Human Mind",26000
"video21_27000","video21","Inside the Human Mind",27000
"video21_28000","video21","Inside the Human Mind",28000
"video21_29000","video21","Inside the Human Mind",29000
"video21_30000","video21","Inside the Human Mind",30000
"video21_31000","video21","Inside the Human Mind",31000
"video21_32000","video21","Inside the Human Mind",32000
"video21_33000","video21","Inside the Human Mind",33000
"video21_34000","video21","Inside the Human Mind",34000
"video21_35000","video21","Inside the Human Mind",35000
"video21_36000","video21","Inside the Human Mind",36000
"video21_37000","video21","Inside the Human Mind",37000
"video21_38000","video21","Inside the Human Mind",38000
"video21_39000","video21","Inside the Human Mind",39000
"video21_40000","video21","Inside the Human Mind",40000
"video21_41000","video21","Inside the Human Mind",41000
"video21_42000","video21","Inside the Human Mind",42000
"video21_43000","video21","Inside the Human Mind",43000
"video21_44000","video21","Inside the Human Mind",44000
"video21_45000","video21","Inside the Human Mind",45000
"video21_46000","video21","Inside the Human Mind",46000
"video21_47000","video21","Inside the Human Mind",47000
"video21_48000","video21","Inside the Human Mind",48000
"video21_49000","video21","Inside the Human Mind",49000
"video21_50000","video21","Inside the Human Mind",50000
"video21_51000","video21","Inside the Human Mind",51000
"video21_52000","video21","Inside the Human Mind",52000
"video21_53000","video21","Inside the Human Mind",53000
"video21_54000","video21","Inside the Human Mind",54000
"video21_55000","video21","Inside the Human Mind",55000
"video21_56000","video21","Inside the Human Mind",56000
"video21_57000","video21","Inside the Human Mind",57000
"video21_58000","video21","Inside the Human Mind",58000
"video21_59000","video21","Inside the Human Mind",59000
"video21_60000","video21","Inside the Human Mind",60000
"video21_61000","video21","Inside the Human Mind",61000
"video21_62000","video21","Inside the Human Mind",62000
"video21_63000","video21","Inside the Human Mind",63000
"video21_64000","video21","Inside the Human Mind",64000
"video21_65000","video21","Inside the Human Mind",65000
"video21_66000","video21","Inside the Human Mind",66000
"video21_67000","video21","Inside the Human Mind",67000
"video21_68000","video21","Inside the Human Mind",68000
"video21_69000","video21","Inside the Human Mind",69000
"video21_70000","video21","Inside the Human Mind",70000
"video21_71000","video21","Inside the Human Mind",71000
"video21_72000","video21","Inside the Human Mind",72000
"video21_73000","video21","Inside the Human Mind",73000
"video21_74000","video21","Inside the Human Mind",74000
"video21_75000","video21","Inside the Human Mind",75000
"video21_76000","video21","Inside the Human Mind",76000
"video21_77000","video21","Inside the Human Mind",77000
"video21_78000","video21","Inside the Human Mind",78000
"video21_79000","video21","Inside the Human Mind",79000
"video21_80000","video21","Inside the Human Mind",80000
"video21_81000","video21","Inside the Human Mind",81000
"video21_82000","video21","Inside the Human Mind",82000
"video21_83000","video21","Inside the Human Mind",83000
"video21_84000","video21","Inside the Human Mind",84000
"video21_85000","video21","Inside the Human Mind",85000
"video21_86000","video21","Inside the Human Mind",86000
"video21_87000","video21","Inside the Human Mind",87000
"video21_88000","video21","Inside the Human Mind",88000
"video21_89000","video21","Inside the Human Mind",89000
"video21_90000","video21","Inside the Human Mind",90000
"video21_91000","video21","Inside the Human Mind",91000
"video21_92000","video21","Inside the Human Mind",92000
"video21_93000","video21","Inside the Human Mind",93000
"video21_94000","video21","Inside the Human Mind",94000
"video21_95000","video21","Inside the Human Mind",95000
"video21_96000","video21","Inside the Human Mind",96000
"video21_97000","video21","Inside the Human Mind",97000
"video21_98000","video21","Inside the Human Mind",98000
"video21_99000","video21","Inside the Human Mind",99000
"video21_100000","video21","Inside the Human Mind",100000
"video21_101000","video21","Inside the Human Mind",101000
"video21_102000","video21","Inside the Human Mind",102000
"video21_103000","video21","Inside the Human Mind",103000
"video21_104000","video21","Inside the Human Mind",104000
"video21_105000","video21","Inside the Human Mind",105000
"video21_106000","video21","Inside the Human Mind",106000
"video21_107000","video21","Inside the Human Mind",107000
"video21_108000","video21","Inside the Human Mind",108000
"video21_109000","video21","Inside the Human Mind",109000
"video21_110000","video21","Inside the Human Mind",110000
"video21_111000","video21","Inside the Human Mind",111000
"video21_112000","video21","Inside the Human Mind",112000
"video21_113000","video21","Inside the Human Mind",113000
"video21_114000","video21","Inside the Human Mind",114000
"video21_115000","video21","Inside the Human Mind",115000
"video21_116000","video21","Inside the Human Mind",116000
"video21_117000","video21","Inside the Human Mind",117000
"video21_118000","video21","Inside the Human Mind",118000
"video21_119000","video21","Inside the Human Mind",119000
"video21_120000","video21","Inside the Human Mind",120000
"video21_121000","video21","Inside the Human Mind",121000
"video21_122000","video21","Inside the Human Mind",122000
"video21_123000","video21","Inside the Human Mind",123000
"video21_124000","video21","Inside the Human Mind",124000
"video21_125000","video21","Inside the Human Mind",125000
"video21_126000","video21","Inside the Human Mind",126000
"video21_127000","video21","Inside the Human Mind",127000
"video21_128000","video21","Inside the Human Mind",128000
"video21_129000","video21","Inside the Human Mind",129000
"video21_130000","video21","Inside the Human Mind",130000
"video21_131000","video21","Inside the Human Mind",131000
"video21_132000","video21","Inside the Human Mind",132000
"video21_133000","video21","Inside the Human Mind",133000
"video21_134000","video21","Inside the Human Mind",134000
"video21_135000","video21","Inside the Human Mind",135000
"video21_136000","video21","Inside the Human Mind",136000
"video21_137000","video21","Inside the Human Mind",137000
"video21_138000","video21","Inside the Human Mind",138000
"video21_139000","video21","Inside the Human Mind",139000
"video21_140000","video21","Inside the Human Mind",140000
"video21_141000","video21","Inside the Human Mind",141000
"video21_142000","video21","Inside the Human Mind",142000
"video21_143000","video21","Inside the Human Mind",143000
"video21_144000","video21","Inside the Human Mind",144000
"video21_145000","video21","Inside the Human Mind",145000
"video21_146000","video21","Inside the Human Mind",146000
"video21_147000","video21","Inside the Human Mind",147000
"video21_148000","video21","Inside the Human Mind",148000
"video21_149000","video21","Inside the Human Mind",149000
"video21_150000","video21","Inside the Human Mind",150000
"video21_151000","video21","Inside the Human Mind",151000
"video21_152000","video21","Inside the Human Mind",152000
"video21_153000","video21","Inside the Human Mind",153000
"video21_154000","video21","Inside the Human Mind",154000
"video21_155000","video21","Inside the Human Mind",155000
"video21_156000","video21","Inside the Human Mind",156000
"video21_157000","video21","Inside the Human Mind",157000
"video21_158000","video21","Inside the Human Mind",158000
"video21_159000","video21","Inside the Human Mind",159000
"video21_160000","video21","Inside the Human Mind",160000
"video21_161000","video21","Inside the Human Mind",161000
"video21_162000","video21","Inside the Human Mind",162000
"video21_163000","video21","Inside the Human Mind",163000
"video21_164000","video21","Inside the Human Mind",164000
"video21_165000","video21","Inside the Human Mind",165000
"video21_166000","video21","Inside the Human Mind",166000
"video21_167000","video21","Inside the Human Mind",167000
"video21_168000","video21","Inside the Human Mind",168000
"video21_169000","video21","Inside the Human Mind",169000
"video21_170000","video21","Inside the Human Mind",170000
"video21_171000","video21","Inside the Human Mind",171000
"video21_172000","video21","Inside the Human Mind",172000
"video21_173000","video21","Inside the Human Mind",173000
"video21_174000","video21","Inside the Human Mind",174000
"video21_175000","video21","Inside the Human Mind",175000
"video21_176000","video21","Inside the Human Mind",176000
"video21_177000","video21","Inside the Human Mind",177000
"video21_178000","video21","Inside the Human Mind",178000
"video21_179000","video21","Inside the Human Mind",179000
"video21_180000","video21","Inside the Human Mind",180000
"video21_181000","video21","Inside the Human Mind",181000
"video21_182000","video21","Inside the Human Mind",182000
"video21_183000","video21","Inside the Human Mind",183000
"video21_184000","video21","Inside the Human Mind",184000
"video21_185000","video21","Inside the Human Mind",185000
"video21_186000","video21","Inside the Human Mind",186000
"video21_187000","video21","Inside the Human Mind",187000
"video21_188000","video21","Inside the Human Mind",188000
"video21_189000","video21","Inside the Human Mind",189000
"video21_190000","video21","Inside the Human Mind",190000
"video21_191000","video21","Inside the Human Mind",191000
"video21_192000","video21","Inside the Human Mind",192000
"video21_193000","video21","Inside the Human Mind",193000
"video21_194000","video21","Inside the Human Mind",194000
"video21_195000","video21","Inside the Human Mind",195000
"video21_196000","video21","Inside the Human Mind",196000
"video21_197000","video21","Inside the Human Mind",197000
"video21_198000","video21","Inside the Human Mind",198000
"video21_199000","video21","Inside the Human Mind",199000
"video21_200000","video21","Inside the Human Mind",200000
"video21_201000","video21","Inside the Human Mind",201000
"video21_202000","video21","Inside the Human Mind",202000
"video21_203000","video21","Inside the Human Mind",203000
"video21_204000","video21","Inside the Human Mind",204000
"video21_205000","video21","Inside the Human Mind",205000
"video21_206000","video21","Inside the Human Mind",206000
"video21_207000","video21","Inside the Human Mind",207000
"video21_208000","video21","Inside the Human Mind",208000
"video21_209000","video21","Inside the Human Mind",209000
"video21_210000","video21","Inside the Human Mind",210000
"video21_211000","video21","Inside the Human Mind",211000
"video21_212000","video21","Inside the Human Mind",212000
"video21_213000","video21","Inside the Human Mind",213000
"video21_214000","video21","Inside the Human Mind",214000
"video21_215000","video21","Inside the Human Mind",215000
"video21_216000","video21","Inside the Human Mind",216000
"video21_217000","video21","Inside the Human Mind",217000
"video21_218000","video21","Inside the Human Mind",218000
"video21_219000","video21","Inside the Human Mind",219000
"video21_220000","video21","Inside the Human Mind",220000
"video21_221000","video21","Inside the Human Mind",221000
"video21_222000","video21","Inside the Human Mind",222000
"video21_223000","video21","Inside the Human Mind",223000
"video21_224000","video21","Inside the Human Mind",224000
"video21_225000","video21","Inside the Human Mind",225000
"video21_226000","video21","Inside the Human Mind",226000
"video21_227000","video21","Inside the Human Mind",227000
"video21_228000","video21","Inside the Human Mind",228000
"video21_229000","video21","Inside the Human Mind",229000
"video21_230000","video21","Inside the Human Mind",230000
"video21_231000","video21","Inside the Human Mind",231000
"video21_232000","video21","Inside the Human Mind",232000
"video21_233000","video21","Inside the Human Mind",233000
"video21_234000","video21","Inside the Human Mind",234000
"video21_235000","video21","Inside the Human Mind",235000
"video21_236000","video21","Inside the Human Mind",236000
"video21_237000","video21","Inside the Human Mind",237000
"video21_238000","video21","Inside the Human Mind",238000
"video22_0","video22","Beautiful World Music",0
"video22_1000","video22","Beautiful World Music",1000
"video22_2000","video22","Beautiful World Music",2000
"video22_3000","video22","Beautiful World Music",3000
"video22_4000","video22","Beautiful World Music",4000
"video22_5000","video22","Beautiful World Music",5000
"video22_6000","video22","Beautiful World Music",6000
"video22_7000","video22","Beautiful World Music",7000
"video22_8000","video22","Beautiful World Music",8000
"video22_9000","video22","Beautiful World Music",9000
"video22_10000","video22","Beautiful World Music",10000
"video22_11000","video22","Beautiful World Music",11000
"video22_12000","video22","Beautiful World Music",12000
"video22_13000","video22","Beautiful World Music",13000
"video22_14000","video22","Beautiful World Music",14000
"video22_15000","video22","Beautiful World Music",15000
"video22_16000","video22","Beautiful World Music",16000
"video22_17000","video22","Beautiful World Music",17000
"video22_18000","video22","Beautiful World Music",18000
"video22_19000","video22","Beautiful World Music",19000
"video22_20000","video22","Beautiful World Music",20000
"video22_21000","video22","Beautiful World Music",21000
"video22_22000","video22","Beautiful World Music",22000
"video22_23000","video22","Beautiful World Music",23000
"video22_24000","video22","Beautiful World Music",24000
"video22_25000","video22","Beautiful World Music",25000
"video22_26000","video22","Beautiful World Music",26000
"video22_27000","video22","Beautiful World Music",27000
"video22_28000","video22","Beautiful World Music",28000
"video22_29000","video22","Beautiful World Music",29000
"video22_30000","video22","Beautiful World Music",30000
"video22_31000","video22","Beautiful World Music",31000
"video22_32000","video22","Beautiful World Music",32000
"video22_33000","video22","Beautiful World Music",33000
"video22_34000","video22","Beautiful World Music",34000
"video22_35000","video22","Beautiful World Music",35000
"video22_36000","video22","Beautiful World Music",36000
"video22_37000","video22","Beautiful World Music",37000
"video22_38000","video22","Beautiful World Music",38000
"video22_39000","video22","Beautiful World Music",39000
"video22_40000","video22","Beautiful World Music",40000
"video22_41000","video22","Beautiful World Music",41000
"video22_42000","video22","Beautiful World Music",42000
"video22_43000","video22","Beautiful World Music",43000
"video22_44000","video22","Beautiful World Music",44000
"video22_45000","video22","Beautiful World Music",45000
"video22_46000","video22","Beautiful World Music",46000
"video22_47000","video22","Beautiful World Music",47000
"video22_48000","video22","Beautiful World Music",48000
"video22_49000","video22","Beautiful World Music",49000
"video22_50000","video22","Beautiful World Music",50000
"video22_51000","video22","Beautiful World Music",51000
"video22_52000","video22","Beautiful World Music",52000
"video22_53000","video22","Beautiful World Music",53000
"video22_54000","video22","Beautiful World Music",54000
"video22_55000","video22","Beautiful World Music",55000
"video22_56000","video22","Beautiful World Music",56000
"video22_57000","video22","Beautiful World Music",57000
"video22_58000","video22","Beautiful World Music",58000
"video22_59000","video22","Beautiful World Music",59000
"video22_60000","video22","Beautiful World Music",60000
"video22_61000","video22","Beautiful World Music",61000
"video22_62000","video22","Beautiful World Music",62000
"video22_63000","video22","Beautiful World Music",63000
"video22_64000","video22","Beautiful World Music",64000
"video22_65000","video22","Beautiful World Music",65000
"video22_66000","video22","Beautiful World Music",66000
"video22_67000","video22","Beautiful World Music",67000
"video22_68000","video22","Beautiful World Music",68000
"video22_69000","video22","Beautiful World Music",69000
"video22_70000","video22","Beautiful World Music",70000
"video22_71000","video22","Beautiful World Music",71000
"video22_72000","video22","Beautiful World Music",72000
"video22_73000","video22","Beautiful World Music",73000
"video22_74000","video22","Beautiful World Music",74000
"video22_75000","video22","Beautiful World Music",75000
"video22_76000","video22","Beautiful World Music",76000
"video22_77000","video22","Beautiful World Music",77000
"video22_78000","video22","Beautiful World Music",78000
"video22_79000","video22","Beautiful World Music",79000
"video22_80000","video22","Beautiful World Music",80000
"video22_81000","video22","Beautiful World Music",81000
"video22_82000","video22","Beautiful World Music",82000
"video22_83000","video22","Beautiful World Music",83000
"video22_84000","video22","Beautiful World Music",84000
"video22_85000","video22","Beautiful World Music",85000
"video22_86000","video22","Beautiful World Music",86000
"video22_87000","video22","Beautiful World Music",87000
"video22_88000","video22","Beautiful World Music",88000
"video22_89000","video22","Beautiful World Music",89000
"video22_90000","video22","Beautiful World Music",90000
"video22_91000","video22","Beautiful World Music",91000
"video22_92000","video22","Beautiful World Music",92000
"video22_93000","video22","Beautiful World Music",93000
"video22_94000","video22","Beautiful World Music",94000
"video22_95000","video22","Beautiful World Music",95000
"video22_96000","video22","Beautiful World Music",96000
"video22_97000","video22","Beautiful World Music",97000
"video22_98000","video22","Beautiful World Music",98000
"video22_99000","video22","Beautiful World Music",99000
"video22_100000","video22","Beautiful World Music",100000
"video22_101000","video22","Beautiful World Music",101000
"video22_102000","video22","Beautiful World Music",102000
"video22_103000","video22","Beautiful World Music",103000
"video22_104000","video22","Beautiful World Music",104000
"video22_105000","video22","Beautiful World Music",105000
"video22_106000","video22","Beautiful World Music",106000
"video22_107000","video22","Beautiful World Music",107000
"video22_108000","video22","Beautiful World Music",108000
"video22_109000","video22","Beautiful World Music",109000
"video22_110000","video22","Beautiful World Music",110000
"video22_111000","video22","Beautiful World Music",111000
"video22_112000","video22","Beautiful World Music",112000
"video22_113000","video22","Beautiful World Music",113000
"video22_114000","video22","Beautiful World Music",114000
"video22_115000","video22","Beautiful World Music",115000
"video22_116000","video22","Beautiful World Music",116000
"video22_117000","video22","Beautiful World Music",117000
"video22_118000","video22","Beautiful World Music",118000
"video22_119000","video22","Beautiful World Music",119000
"video22_120000","video22","Beautiful World Music",120000
"video22_121000","video22","Beautiful World Music",121000
"video22_122000","video22","Beautiful World Music",122000
"video22_123000","video22","Beautiful World Music",123000
"video22_124000","video22","Beautiful World Music",124000
"video22_125000","video22","Beautiful World Music",125000
"video22_126000","video22","Beautiful World Music",126000
"video22_127000","video22","Beautiful World Music",127000
"video22_128000","video22","Beautiful World Music",128000
"video22_129000","video22","Beautiful World Music",129000
"video22_130000","video22","Beautiful World Music",130000
"video22_131000","video22","Beautiful World Music",131000
"video22_132000","video22","Beautiful World Music",132000
"video22_133000","video22","Beautiful World Music",133000
"video22_134000","video22","Beautiful World Music",134000
"video22_135000","video22","Beautiful World Music",135000
"video22_136000","video22","Beautiful World Music",136000
"video22_137000","video22","Beautiful World Music",137000
"video22_138000","video22","Beautiful World Music",138000
"video22_139000","video22","Beautiful World Music",139000
"video22_140000","video22","Beautiful World Music",140000
"video22_141000","video22","Beautiful World Music",141000
"video22_142000","video22","Beautiful World Music",142000
"video22_143000","video22","Beautiful World Music",143000
"video22_144000","video22","Beautiful World Music",144000
"video22_145000","video22","Beautiful World Music",145000
"video22_146000","video22","Beautiful World Music",146000
"video22_147000","video22","Beautiful World Music",147000
"video22_148000","video22","Beautiful World Music",148000
"video22_149000","video22","Beautiful World Music",149000
"video22_150000","video22","Beautiful World Music",150000
"video22_151000","video22","Beautiful World Music",151000
"video22_152000","video22","Beautiful World Music",152000
"video22_153000","video22","Beautiful World Music",153000
"video22_154000","video22","Beautiful World Music",154000
"video22_155000","video22","Beautiful World Music",155000
"video22_156000","video22","Beautiful World Music",156000
"video22_157000","video22","Beautiful World Music",157000
"video22_158000","video22","Beautiful World Music",158000
"video22_159000","video22","Beautiful World Music",159000
"video22_160000","video22","Beautiful World Music",160000
"video22_161000","video22","Beautiful World Music",161000
"video22_162000","video22","Beautiful World Music",162000
"video22_163000","video22","Beautiful World Music",163000
"video22_164000","video22","Beautiful World Music",164000
"video22_165000","video22","Beautiful World Music",165000
"video22_166000","video22","Beautiful World Music",166000
"video22_167000","video22","Beautiful World Music",167000
"video22_168000","video22","Beautiful World Music",168000
"video22_169000","video22","Beautiful World Music",169000
"video22_170000","video22","Beautiful World Music",170000
"video22_171000","video22","Beautiful World Music",171000
"video22_172000","video22","Beautiful World Music",172000
"video22_173000","video22","Beautiful World Music",173000
"video22_174000","video22","Beautiful World Music",174000
"video22_175000","video22","Beautiful World Music",175000
"video22_176000","video22","Beautiful World Music",176000
"video22_177000","video22","Beautiful World Music",177000
"video22_178000","video22","Beautiful World Music",178000
"video22_179000","video22","Beautiful World Music",179000
"video22_180000","video22","Beautiful World Music",180000
"video22_181000","video22","Beautiful World Music",181000
"video22_182000","video22","Beautiful World Music",182000
"video22_183000","video22","Beautiful World Music",183000
"video22_184000","video22","Beautiful World Music",184000
"video22_185000","video22","Beautiful World Music",185000
"video22_186000","video22","Beautiful World Music",186000
"video22_187000","video22","Beautiful World Music",187000
"video22_188000","video22","Beautiful World Music",188000
"video22_189000","video22","Beautiful World Music",189000
"video22_190000","video22","Beautiful World Music",190000
"video22_191000","video22","Beautiful World Music",191000
"video22_192000","video22","Beautiful World Music",192000
"video22_193000","video22","Beautiful World Music",193000
"video22_194000","video22","Beautiful World Music",194000
"video22_195000","video22","Beautiful World Music",195000
"video22_196000","video22","Beautiful World Music",196000
"video22_197000","video22","Beautiful World Music",197000
"video22_198000","video22","Beautiful World Music",198000
"video22_199000","video22","Beautiful World Music",199000
"video22_200000","video22","Beautiful World Music",200000
"video22_201000","video22","Beautiful World Music",201000
"video22_202000","video22","Beautiful World Music",202000
"video22_203000","video22","Beautiful World Music",203000
"video22_204000","video22","Beautiful World Music",204000
"video22_205000","video22","Beautiful World Music",205000
"video22_206000","video22","Beautiful World Music",206000
"video22_207000","video22","Beautiful World Music",207000
"video22_208000","video22","Beautiful World Music",208000
"video22_209000","video22","Beautiful World Music",209000
"video22_210000","video22","Beautiful World Music",210000
"video22_211000","video22","Beautiful World Music",211000
"video22_212000","video22","Beautiful World Music",212000
"video22_213000","video22","Beautiful World Music",213000
"video22_214000","video22","Beautiful World Music",214000
"video22_215000","video22","Beautiful World Music",215000
"video22_216000","video22","Beautiful World Music",216000
"video22_217000","video22","Beautiful World Music",217000
"video22_218000","video22","Beautiful World Music",218000
"video22_219000","video22","Beautiful World Music",219000
"video22_220000","video22","Beautiful World Music",220000
"video22_221000","video22","Beautiful World Music",221000
"video22_222000","video22","Beautiful World Music",222000
"video22_223000","video22","Beautiful World Music",223000
"video22_224000","video22","Beautiful World Music",224000
"video22_225000","video22","Beautiful World Music",225000
"video22_226000","video22","Beautiful World Music",226000
"video22_227000","video22","Beautiful World Music",227000
"video22_228000","video22","Beautiful World Music",228000
"video22_229000","video22","Beautiful World Music",229000
"video22_230000","video22","Beautiful World Music",230000
"video22_231000","video22","Beautiful World Music",231000
"video22_232000","video22","Beautiful World Music",232000
"video22_233000","video22","Beautiful World Music",233000
"video22_234000","video22","Beautiful World Music",234000
"video22_235000","video22","Beautiful World Music",235000
"video22_236000","video22","Beautiful World Music",236000
"video22_237000","video22","Beautiful World Music",237000
"video22_238000","video22","Beautiful World Music",238000
"video23_0","video23","Legal Battles in the Courtroom",0
"video23_1000","video23","Legal Battles in the Courtroom",1000
"video23_2000","video23","Legal Battles in the Courtroom",2000
"video23_3000","video23","Legal Battles in the Courtroom",3000
"video23_4000","video23","Legal Battles in the Courtroom",4000
"video23_5000","video23","Legal Battles in the Courtroom",5000
"video23_6000","video23","Legal Battles in the Courtroom",6000
"video23_7000","video23","Legal Battles in the Courtroom",7000
"video23_8000","video23","Legal Battles in the Courtroom",8000
"video23_9000","video23","Legal Battles in the Courtroom",9000
"video23_10000","video23","Legal Battles in the Courtroom",10000
"video23_11000","video23","Legal Battles in the Courtroom",11000
"video23_12000","video23","Legal Battles in the Courtroom",12000
"video23_13000","video23","Legal Battles in the Courtroom",13000
"video23_14000","video23","Legal Battles in the Courtroom",14000
"video23_15000","video23","Legal Battles in the Courtroom",15000
"video23_16000","video23","Legal Battles in the Courtroom",16000
"video23_17000","video23","Legal Battles in the Courtroom",17000
"video23_18000","video23","Legal Battles in the Courtroom",18000
"video23_19000","video23","Legal Battles in the Courtroom",19000
"video23_20000","video23","Legal Battles in the Courtroom",20000
"video23_21000","video23","Legal Battles in the Courtroom",21000
"video23_22000","video23","Legal Battles in the Courtroom",22000
"video23_23000","video23","Legal Battles in the Courtroom",23000
"video23_24000","video23","Legal Battles in the Courtroom",24000
"video23_25000","video23","Legal Battles in the Courtroom",25000
"video23_26000","video23","Legal Battles in the Courtroom",26000
"video23_27000","video23","Legal Battles in the Courtroom",27000
"video23_28000","video23","Legal Battles in the Courtroom",28000
"video23_29000","video23","Legal Battles in the Courtroom",29000
"video23_30000","video23","Legal Battles in the Courtroom",30000
"video23_31000","video23","Legal Battles in the Courtroom",31000
"video23_32000","video23","Legal Battles in the Courtroom",32000
"video23_33000","video23","Legal Battles in the Courtroom",33000
"video23_34000","video23","Legal Battles in the Courtroom",34000
"video23_35000","video23","Legal Battles in the Courtroom",35000
"video23_36000","video23","Legal Battles in the Courtroom",36000
"video23_37000","video23","Legal Battles in the Courtroom",37000
"video23_38000","video23","Legal Battles in the Courtroom",38000
"video23_39000","video23","Legal Battles in the Courtroom",39000
"video23_40000","video23","Legal Battles in the Courtroom",40000
"video23_41000","video23","Legal Battles in the Courtroom",41000
"video23_42000","video23","Legal Battles in the Courtroom",42000
"video23_43000","video23","Legal Battles in the Courtroom",43000
"video23_44000","video23","Legal Battles in the Courtroom",44000
"video23_45000","video23","Legal Battles in the Courtroom",45000
"video23_46000","video23","Legal Battles in the Courtroom",46000
"video23_47000","video23","Legal Battles in the Courtroom",47000
"video23_48000","video23","Legal Battles in the Courtroom",48000
"video23_49000","video23","Legal Battles in the Courtroom",49000
"video23_50000","video23","Legal Battles in the Courtroom",50000
"video23_51000","video23","Legal Battles in the Courtroom",51000
"video23_52000","video23","Legal Battles in the Courtroom",52000
"video23_53000","video23","Legal Battles in the Courtroom",53000
"video23_54000","video23","Legal Battles in the Courtroom",54000
"video23_55000","video23","Legal Battles in the Courtroom",55000
"video23_56000","video23","Legal Battles in the Courtroom",56000
"video23_57000","video23","Legal Battles in the Courtroom",57000
"video23_58000","video23","Legal Battles in the Courtroom",58000
"video23_59000","video23","Legal Battles in the Courtroom",59000
"video23_60000","video23","Legal Battles in the Courtroom",60000
"video23_61000","video23","Legal Battles in the Courtroom",61000
"video23_62000","video23","Legal Battles in the Courtroom",62000
"video23_63000","video23","Legal Battles in the Courtroom",63000
"video23_64000","video23","Legal Battles in the Courtroom",64000
"video23_65000","video23","Legal Battles in the Courtroom",65000
"video23_66000","video23","Legal Battles in the Courtroom",66000
"video23_67000","video23","Legal Battles in the Courtroom",67000
"video23_68000","video23","Legal Battles in the Courtroom",68000
"video23_69000","video23","Legal Battles in the Courtroom",69000
"video23_70000","video23","Legal Battles in the Courtroom",70000
"video23_71000","video23","Legal Battles in the Courtroom",71000
"video23_72000","video23","Legal Battles in the Courtroom",72000
"video23_73000","video23","Legal Battles in the Courtroom",73000
"video23_74000","video23","Legal Battles in the Courtroom",74000
"video23_75000","video23","Legal Battles in the Courtroom",75000
"video23_76000","video23","Legal Battles in the Courtroom",76000
"video23_77000","video23","Legal Battles in the Courtroom",77000
"video23_78000","video23","Legal Battles in the Courtroom",78000
"video23_79000","video23","Legal Battles in the Courtroom",79000
"video23_80000","video23","Legal Battles in the Courtroom",80000
"video23_81000","video23","Legal Battles in the Courtroom",81000
"video23_82000","video23","Legal Battles in the Courtroom",82000
"video23_83000","video23","Legal Battles in the Courtroom",83000
"video23_84000","video23","Legal Battles in the Courtroom",84000
"video23_85000","video23","Legal Battles in the Courtroom",85000
"video23_86000","video23","Legal Battles in the Courtroom",86000
"video23_87000","video23","Legal Battles in the Courtroom",87000
"video23_88000","video23","Legal Battles in the Courtroom",88000
"video23_89000","video23","Legal Battles in the Courtroom",89000
"video23_90000","video23","Legal Battles in the Courtroom",90000
"video23_91000","video23","Legal Battles in the Courtroom",91000
"video23_92000","video23","Legal Battles in the Courtroom",92000
"video23_93000","video23","Legal Battles in the Courtroom",93000
"video23_94000","video23","Legal Battles in the Courtroom",94000
"video23_95000","video23","Legal Battles in the Courtroom",95000
"video23_96000","video23","Legal Battles in the Courtroom",96000
"video23_97000","video23","Legal Battles in the Courtroom",97000
"video23_98000","video23","Legal Battles in the Courtroom",98000
"video23_99000","video23","Legal Battles in the Courtroom",99000
"video23_100000","video23","Legal Battles in the Courtroom",100000
"video23_101000","video23","Legal Battles in the Courtroom",101000
"video23_102000","video23","Legal Battles in the Courtroom",102000
"video23_103000","video23","Legal Battles in the Courtroom",103000
"video23_104000","video23","Legal Battles in the Courtroom",104000
"video23_105000","video23","Legal Battles in the Courtroom",105000
"video23_106000","video23","Legal Battles in the Courtroom",106000
"video23_107000","video23","Legal Battles in the Courtroom",107000
"video23_108000","video23","Legal Battles in the Courtroom",108000
"video23_109000","video23","Legal Battles in the Courtroom",109000
"video23_110000","video23","Legal Battles in the Courtroom",110000
"video23_111000","video23","Legal Battles in the Courtroom",111000
"video23_112000","video23","Legal Battles in the Courtroom",112000
"video23_113000","video23","Legal Battles in the Courtroom",113000
"video23_114000","video23","Legal Battles in the Courtroom",114000
"video23_115000","video23","Legal Battles in the Courtroom",115000
"video23_116000","video23","Legal Battles in the Courtroom",116000
"video23_117000","video23","Legal Battles in the Courtroom",117000
"video23_118000","video23","Legal Battles in the Courtroom",118000
"video23_119000","video23","Legal Battles in the Courtroom",119000
"video23_120000","video23","Legal Battles in the Courtroom",120000
"video23_121000","video23","Legal Battles in the Courtroom",121000
"video23_122000","video23","Legal Battles in the Courtroom",122000
"video23_123000","video23","Legal Battles in the Courtroom",123000
"video23_124000","video23","Legal Battles in the Courtroom",124000
"video23_125000","video23","Legal Battles in the Courtroom",125000
"video23_126000","video23","Legal Battles in the Courtroom",126000
"video23_127000","video23","Legal Battles in the Courtroom",127000
"video23_128000","video23","Legal Battles in the Courtroom",128000
"video23_129000","video23","Legal Battles in the Courtroom",129000
"video23_130000","video23","Legal Battles in the Courtroom",130000
"video23_131000","video23","Legal Battles in the Courtroom",131000
"video23_132000","video23","Legal Battles in the Courtroom",132000
"video23_133000","video23","Legal Battles in the Courtroom",133000
"video23_134000","video23","Legal Battles in the Courtroom",134000
"video23_135000","video23","Legal Battles in the Courtroom",135000
"video23_136000","video23","Legal Battles in the Courtroom",136000
"video23_137000","video23","Legal Battles in the Courtroom",137000
"video23_138000","video23","Legal Battles in the Courtroom",138000
"video23_139000","video23","Legal Battles in the Courtroom",139000
"video23_140000","video23","Legal Battles in the Courtroom",140000
"video23_141000","video23","Legal Battles in the Courtroom",141000
"video23_142000","video23","Legal Battles in the Courtroom",142000
"video23_143000","video23","Legal Battles in the Courtroom",143000
"video23_144000","video23","Legal Battles in the Courtroom",144000
"video23_145000","video23","Legal Battles in the Courtroom",145000
"video23_146000","video23","Legal Battles in the Courtroom",146000
"video23_147000","video23","Legal Battles in the Courtroom",147000
"video23_148000","video23","Legal Battles in the Courtroom",148000
"video23_149000","video23","Legal Battles in the Courtroom",149000
"video23_150000","video23","Legal Battles in the Courtroom",150000
"video23_151000","video23","Legal Battles in the Courtroom",151000
"video23_152000","video23","Legal Battles in the Courtroom",152000
"video23_153000","video23","Legal Battles in the Courtroom",153000
"video23_154000","video23","Legal Battles in the Courtroom",154000
"video23_155000","video23","Legal Battles in the Courtroom",155000
"video23_156000","video23","Legal Battles in the Courtroom",156000
"video23_157000","video23","Legal Battles in the Courtroom",157000
"video23_158000","video23","Legal Battles in the Courtroom",158000
"video23_159000","video23","Legal Battles in the Courtroom",159000
"video23_160000","video23","Legal Battles in the Courtroom",160000
"video23_161000","video23","Legal Battles in the Courtroom",161000
"video23_162000","video23","Legal Battles in the Courtroom",162000
"video23_163000","video23","Legal Battles in the Courtroom",163000
"video23_164000","video23","Legal Battles in the Courtroom",164000
"video23_165000","video23","Legal Battles in the Courtroom",165000
"video23_166000","video23","Legal Battles in the Courtroom",166000
"video23_167000","video23","Legal Battles in the Courtroom",167000
"video23_168000","video23","Legal Battles in the Courtroom",168000
"video23_169000","video23","Legal Battles in the Courtroom",169000
"video23_170000","video23","Legal Battles in the Courtroom",170000
"video23_171000","video23","Legal Battles in the Courtroom",171000
"video23_172000","video23","Legal Battles in the Courtroom",172000
"video23_173000","video23","Legal Battles in the Courtroom",173000
"video23_174000","video23","Legal Battles in the Courtroom",174000
"video23_175000","video23","Legal Battles in the Courtroom",175000
"video23_176000","video23","Legal Battles in the Courtroom",176000
"video23_177000","video23","Legal Battles in the Courtroom",177000
"video23_178000","video23","Legal Battles in the Courtroom",178000
"video23_179000","video23","Legal Battles in the Courtroom",179000
"video23_180000","video23","Legal Battles in the Courtroom",180000
"video23_181000","video23","Legal Battles in the Courtroom",181000
"video23_182000","video23","Legal Battles in the Courtroom",182000
"video23_183000","video23","Legal Battles in the Courtroom",183000
"video23_184000","video23","Legal Battles in the Courtroom",184000
"video23_185000","video23","Legal Battles in the Courtroom",185000
"video23_186000","video23","Legal Battles in the Courtroom",186000
"video23_187000","video23","Legal Battles in the Courtroom",187000
"video23_188000","video23","Legal Battles in the Courtroom",188000
"video23_189000","video23","Legal Battles in the Courtroom",189000
"video23_190000","video23","Legal Battles in the Courtroom",190000
"video23_191000","video23","Legal Battles in the Courtroom",191000
"video23_192000","video23","Legal Battles in the Courtroom",192000
"video23_193000","video23","Legal Battles in the Courtroom",193000
"video23_194000","video23","Legal Battles in the Courtroom",194000
"video23_195000","video23","Legal Battles in the Courtroom",195000
"video23_196000","video23","Legal Battles in the Courtroom",196000
"video23_197000","video23","Legal Battles in the Courtroom",197000
"video23_198000","video23","Legal Battles in the Courtroom",198000
"video23_199000","video23","Legal Battles in the Courtroom",199000
"video23_200000","video23","Legal Battles in the Courtroom",200000
"video23_201000","video23","Legal Battles in the Courtroom",201000
"video23_202000","video23","Legal Battles in the Courtroom",202000
"video23_203000","video23","Legal Battles in the Courtroom",203000
"video23_204000","video23","Legal Battles in the Courtroom",204000
"video23_205000","video23","Legal Battles in the Courtroom",205000
"video23_206000","video23","Legal Battles in the Courtroom",206000
"video23_207000","video23","Legal Battles in the Courtroom",207000
"video23_208000","video23","Legal Battles in the Courtroom",208000
"video23_209000","video23","Legal Battles in the Courtroom",209000
"video23_210000","video23","Legal Battles in the Courtroom",210000
"video23_211000","video23","Legal Battles in the Courtroom",211000
"video23_212000","video23","Legal Battles in the Courtroom",212000
"video23_213000","video23","Legal Battles in the Courtroom",213000
"video23_214000","video23","Legal Battles in the Courtroom",214000
"video23_215000","video23","Legal Battles in the Courtroom",215000
"video23_216000","video23","Legal Battles in the Courtroom",216000
"video23_217000","video23","Legal Battles in the Courtroom",217000
"video23_218000","video23","Legal Battles in the Courtroom",218000
"video23_219000","video23","Legal Battles in the Courtroom",219000
"video23_220000","video23","Legal Battles in the Courtroom",220000
"video23_221000","video23","Legal Battles in the Courtroom",221000
"video23_222000","video23","Legal Battles in the Courtroom",222000
"video23_223000","video23","Legal Battles in the Courtroom",223000
"video23_224000","video23","Legal Battles in the Courtroom",224000
"video23_225000","video23","Legal Battles in the Courtroom",225000
"video23_226000","video23","Legal Battles in the Courtroom",226000
"video23_227000","video23","Legal Battles in the Courtroom",227000
"video23_228000","video23","Legal Battles in the Courtroom",228000
"video23_229000","video23","Legal Battles in the Courtroom",229000
"video23_230000","video23","Legal Battles in the Courtroom",230000
"video23_231000","video23","Legal Battles in the Courtroom",231000
"video23_232000","video23","Legal Battles in the Courtroom",232000
"video23_233000","video23","Legal Battles in the Courtroom",233000
"video23_234000","video23","Legal Battles in the Courtroom",234000
"video23_235000","video23","Legal Battles in the Courtroom",235000
"video23_236000","video23","Legal Battles in the Courtroom",236000
"video23_237000","video23","Legal Battles in the Courtroom",237000
"video23_238000","video23","Legal Battles in the Courtroom",238000
"video23_239000","video23","Legal Battles in the Courtroom",239000
"video23_240000","video23","Legal Battles in the Courtroom",240000
"video23_241000","video23","Legal Battles in the Courtroom",241000
"video23_242000","video23","Legal Battles in the Courtroom",242000
"video23_243000","video23","Legal Battles in the Courtroom",243000
"video23_244000","video23","Legal Battles in the Courtroom",244000
"video23_245000","video23","Legal Battles in the Courtroom",245000
"video23_246000","video23","Legal Battles in the Courtroom",246000
"video23_247000","video23","Legal Battles in the Courtroom",247000
"video23_248000","video23","Legal Battles in the Courtroom",248000
"video23_249000","video23","Legal Battles in the Courtroom",249000
"video23_250000","video23","Legal Battles in the Courtroom",250000
"video23_251000","video23","Legal Battles in the Courtroom",251000
"video23_252000","video23","Legal Battles in the Courtroom",252000
"video23_253000","video23","Legal Battles in the Courtroom",253000
"video23_254000","video23","Legal Battles in the Courtroom",254000
"video23_255000","video23","Legal Battles in the Courtroom",255000
"video23_256000","video23","Legal Battles in the Courtroom",256000
"video23_257000","video23","Legal Battles in the Courtroom",257000
"video23_258000","video23","Legal Battles in the Courtroom",258000
"video23_259000","video23","Legal Battles in the Courtroom",259000
"video23_260000","video23","Legal Battles in the Courtroom",260000
"video23_261000","video23","Legal Battles in the Courtroom",261000
"video23_262000","video23","Legal Battles in the Courtroom",262000
"video23_263000","video23","Legal Battles in the Courtroom",263000
"video23_264000","video23","Legal Battles in the Courtroom",264000
"video23_265000","video23","Legal Battles in the Courtroom",265000
"video23_266000","video23","Legal Battles in the Courtroom",266000
"video23_267000","video23","Legal Battles in the Courtroom",267000
"video23_268000","video23","Legal Battles in the Courtroom",268000
"video23_269000","video23","Legal Battles in the Courtroom",269000
"video23_270000","video23","Legal Battles in the Courtroom",270000
"video23_271000","video23","Legal Battles in the Courtroom",271000
"video23_272000","video23","Legal Battles in the Courtroom",272000
"video23_273000","video23","Legal Battles in the Courtroom",273000
"video23_274000","video23","Legal Battles in the Courtroom",274000
"video23_275000","video23","Legal Battles in the Courtroom",275000
"video23_276000","video23","Legal Battles in the Courtroom",276000
"video23_277000","video23","Legal Battles in the Courtroom",277000
"video23_278000","video23","Legal Battles in the Courtroom",278000
"video23_279000","video23","Legal Battles in the Courtroom",279000
"video23_280000","video23","Legal Battles in the Courtroom",280000
"video23_281000","video23","Legal Battles in the Courtroom",281000
"video23_282000","video23","Legal Battles in the Courtroom",282000
"video23_283000","video23","Legal Battles in the Courtroom",283000
"video23_284000","video23","Legal Battles in the Courtroom",284000
"video23_285000","video23","Legal Battles in the Courtroom",285000
"video23_286000","video23","Legal Battles in the Courtroom",286000
"video23_287000","video23","Legal Battles in the Courtroom",287000
"video23_288000","video23","Legal Battles in the Courtroom",288000
"video23_289000","video23","Legal Battles in the Courtroom",289000
"video23_290000","video23","Legal Battles in the Courtroom",290000
"video23_291000","video23","Legal Battles in the Courtroom",291000
"video23_292000","video23","Legal Battles in the Courtroom",292000
"video23_293000","video23","Legal Battles in the Courtroom",293000
"video23_294000","video23","Legal Battles in the Courtroom",294000
"video23_295000","video23","Legal Battles in the Courtroom",295000
"video23_296000","video23","Legal Battles in the Courtroom",296000
"video23_297000","video23","Legal Battles in the Courtroom",297000
"video23_298000","video23","Legal Battles in the Courtroom",298000
"video23_299000","video23","Legal Battles in the Courtroom",299000
"video23_300000","video23","Legal Battles in the Courtroom",300000
"video23_301000","video23","Legal Battles in the Courtroom",301000
"video23_302000","video23","Legal Battles in the Courtroom",302000
"video23_303000","video23","Legal Battles in the Courtroom",303000
"video23_304000","video23","Legal Battles in the Courtroom",304000
"video23_305000","video23","Legal Battles in the Courtroom",305000
"video23_306000","video23","Legal Battles in the Courtroom",306000
"video23_307000","video23","Legal Battles in the Courtroom",307000
"video23_308000","video23","Legal Battles in the Courtroom",308000
"video23_309000","video23","Legal Battles in the Courtroom",309000
"video23_310000","video23","Legal Battles in the Courtroom",310000
"video23_311000","video23","Legal Battles in the Courtroom",311000
"video23_312000","video23","Legal Battles in the Courtroom",312000
"video23_313000","video23","Legal Battles in the Courtroom",313000
"video23_314000","video23","Legal Battles in the Courtroom",314000
"video23_315000","video23","Legal Battles in the Courtroom",315000
"video23_316000","video23","Legal Battles in the Courtroom",316000
"video23_317000","video23","Legal Battles in the Courtroom",317000
"video23_318000","video23","Legal Battles in the Courtroom",318000
"video23_319000","video23","Legal Battles in the Courtroom",319000
"video23_320000","video23","Legal Battles in the Courtroom",320000
"video23_321000","video23","Legal Battles in the Courtroom",321000
"video23_322000","video23","Legal Battles in the Courtroom",322000
"video23_323000","video23","Legal Battles in the Courtroom",323000
"video23_324000","video23","Legal Battles in the Courtroom",324000
"video23_325000","video23","Legal Battles in the Courtroom",325000
"video23_326000","video23","Legal Battles in the Courtroom",326000
"video23_327000","video23","Legal Battles in the Courtroom",327000
"video23_328000","video23","Legal Battles in the Courtroom",328000
"video23_329000","video23","Legal Battles in the Courtroom",329000
"video23_330000","video23","Legal Battles in the Courtroom",330000
"video23_331000","video23","Legal Battles in the Courtroom",331000
"video23_332000","video23","Legal Battles in the Courtroom",332000
"video23_333000","video23","Legal Battles in the Courtroom",333000
"video23_334000","video23","Legal Battles in the Courtroom",334000
"video24_0","video24","A Taste of Home",0
"video24_1000","video24","A Taste of Home",1000
"video24_2000","video24","A Taste of Home",2000
"video24_3000","video24","A Taste of Home",3000
"video24_4000","video24","A Taste of Home",4000
"video24_5000","video24","A Taste of Home",5000
"video24_6000","video24","A Taste of Home",6000
"video24_7000","video24","A Taste of Home",7000
"video24_8000","video24","A Taste of Home",8000
"video24_9000","video24","A Taste of Home",9000
"video24_10000","video24","A Taste of Home",10000
"video24_11000","video24","A Taste of Home",11000
"video24_12000","video24","A Taste of Home",12000
"video24_13000","video24","A Taste of Home",13000
"video24_14000","video24","A Taste of Home",14000
"video24_15000","video24","A Taste of Home",15000
"video24_16000","video24","A Taste of Home",16000
"video24_17000","video24","A Taste of Home",17000
"video24_18000","video24","A Taste of Home",18000
"video24_19000","video24","A Taste of Home",19000
"video24_20000","video24","A Taste of Home",20000
"video24_21000","video24","A Taste of Home",21000
"video24_22000","video24","A Taste of Home",22000
"video24_23000","video24","A Taste of Home",23000
"video24_24000","video24","A Taste of Home",24000
"video24_25000","video24","A Taste of Home",25000
"video24_26000","video24","A Taste of Home",26000
"video24_27000","video24","A Taste of Home",27000
"video24_28000","video24","A Taste of Home",28000
"video24_29000","video24","A Taste of Home",29000
"video24_30000","video24","A Taste of Home",30000
"video24_31000","video24","A Taste of Home",31000
"video24_32000","video24","A Taste of Home",32000
"video24_33000","video24","A Taste of Home",33000
"video24_34000","video24","A Taste of Home",34000
"video24_35000","video24","A Taste of Home",35000
"video24_36000","video24","A Taste of Home",36000
"video24_37000","video24","A Taste of Home",37000
"video24_38000","video24","A Taste of Home",38000
"video24_39000","video24","A Taste of Home",39000
"video24_40000","video24","A Taste of Home",40000
"video24_41000","video24","A Taste of Home",41000
"video24_42000","video24","A Taste of Home",42000
"video24_43000","video24","A Taste of Home",43000
"video24_44000","video24","A Taste of Home",44000
"video24_45000","video24","A Taste of Home",45000
"video24_46000","video24","A Taste of Home",46000
"video24_47000","video24","A Taste of Home",47000
"video24_48000","video24","A Taste of Home",48000
"video24_49000","video24","A Taste of Home",49000
"video24_50000","video24","A Taste of Home",50000
"video24_51000","video24","A Taste of Home",51000
"video24_52000","video24","A Taste of Home",52000
"video24_53000","video24","A Taste of Home",53000
"video24_54000","video24","A Taste of Home",54000
"video24_55000","video24","A Taste of Home",55000
"video24_56000","video24","A Taste of Home",56000
"video24_57000","video24","A Taste of Home",57000
"video24_58000","video24","A Taste of Home",58000
"video24_59000","video24","A Taste of Home",59000
"video24_60000","video24","A Taste of Home",60000
"video24_61000","video24","A Taste of Home",61000
"video24_62000","video24","A Taste of Home",62000
"video24_63000","video24","A Taste of Home",63000
"video24_64000","video24","A Taste of Home",64000
"video24_65000","video24","A Taste of Home",65000
"video24_66000","video24","A Taste of Home",66000
"video24_67000","video24","A Taste of Home",67000
"video24_68000","video24","A Taste of Home",68000
"video24_69000","video24","A Taste of Home",69000
"video24_70000","video24","A Taste of Home",70000
"video24_71000","video24","A Taste of Home",71000
"video24_72000","video24","A Taste of Home",72000
"video24_73000","video24","A Taste of Home",73000
"video24_74000","video24","A Taste of Home",74000
"video24_75000","video24","A Taste of Home",75000
"video24_76000","video24","A Taste of Home",76000
"video24_77000","video24","A Taste of Home",77000
"video24_78000","video24","A Taste of Home",78000
"video24_79000","video24","A Taste of Home",79000
"video24_80000","video24","A Taste of Home",80000
"video24_81000","video24","A Taste of Home",81000
"video24_82000","video24","A Taste of Home",82000
"video24_83000","video24","A Taste of Home",83000
"video24_84000","video24","A Taste of Home",84000
"video24_85000","video24","A Taste of Home",85000
"video24_86000","video24","A Taste of Home",86000
"video24_87000","video24","A Taste of Home",87000
"video24_88000","video24","A Taste of Home",88000
"video24_89000","video24","A Taste of Home",89000
"video24_90000","video24","A Taste of Home",90000
"video24_91000","video24","A Taste of Home",91000
"video24_92000","video24","A Taste of Home",92000
"video24_93000","video24","A Taste of Home",93000
"video24_94000","video24","A Taste of Home",94000
"video24_95000","video24","A Taste of Home",95000
"video24_96000","video24","A Taste of Home",96000
"video24_97000","video24","A Taste of Home",97000
"video24_98000","video24","A Taste of Home",98000
"video24_99000","video24","A Taste of Home",99000
"video24_100000","video24","A Taste of Home",100000
"video24_101000","video24","A Taste of Home",101000
"video24_102000","video24","A Taste of Home",102000
"video24_103000","video24","A Taste of Home",103000
"video24_104000","video24","A Taste of Home",104000
"video24_105000","video24","A Taste of Home",105000
"video24_106000","video24","A Taste of Home",106000
"video24_107000","video24","A Taste of Home",107000
"video24_108000","video24","A Taste of Home",108000
"video24_109000","video24","A Taste of Home",109000
"video24_110000","video24","A Taste of Home",110000
"video24_111000","video24","A Taste of Home",111000
"video24_112000","video24","A Taste of Home",112000
"video24_113000","video24","A Taste of Home",113000
"video24_114000","video24","A Taste of Home",114000
"video24_115000","video24","A Taste of Home",115000
"video24_116000","video24","A Taste of Home",116000
"video24_117000","video24","A Taste of Home",117000
"video24_118000","video24","A Taste of Home",118000
"video24_119000","video24","A Taste of Home",119000
"video24_120000","video24","A Taste of Home",120000
"video24_121000","video24","A Taste of Home",121000
"video24_122000","video24","A Taste of Home",122000
"video24_123000","video24","A Taste of Home",123000
"video24_124000","video24","A Taste of Home",124000
"video24_125000","video24","A Taste of Home",125000
"video24_126000","video24","A Taste of Home",126000
"video24_127000","video24","A Taste of Home",127000
"video24_128000","video24","A Taste of Home",128000
"video24_129000","video24","A Taste of Home",129000
"video24_130000","video24","A Taste of Home",130000
"video24_131000","video24","A Taste of Home",131000
"video24_132000","video24","A Taste of Home",132000
"video24_133000","video24","A Taste of Home",133000
"video24_134000","video24","A Taste of Home",134000
"video24_135000","video24","A Taste of Home",135000
"video24_136000","video24","A Taste of Home",136000
"video24_137000","video24","A Taste of Home",137000
"video24_138000","video24","A Taste of Home",138000
"video24_139000","video24","A Taste of Home",139000
"video24_140000","video24","A Taste of Home",140000
"video24_141000","video24","A Taste of Home",141000
"video24_142000","video24","A Taste of Home",142000
"video24_143000","video24","A Taste of Home",143000
"video24_144000","video24","A Taste of Home",144000
"video24_145000","video24","A Taste of Home",145000
"video24_146000","video24","A Taste of Home",146000
"video24_147000","video24","A Taste of Home",147000
"video24_148000","video24","A Taste of Home",148000
"video24_149000","video24","A Taste of Home",149000
"video24_150000","video24","A Taste of Home",150000
"video24_151000","video24","A Taste of Home",151000
"video24_152000","video24","A Taste of Home",152000
"video24_153000","video24","A Taste of Home",153000
"video24_154000","video24","A Taste of Home",154000
"video24_155000","video24","A Taste of Home",155000
"video24_156000","video24","A Taste of Home",156000
"video24_157000","video24","A Taste of Home",157000
"video24_158000","video24","A Taste of Home",158000
"video24_159000","video24","A Taste of Home",159000
"video24_160000","video24","A Taste of Home",160000
"video24_161000","video24","A Taste of Home",161000
"video24_162000","video24","A Taste of Home",162000
"video24_163000","video24","A Taste of Home",163000
"video24_164000","video24","A Taste of Home",164000
"video24_165000","video24","A Taste of Home",165000
"video24_166000","video24","A Taste of Home",166000
"video24_167000","video24","A Taste of Home",167000
"video24_168000","video24","A Taste of Home",168000
"video24_169000","video24","A Taste of Home",169000
"video24_170000","video24","A Taste of Home",170000
"video24_171000","video24","A Taste of Home",171000
"video24_172000","video24","A Taste of Home",172000
"video24_173000","video24","A Taste of Home",173000
"video24_174000","video24","A Taste of Home",174000
"video24_175000","video24","A Taste of Home",175000
"video24_176000","video24","A Taste of Home",176000
"video24_177000","video24","A Taste of Home",177000
"video24_178000","video24","A Taste of Home",178000
"video24_179000","video24","A Taste of Home",179000
"video24_180000","video24","A Taste of Home",180000
"video24_181000","video24","A Taste of Home",181000
"video24_182000","video24","A Taste of Home",182000
"video24_183000","video24","A Taste of Home",183000
"video24_184000","video24","A Taste of Home",184000
"video24_185000","video24","A Taste of Home",185000
"video24_186000","video24","A Taste of Home",186000
"video24_187000","video24","A Taste of Home",187000
"video24_188000","video24","A Taste of Home",188000
"video24_189000","video24","A Taste of Home",189000
"video24_190000","video24","A Taste of Home",190000
"video24_191000","video24","A Taste of Home",191000
"video24_192000","video24","A Taste of Home",192000
"video24_193000","video24","A Taste of Home",193000
"video24_194000","video24","A Taste of Home",194000
"video24_195000","video24","A Taste of Home",195000
"video24_196000","video24","A Taste of Home",196000
"video24_197000","video24","A Taste of Home",197000
"video24_198000","video24","A Taste of Home",198000
"video24_199000","video24","A Taste of Home",199000
"video24_200000","video24","A Taste of Home",200000
"video24_201000","video24","A Taste of Home",201000
"video24_202000","video24","A Taste of Home",202000
"video24_203000","video24","A Taste of Home",203000
"video24_204000","video24","A Taste of Home",204000
"video24_205000","video24","A Taste of Home",205000
"video24_206000","video24","A Taste of Home",206000
"video24_207000","video24","A Taste of Home",207000
"video24_208000","video24","A Taste of Home",208000
"video24_209000","video24","A Taste of Home",209000
"video24_210000","video24","A Taste of Home",210000
"video24_211000","video24","A Taste of Home",211000
"video24_212000","video24","A Taste of Home",212000
"video24_213000","video24","A Taste of Home",213000
"video24_214000","video24","A Taste of Home",214000
"video24_215000","video24","A Taste of Home",215000
"video24_216000","video24","A Taste of Home",216000
"video24_217000","video24","A Taste of Home",217000
"video24_218000","video24","A Taste of Home",218000
"video24_219000","video24","A Taste of Home",219000
"video24_220000","video24","A Taste of Home",220000
"video24_221000","video24","A Taste of Home",221000
"video24_222000","video24","A Taste of Home",222000
"video24_223000","video24","A Taste of Home",223000
"video24_224000","video24","A Taste of Home",224000
"video24_225000","video24","A Taste of Home",225000
"video24_226000","video24","A Taste of Home",226000
"video24_227000","video24","A Taste of Home",227000
"video24_228000","video24","A Taste of Home",228000
"video24_229000","video24","A Taste of Home",229000
"video24_230000","video24","A Taste of Home",230000
"video24_231000","video24","A Taste of Home",231000
"video24_232000","video24","A Taste of Home",232000
"video24_233000","video24","A Taste of Home",233000
"video24_234000","video24","A Taste of Home",234000
"video24_235000","video24","A Taste of Home",235000
"video24_236000","video24","A Taste of Home",236000
"video24_237000","video24","A Taste of Home",237000
"video24_238000","video24","A Taste of Home",238000
"video24_239000","video24","A Taste of Home",239000
"video24_240000","video24","A Taste of Home",240000
"video24_241000","video24","A Taste of Home",241000
"video24_242000","video24","A Taste of Home",242000
"video24_243000","video24","A Taste of Home",243000
"video24_244000","video24","A Taste of Home",244000
"video24_245000","video24","A Taste of Home",245000
"video24_246000","video24","A Taste of Home",246000
"video24_247000","video24","A Taste of Home",247000
"video24_248000","video24","A Taste of Home",248000
"video24_249000","video24","A Taste of Home",249000
"video24_250000","video24","A Taste of Home",250000
"video24_251000","video24","A Taste of Home",251000
"video24_252000","video24","A Taste of Home",252000
"video24_253000","video24","A Taste of Home",253000
"video24_254000","video24","A Taste of Home",254000
"video24_255000","video24","A Taste of Home",255000
"video24_256000","video24","A Taste of Home",256000
"video24_257000","video24","A Taste of Home",257000
"video24_258000","video24","A Taste of Home",258000
"video24_259000","video24","A Taste of Home",259000
"video24_260000","video24","A Taste of Home",260000
"video24_261000","video24","A Taste of Home",261000
"video24_262000","video24","A Taste of Home",262000
"video24_263000","video24","A Taste of Home",263000
"video24_264000","video24","A Taste of Home",264000
"video24_265000","video24","A Taste of Home",265000
"video24_266000","video24","A Taste of Home",266000
"video24_267000","video24","A Taste of Home",267000
"video24_268000","video24","A Taste of Home",268000
"video24_269000","video24","A Taste of Home",269000
"video24_270000","video24","A Taste of Home",270000
"video24_271000","video24","A Taste of Home",271000
"video24_272000","video24","A Taste of Home",272000
"video24_273000","video24","A Taste of Home",273000
"video24_274000","video24","A Taste of Home",274000
"video24_275000","video24","A Taste of Home",275000
"video24_276000","video24","A Taste of Home",276000
"video24_277000","video24","A Taste of Home",277000
"video24_278000","video24","A Taste of Home",278000
"video24_279000","video24","A Taste of Home",279000
"video24_280000","video24","A Taste of Home",280000
"video24_281000","video24","A Taste of Home",281000
"video24_282000","video24","A Taste of Home",282000
"video24_283000","video24","A Taste of Home",283000
"video24_284000","video24","A Taste of Home",284000
"video24_285000","video24","A Taste of Home",285000
"video24_286000","video24","A Taste of Home",286000
"video24_287000","video24","A Taste of Home",287000
"video24_288000","video24","A Taste of Home",288000
"video24_289000","video24","A Taste of Home",289000
"video24_290000","video24","A Taste of Home",290000
"video24_291000","video24","A Taste of Home",291000
"video24_292000","video24","A Taste of Home",292000
"video24_293000","video24","A Taste of Home",293000
"video24_294000","video24","A Taste of Home",294000
"video24_295000","video24","A Taste of Home",295000
"video24_296000","video24","A Taste of Home",296000
"video24_297000","video24","A Taste of Home",297000
"video24_298000","video24","A Taste of Home",298000
"video24_299000","video24","A Taste of Home",299000
"video24_300000","video24","A Taste of Home",300000
"video24_301000","video24","A Taste of Home",301000
"video24_302000","video24","A Taste of Home",302000
"video24_303000","video24","A Taste of Home",303000
"video24_304000","video24","A Taste of Home",304000
"video24_305000","video24","A Taste of Home",305000
"video24_306000","video24","A Taste of Home",306000
"video24_307000","video24","A Taste of Home",307000
"video24_308000","video24","A Taste of Home",308000
"video24_309000","video24","A Taste of Home",309000
"video24_310000","video24","A Taste of Home",310000
"video24_311000","video24","A Taste of Home",311000
"video24_312000","video24","A Taste of Home",312000
"video24_313000","video24","A Taste of Home",313000
"video24_314000","video24","A Taste of Home",314000
"video24_315000","video24","A Taste of Home",315000
"video24_316000","video24","A Taste of Home",316000
"video24_317000","video24","A Taste of Home",317000
"video24_318000","video24","A Taste of Home",318000
"video24_319000","video24","A Taste of Home",319000
"video24_320000","video24","A Taste of Home",320000
"video24_321000","video24","A Taste of Home",321000
"video24_322000","video24","A Taste of Home",322000
"video24_323000","video24","A Taste of Home",323000
"video24_324000","video24","A Taste of Home",324000
"video24_325000","video24","A Taste of Home",325000
"video24_326000","video24","A Taste of Home",326000
"video24_327000","video24","A Taste of Home",327000
"video24_328000","video24","A Taste of Home",328000
"video24_329000","video24","A Taste of Home",329000
"video25_0","video25","High-Stakes Heist Operation",0
"video25_1000","video25","High-Stakes Heist Operation",1000
"video25_2000","video25","High-Stakes Heist Operation",2000
"video25_3000","video25","High-Stakes Heist Operation",3000
"video25_4000","video25","High-Stakes Heist Operation",4000
"video25_5000","video25","High-Stakes Heist Operation",5000
"video25_6000","video25","High-Stakes Heist Operation",6000
"video25_7000","video25","High-Stakes Heist Operation",7000
"video25_8000","video25","High-Stakes Heist Operation",8000
"video25_9000","video25","High-Stakes Heist Operation",9000
"video25_10000","video25","High-Stakes Heist Operation",10000
"video25_11000","video25","High-Stakes Heist Operation",11000
"video25_12000","video25","High-Stakes Heist Operation",12000
"video25_13000","video25","High-Stakes Heist Operation",13000
"video25_14000","video25","High-Stakes Heist Operation",14000
"video25_15000","video25","High-Stakes Heist Operation",15000
"video25_16000","video25","High-Stakes Heist Operation",16000
"video25_17000","video25","High-Stakes Heist Operation",17000
"video25_18000","video25","High-Stakes Heist Operation",18000
"video25_19000","video25","High-Stakes Heist Operation",19000
"video25_20000","video25","High-Stakes Heist Operation",20000
"video25_21000","video25","High-Stakes Heist Operation",21000
"video25_22000","video25","High-Stakes Heist Operation",22000
"video25_23000","video25","High-Stakes Heist Operation",23000
"video25_24000","video25","High-Stakes Heist Operation",24000
"video25_25000","video25","High-Stakes Heist Operation",25000
"video25_26000","video25","High-Stakes Heist Operation",26000
"video25_27000","video25","High-Stakes Heist Operation",27000
"video25_28000","video25","High-Stakes Heist Operation",28000
"video25_29000","video25","High-Stakes Heist Operation",29000
"video25_30000","video25","High-Stakes Heist Operation",30000
"video25_31000","video25","High-Stakes Heist Operation",31000
"video25_32000","video25","High-Stakes Heist Operation",32000
"video25_33000","video25","High-Stakes Heist Operation",33000
"video25_34000","video25","High-Stakes Heist Operation",34000
"video25_35000","video25","High-Stakes Heist Operation",35000
"video25_36000","video25","High-Stakes Heist Operation",36000
"video25_37000","video25","High-Stakes Heist Operation",37000
"video25_38000","video25","High-Stakes Heist Operation",38000
"video25_39000","video25","High-Stakes Heist Operation",39000
"video25_40000","video25","High-Stakes Heist Operation",40000
"video25_41000","video25","High-Stakes Heist Operation",41000
"video25_42000","video25","High-Stakes Heist Operation",42000
"video25_43000","video25","High-Stakes Heist Operation",43000
"video25_44000","video25","High-Stakes Heist Operation",44000
"video25_45000","video25","High-Stakes Heist Operation",45000
"video25_46000","video25","High-Stakes Heist Operation",46000
"video25_47000","video25","High-Stakes Heist Operation",47000
"video25_48000","video25","High-Stakes Heist Operation",48000
"video25_49000","video25","High-Stakes Heist Operation",49000
"video25_50000","video25","High-Stakes Heist Operation",50000
"video25_51000","video25","High-Stakes Heist Operation",51000
"video25_52000","video25","High-Stakes Heist Operation",52000
"video25_53000","video25","High-Stakes Heist Operation",53000
"video25_54000","video25","High-Stakes Heist Operation",54000
"video25_55000","video25","High-Stakes Heist Operation",55000
"video25_56000","video25","High-Stakes Heist Operation",56000
"video25_57000","video25","High-Stakes Heist Operation",57000
"video25_58000","video25","High-Stakes Heist Operation",58000
"video25_59000","video25","High-Stakes Heist Operation",59000
"video25_60000","video25","High-Stakes Heist Operation",60000
"video25_61000","video25","High-Stakes Heist Operation",61000
"video25_62000","video25","High-Stakes Heist Operation",62000
"video25_63000","video25","High-Stakes Heist Operation",63000
"video25_64000","video25","High-Stakes Heist Operation",64000
"video25_65000","video25","High-Stakes Heist Operation",65000
"video25_66000","video25","High-Stakes Heist Operation",66000
"video25_67000","video25","High-Stakes Heist Operation",67000
"video25_68000","video25","High-Stakes Heist Operation",68000
"video25_69000","video25","High-Stakes Heist Operation",69000
"video25_70000","video25","High-Stakes Heist Operation",70000
"video25_71000","video25","High-Stakes Heist Operation",71000
"video25_72000","video25","High-Stakes Heist Operation",72000
"video25_73000","video25","High-Stakes Heist Operation",73000
"video25_74000","video25","High-Stakes Heist Operation",74000
"video25_75000","video25","High-Stakes Heist Operation",75000
"video25_76000","video25","High-Stakes Heist Operation",76000
"video25_77000","video25","High-Stakes Heist Operation",77000
"video25_78000","video25","High-Stakes Heist Operation",78000
"video25_79000","video25","High-Stakes Heist Operation",79000
"video25_80000","video25","High-Stakes Heist Operation",80000
"video25_81000","video25","High-Stakes Heist Operation",81000
"video25_82000","video25","High-Stakes Heist Operation",82000
"video25_83000","video25","High-Stakes Heist Operation",83000
"video25_84000","video25","High-Stakes Heist Operation",84000
"video25_85000","video25","High-Stakes Heist Operation",85000
"video25_86000","video25","High-Stakes Heist Operation",86000
"video25_87000","video25","High-Stakes Heist Operation",87000
"video25_88000","video25","High-Stakes Heist Operation",88000
"video25_89000","video25","High-Stakes Heist Operation",89000
"video25_90000","video25","High-Stakes Heist Operation",90000
"video25_91000","video25","High-Stakes Heist Operation",91000
"video25_92000","video25","High-Stakes Heist Operation",92000
"video25_93000","video25","High-Stakes Heist Operation",93000
"video25_94000","video25","High-Stakes Heist Operation",94000
"video25_95000","video25","High-Stakes Heist Operation",95000
"video25_96000","video25","High-Stakes Heist Operation",96000
"video25_97000","video25","High-Stakes Heist Operation",97000
"video25_98000","video25","High-Stakes Heist Operation",98000
"video25_99000","video25","High-Stakes Heist Operation",99000
"video25_100000","video25","High-Stakes Heist Operation",100000
"video25_101000","video25","High-Stakes Heist Operation",101000
"video25_102000","video25","High-Stakes Heist Operation",102000
"video25_103000","video25","High-Stakes Heist Operation",103000
"video25_104000","video25","High-Stakes Heist Operation",104000
"video25_105000","video25","High-Stakes Heist Operation",105000
"video25_106000","video25","High-Stakes Heist Operation",106000
"video25_107000","video25","High-Stakes Heist Operation",107000
"video25_108000","video25","High-Stakes Heist Operation",108000
"video25_109000","video25","High-Stakes Heist Operation",109000
"video25_110000","video25","High-Stakes Heist Operation",110000
"video25_111000","video25","High-Stakes Heist Operation",111000
"video25_112000","video25","High-Stakes Heist Operation",112000
"video25_113000","video25","High-Stakes Heist Operation",113000
"video25_114000","video25","High-Stakes Heist Operation",114000
"video25_115000","video25","High-Stakes Heist Operation",115000
"video25_116000","video25","High-Stakes Heist Operation",116000
"video25_117000","video25","High-Stakes Heist Operation",117000
"video25_118000","video25","High-Stakes Heist Operation",118000
"video25_119000","video25","High-Stakes Heist Operation",119000
"video25_120000","video25","High-Stakes Heist Operation",120000
"video25_121000","video25","High-Stakes Heist Operation",121000
"video25_122000","video25","High-Stakes Heist Operation",122000
"video25_123000","video25","High-Stakes Heist Operation",123000
"video25_124000","video25","High-Stakes Heist Operation",124000
"video25_125000","video25","High-Stakes Heist Operation",125000
"video25_126000","video25","High-Stakes Heist Operation",126000
"video25_127000","video25","High-Stakes Heist Operation",127000
"video25_128000","video25","High-Stakes Heist Operation",128000
"video25_129000","video25","High-Stakes Heist Operation",129000
"video25_130000","video25","High-Stakes Heist Operation",130000
"video25_131000","video25","High-Stakes Heist Operation",131000
"video25_132000","video25","High-Stakes Heist Operation",132000
"video25_133000","video25","High-Stakes Heist Operation",133000
"video25_134000","video25","High-Stakes Heist Operation",134000
"video25_135000","video25","High-Stakes Heist Operation",135000
"video25_136000","video25","High-Stakes Heist Operation",136000
"video25_137000","video25","High-Stakes Heist Operation",137000
"video25_138000","video25","High-Stakes Heist Operation",138000
"video25_139000","video25","High-Stakes Heist Operation",139000
"video25_140000","video25","High-Stakes Heist Operation",140000
"video25_141000","video25","High-Stakes Heist Operation",141000
"video25_142000","video25","High-Stakes Heist Operation",142000
"video25_143000","video25","High-Stakes Heist Operation",143000
"video25_144000","video25","High-Stakes Heist Operation",144000
"video25_145000","video25","High-Stakes Heist Operation",145000
"video25_146000","video25","High-Stakes Heist Operation",146000
"video25_147000","video25","High-Stakes Heist Operation",147000
"video25_148000","video25","High-Stakes Heist Operation",148000
"video25_149000","video25","High-Stakes Heist Operation",149000
"video25_150000","video25","High-Stakes Heist Operation",150000
"video25_151000","video25","High-Stakes Heist Operation",151000
"video25_152000","video25","High-Stakes Heist Operation",152000
"video25_153000","video25","High-Stakes Heist Operation",153000
"video25_154000","video25","High-Stakes Heist Operation",154000
"video25_155000","video25","High-Stakes Heist Operation",155000
"video25_156000","video25","High-Stakes Heist Operation",156000
"video25_157000","video25","High-Stakes Heist Operation",157000
"video25_158000","video25","High-Stakes Heist Operation",158000
"video25_159000","video25","High-Stakes Heist Operation",159000
"video25_160000","video25","High-Stakes Heist Operation",160000
"video25_161000","video25","High-Stakes Heist Operation",161000
"video25_162000","video25","High-Stakes Heist Operation",162000
"video25_163000","video25","High-Stakes Heist Operation",163000
"video25_164000","video25","High-Stakes Heist Operation",164000
"video25_165000","video25","High-Stakes Heist Operation",165000
"video25_166000","video25","High-Stakes Heist Operation",166000
"video25_167000","video25","High-Stakes Heist Operation",167000
"video25_168000","video25","High-Stakes Heist Operation",168000
"video25_169000","video25","High-Stakes Heist Operation",169000
"video25_170000","video25","High-Stakes Heist Operation",170000
"video25_171000","video25","High-Stakes Heist Operation",171000
"video25_172000","video25","High-Stakes Heist Operation",172000
"video25_173000","video25","High-Stakes Heist Operation",173000
"video25_174000","video25","High-Stakes Heist Operation",174000
"video25_175000","video25","High-Stakes Heist Operation",175000
"video25_176000","video25","High-Stakes Heist Operation",176000
"video25_177000","video25","High-Stakes Heist Operation",177000
"video25_178000","video25","High-Stakes Heist Operation",178000
"video25_179000","video25","High-Stakes Heist Operation",179000
"video25_180000","video25","High-Stakes Heist Operation",180000
"video25_181000","video25","High-Stakes Heist Operation",181000
"video25_182000","video25","High-Stakes Heist Operation",182000
"video25_183000","video25","High-Stakes Heist Operation",183000
"video25_184000","video25","High-Stakes Heist Operation",184000
"video25_185000","video25","High-Stakes Heist Operation",185000
"video25_186000","video25","High-Stakes Heist Operation",186000
"video25_187000","video25","High-Stakes Heist Operation",187000
"video25_188000","video25","High-Stakes Heist Operation",188000
"video25_189000","video25","High-Stakes Heist Operation",189000
"video25_190000","video25","High-Stakes Heist Operation",190000
"video25_191000","video25","High-Stakes Heist Operation",191000
"video25_192000","video25","High-Stakes Heist Operation",192000
"video25_193000","video25","High-Stakes Heist Operation",193000
"video25_194000","video25","High-Stakes Heist Operation",194000
"video25_195000","video25","High-Stakes Heist Operation",195000
"video25_196000","video25","High-Stakes Heist Operation",196000
"video25_197000","video25","High-Stakes Heist Operation",197000
"video25_198000","video25","High-Stakes Heist Operation",198000
"video25_199000","video25","High-Stakes Heist Operation",199000
"video25_200000","video25","High-Stakes Heist Operation",200000
"video25_201000","video25","High-Stakes Heist Operation",201000
"video25_202000","video25","High-Stakes Heist Operation",202000
"video25_203000","video25","High-Stakes Heist Operation",203000
"video25_204000","video25","High-Stakes Heist Operation",204000
"video25_205000","video25","High-Stakes Heist Operation",205000
"video25_206000","video25","High-Stakes Heist Operation",206000
"video25_207000","video25","High-Stakes Heist Operation",207000
"video25_208000","video25","High-Stakes Heist Operation",208000
"video25_209000","video25","High-Stakes Heist Operation",209000
"video25_210000","video25","High-Stakes Heist Operation",210000
"video25_211000","video25","High-Stakes Heist Operation",211000
"video25_212000","video25","High-Stakes Heist Operation",212000
"video25_213000","video25","High-Stakes Heist Operation",213000
"video25_214000","video25","High-Stakes Heist Operation",214000
"video25_215000","video25","High-Stakes Heist Operation",215000
"video25_216000","video25","High-Stakes Heist Operation",216000
"video25_217000","video25","High-Stakes Heist Operation",217000
"video25_218000","video25","High-Stakes Heist Operation",218000
"video25_219000","video25","High-Stakes Heist Operation",219000
"video25_220000","video25","High-Stakes Heist Operation",220000
"video26_0","video26","The Secrets of Science",0
"video26_1000","video26","The Secrets of Science",1000
"video26_2000","video26","The Secrets of Science",2000
"video26_3000","video26","The Secrets of Science",3000
"video26_4000","video26","The Secrets of Science",4000
"video26_5000","video26","The Secrets of Science",5000
"video26_6000","video26","The Secrets of Science",6000
"video26_7000","video26","The Secrets of Science",7000
"video26_8000","video26","The Secrets of Science",8000
"video26_9000","video26","The Secrets of Science",9000
"video26_10000","video26","The Secrets of Science",10000
"video26_11000","video26","The Secrets of Science",11000
"video26_12000","video26","The Secrets of Science",12000
"video26_13000","video26","The Secrets of Science",13000
"video26_14000","video26","The Secrets of Science",14000
"video26_15000","video26","The Secrets of Science",15000
"video26_16000","video26","The Secrets of Science",16000
"video26_17000","video26","The Secrets of Science",17000
"video26_18000","video26","The Secrets of Science",18000
"video26_19000","video26","The Secrets of Science",19000
"video26_20000","video26","The Secrets of Science",20000
"video26_21000","video26","The Secrets of Science",21000
"video26_22000","video26","The Secrets of Science",22000
"video26_23000","video26","The Secrets of Science",23000
"video26_24000","video26","The Secrets of Science",24000
"video26_25000","video26","The Secrets of Science",25000
"video26_26000","video26","The Secrets of Science",26000
"video26_27000","video26","The Secrets of Science",27000
"video26_28000","video26","The Secrets of Science",28000
"video26_29000","video26","The Secrets of Science",29000
"video26_30000","video26","The Secrets of Science",30000
"video26_31000","video26","The Secrets of Science",31000
"video26_32000","video26","The Secrets of Science",32000
"video26_33000","video26","The Secrets of Science",33000
"video26_34000","video26","The Secrets of Science",34000
"video26_35000","video26","The Secrets of Science",35000
"video26_36000","video26","The Secrets of Science",36000
"video26_37000","video26","The Secrets of Science",37000
"video26_38000","video26","The Secrets of Science",38000
"video26_39000","video26","The Secrets of Science",39000
"video26_40000","video26","The Secrets of Science",40000
"video26_41000","video26","The Secrets of Science",41000
"video26_42000","video26","The Secrets of Science",42000
"video26_43000","video26","The Secrets of Science",43000
"video26_44000","video26","The Secrets of Science",44000
"video26_45000","video26","The Secrets of Science",45000
"video26_46000","video26","The Secrets of Science",46000
"video26_47000","video26","The Secrets of Science",47000
"video26_48000","video26","The Secrets of Science",48000
"video26_49000","video26","The Secrets of Science",49000
"video26_50000","video26","The Secrets of Science",50000
"video26_51000","video26","The Secrets of Science",51000
"video26_52000","video26","The Secrets of Science",52000
"video26_53000","video26","The Secrets of Science",53000
"video26_54000","video26","The Secrets of Science",54000
"video26_55000","video26","The Secrets of Science",55000
"video26_56000","video26","The Secrets of Science",56000
"video26_57000","video26","The Secrets of Science",57000
"video26_58000","video26","The Secrets of Science",58000
"video26_59000","video26","The Secrets of Science",59000
"video26_60000","video26","The Secrets of Science",60000
"video26_61000","video26","The Secrets of Science",61000
"video26_62000","video26","The Secrets of Science",62000
"video26_63000","video26","The Secrets of Science",63000
"video26_64000","video26","The Secrets of Science",64000
"video26_65000","video26","The Secrets of Science",65000
"video26_66000","video26","The Secrets of Science",66000
"video26_67000","video26","The Secrets of Science",67000
"video26_68000","video26","The Secrets of Science",68000
"video26_69000","video26","The Secrets of Science",69000
"video26_70000","video26","The Secrets of Science",70000
"video26_71000","video26","The Secrets of Science",71000
"video26_72000","video26","The Secrets of Science",72000
"video26_73000","video26","The Secrets of Science",73000
"video26_74000","video26","The Secrets of Science",74000
"video26_75000","video26","The Secrets of Science",75000
"video26_76000","video26","The Secrets of Science",76000
"video26_77000","video26","The Secrets of Science",77000
"video26_78000","video26","The Secrets of Science",78000
"video26_79000","video26","The Secrets of Science",79000
"video26_80000","video26","The Secrets of Science",80000
"video26_81000","video26","The Secrets of Science",81000
"video26_82000","video26","The Secrets of Science",82000
"video26_83000","video26","The Secrets of Science",83000
"video26_84000","video26","The Secrets of Science",84000
"video26_85000","video26","The Secrets of Science",85000
"video26_86000","video26","The Secrets of Science",86000
"video26_87000","video26","The Secrets of Science",87000
"video26_88000","video26","The Secrets of Science",88000
"video26_89000","video26","The Secrets of Science",89000
"video26_90000","video26","The Secrets of Science",90000
"video26_91000","video26","The Secrets of Science",91000
"video26_92000","video26","The Secrets of Science",92000
"video26_93000","video26","The Secrets of Science",93000
"video26_94000","video26","The Secrets of Science",94000
"video26_95000","video26","The Secrets of Science",95000
"video26_96000","video26","The Secrets of Science",96000
"video26_97000","video26","The Secrets of Science",97000
"video26_98000","video26","The Secrets of Science",98000
"video26_99000","video26","The Secrets of Science",99000
"video26_100000","video26","The Secrets of Science",100000
"video26_101000","video26","The Secrets of Science",101000
"video26_102000","video26","The Secrets of Science",102000
"video26_103000","video26","The Secrets of Science",103000
"video26_104000","video26","The Secrets of Science",104000
"video26_105000","video26","The Secrets of Science",105000
"video26_106000","video26","The Secrets of Science",106000
"video26_107000","video26","The Secrets of Science",107000
"video26_108000","video26","The Secrets of Science",108000
"video26_109000","video26","The Secrets of Science",109000
"video26_110000","video26","The Secrets of Science",110000
"video26_111000","video26","The Secrets of Science",111000
"video26_112000","video26","The Secrets of Science",112000
"video26_113000","video26","The Secrets of Science",113000
"video26_114000","video26","The Secrets of Science",114000
"video26_115000","video26","The Secrets of Science",115000
"video26_116000","video26","The Secrets of Science",116000
"video26_117000","video26","The Secrets of Science",117000
"video26_118000","video26","The Secrets of Science",118000
"video26_119000","video26","The Secrets of Science",119000
"video26_120000","video26","The Secrets of Science",120000
"video26_121000","video26","The Secrets of Science",121000
"video26_122000","video26","The Secrets of Science",122000
"video26_123000","video26","The Secrets of Science",123000
"video26_124000","video26","The Secrets of Science",124000
"video26_125000","video26","The Secrets of Science",125000
"video26_126000","video26","The Secrets of Science",126000
"video26_127000","video26","The Secrets of Science",127000
"video26_128000","video26","The Secrets of Science",128000
"video26_129000","video26","The Secrets of Science",129000
"video26_130000","video26","The Secrets of Science",130000
"video26_131000","video26","The Secrets of Science",131000
"video26_132000","video26","The Secrets of Science",132000
"video26_133000","video26","The Secrets of Science",133000
"video26_134000","video26","The Secrets of Science",134000
"video26_135000","video26","The Secrets of Science",135000
"video26_136000","video26","The Secrets of Science",136000
"video26_137000","video26","The Secrets of Science",137000
"video26_138000","video26","The Secrets of Science",138000
"video26_139000","video26","The Secrets of Science",139000
"video26_140000","video26","The Secrets of Science",140000
"video26_141000","video26","The Secrets of Science",141000
"video26_142000","video26","The Secrets of Science",142000
"video26_143000","video26","The Secrets of Science",143000
"video26_144000","video26","The Secrets of Science",144000
"video26_145000","video26","The Secrets of Science",145000
"video26_146000","video26","The Secrets of Science",146000
"video26_147000","video26","The Secrets of Science",147000
"video26_148000","video26","The Secrets of Science",148000
"video26_149000","video26","The Secrets of Science",149000
"video26_150000","video26","The Secrets of Science",150000
"video26_151000","video26","The Secrets of Science",151000
"video26_152000","video26","The Secrets of Science",152000
"video26_153000","video26","The Secrets of Science",153000
"video26_154000","video26","The Secrets of Science",154000
"video26_155000","video26","The Secrets of Science",155000
"video26_156000","video26","The Secrets of Science",156000
"video26_157000","video26","The Secrets of Science",157000
"video26_158000","video26","The Secrets of Science",158000
"video26_159000","video26","The Secrets of Science",159000
"video26_160000","video26","The Secrets of Science",160000
"video26_161000","video26","The Secrets of Science",161000
"video26_162000","video26","The Secrets of Science",162000
"video26_163000","video26","The Secrets of Science",163000
"video26_164000","video26","The Secrets of Science",164000
"video26_165000","video26","The Secrets of Science",165000
"video26_166000","video26","The Secrets of Science",166000
"video26_167000","video26","The Secrets of Science",167000
"video26_168000","video26","The Secrets of Science",168000
"video26_169000","video26","The Secrets of Science",169000
"video26_170000","video26","The Secrets of Science",170000
"video26_171000","video26","The Secrets of Science",171000
"video26_172000","video26","The Secrets of Science",172000
"video26_173000","video26","The Secrets of Science",173000
"video26_174000","video26","The Secrets of Science",174000
"video26_175000","video26","The Secrets of Science",175000
"video26_176000","video26","The Secrets of Science",176000
"video26_177000","video26","The Secrets of Science",177000
"video26_178000","video26","The Secrets of Science",178000
"video26_179000","video26","The Secrets of Science",179000
"video26_180000","video26","The Secrets of Science",180000
"video26_181000","video26","The Secrets of Science",181000
"video26_182000","video26","The Secrets of Science",182000
"video26_183000","video26","The Secrets of Science",183000
"video27_0","video27","Light-Hearted Romantic Comedy",0
"video27_1000","video27","Light-Hearted Romantic Comedy",1000
"video27_2000","video27","Light-Hearted Romantic Comedy",2000
"video27_3000","video27","Light-Hearted Romantic Comedy",3000
"video27_4000","video27","Light-Hearted Romantic Comedy",4000
"video27_5000","video27","Light-Hearted Romantic Comedy",5000
"video27_6000","video27","Light-Hearted Romantic Comedy",6000
"video27_7000","video27","Light-Hearted Romantic Comedy",7000
"video27_8000","video27","Light-Hearted Romantic Comedy",8000
"video27_9000","video27","Light-Hearted Romantic Comedy",9000
"video27_10000","video27","Light-Hearted Romantic Comedy",10000
"video27_11000","video27","Light-Hearted Romantic Comedy",11000
"video27_12000","video27","Light-Hearted Romantic Comedy",12000
"video27_13000","video27","Light-Hearted Romantic Comedy",13000
"video27_14000","video27","Light-Hearted Romantic Comedy",14000
"video27_15000","video27","Light-Hearted Romantic Comedy",15000
"video27_16000","video27","Light-Hearted Romantic Comedy",16000
"video27_17000","video27","Light-Hearted Romantic Comedy",17000
"video27_18000","video27","Light-Hearted Romantic Comedy",18000
"video27_19000","video27","Light-Hearted Romantic Comedy",19000
"video27_20000","video27","Light-Hearted Romantic Comedy",20000
"video27_21000","video27","Light-Hearted Romantic Comedy",21000
"video27_22000","video27","Light-Hearted Romantic Comedy",22000
"video27_23000","video27","Light-Hearted Romantic Comedy",23000
"video27_24000","video27","Light-Hearted Romantic Comedy",24000
"video27_25000","video27","Light-Hearted Romantic Comedy",25000
"video27_26000","video27","Light-Hearted Romantic Comedy",26000
"video27_27000","video27","Light-Hearted Romantic Comedy",27000
"video27_28000","video27","Light-Hearted Romantic Comedy",28000
"video27_29000","video27","Light-Hearted Romantic Comedy",29000
"video27_30000","video27","Light-Hearted Romantic Comedy",30000
"video27_31000","video27","Light-Hearted Romantic Comedy",31000
"video27_32000","video27","Light-Hearted Romantic Comedy",32000
"video27_33000","video27","Light-Hearted Romantic Comedy",33000
"video27_34000","video27","Light-Hearted Romantic Comedy",34000
"video27_35000","video27","Light-Hearted Romantic Comedy",35000
"video27_36000","video27","Light-Hearted Romantic Comedy",36000
"video27_37000","video27","Light-Hearted Romantic Comedy",37000
"video27_38000","video27","Light-Hearted Romantic Comedy",38000
"video27_39000","video27","Light-Hearted Romantic Comedy",39000
"video27_40000","video27","Light-Hearted Romantic Comedy",40000
"video27_41000","video27","Light-Hearted Romantic Comedy",41000
"video27_42000","video27","Light-Hearted Romantic Comedy",42000
"video27_43000","video27","Light-Hearted Romantic Comedy",43000
"video27_44000","video27","Light-Hearted Romantic Comedy",44000
"video27_45000","video27","Light-Hearted Romantic Comedy",45000
"video27_46000","video27","Light-Hearted Romantic Comedy",46000
"video27_47000","video27","Light-Hearted Romantic Comedy",47000
"video27_48000","video27","Light-Hearted Romantic Comedy",48000
"video27_49000","video27","Light-Hearted Romantic Comedy",49000
"video27_50000","video27","Light-Hearted Romantic Comedy",50000
"video27_51000","video27","Light-Hearted Romantic Comedy",51000
"video27_52000","video27","Light-Hearted Romantic Comedy",52000
"video27_53000","video27","Light-Hearted Romantic Comedy",53000
"video27_54000","video27","Light-Hearted Romantic Comedy",54000
"video27_55000","video27","Light-Hearted Romantic Comedy",55000
"video27_56000","video27","Light-Hearted Romantic Comedy",56000
"video27_57000","video27","Light-Hearted Romantic Comedy",57000
"video27_58000","video27","Light-Hearted Romantic Comedy",58000
"video27_59000","video27","Light-Hearted Romantic Comedy",59000
"video27_60000","video27","Light-Hearted Romantic Comedy",60000
"video27_61000","video27","Light-Hearted Romantic Comedy",61000
"video27_62000","video27","Light-Hearted Romantic Comedy",62000
"video27_63000","video27","Light-Hearted Romantic Comedy",63000
"video27_64000","video27","Light-Hearted Romantic Comedy",64000
"video27_65000","video27","Light-Hearted Romantic Comedy",65000
"video27_66000","video27","Light-Hearted Romantic Comedy",66000
"video27_67000","video27","Light-Hearted Romantic Comedy",67000
"video27_68000","video27","Light-Hearted Romantic Comedy",68000
"video27_69000","video27","Light-Hearted Romantic Comedy",69000
"video27_70000","video27","Light-Hearted Romantic Comedy",70000
"video27_71000","video27","Light-Hearted Romantic Comedy",71000
"video27_72000","video27","Light-Hearted Romantic Comedy",72000
"video27_73000","video27","Light-Hearted Romantic Comedy",73000
"video27_74000","video27","Light-Hearted Romantic Comedy",74000
"video27_75000","video27","Light-Hearted Romantic Comedy",75000
"video27_76000","video27","Light-Hearted Romantic Comedy",76000
"video27_77000","video27","Light-Hearted Romantic Comedy",77000
"video27_78000","video27","Light-Hearted Romantic Comedy",78000
"video27_79000","video27","Light-Hearted Romantic Comedy",79000
"video27_80000","video27","Light-Hearted Romantic Comedy",80000
"video27_81000","video27","Light-Hearted Romantic Comedy",81000
"video27_82000","video27","Light-Hearted Romantic Comedy",82000
"video27_83000","video27","Light-Hearted Romantic Comedy",83000
"video27_84000","video27","Light-Hearted Romantic Comedy",84000
"video27_85000","video27","Light-Hearted Romantic Comedy",85000
"video27_86000","video27","Light-Hearted Romantic Comedy",86000
"video27_87000","video27","Light-Hearted Romantic Comedy",87000
"video27_88000","video27","Light-Hearted Romantic Comedy",88000
"video27_89000","video27","Light-Hearted Romantic Comedy",89000
"video27_90000","video27","Light-Hearted Romantic Comedy",90000
"video27_91000","video27","Light-Hearted Romantic Comedy",91000
"video27_92000","video27","Light-Hearted Romantic Comedy",92000
"video27_93000","video27","Light-Hearted Romantic Comedy",93000
"video27_94000","video27","Light-Hearted Romantic Comedy",94000
"video27_95000","video27","Light-Hearted Romantic Comedy",95000
"video27_96000","video27","Light-Hearted Romantic Comedy",96000
"video27_97000","video27","Light-Hearted Romantic Comedy",97000
"video27_98000","video27","Light-Hearted Romantic Comedy",98000
"video27_99000","video27","Light-Hearted Romantic Comedy",99000
"video27_100000","video27","Light-Hearted Romantic Comedy",100000
"video27_101000","video27","Light-Hearted Romantic Comedy",101000
"video27_102000","video27","Light-Hearted Romantic Comedy",102000
"video27_103000","video27","Light-Hearted Romantic Comedy",103000
"video27_104000","video27","Light-Hearted Romantic Comedy",104000
"video27_105000","video27","Light-Hearted Romantic Comedy",105000
"video27_106000","video27","Light-Hearted Romantic Comedy",106000
"video27_107000","video27","Light-Hearted Romantic Comedy",107000
"video27_108000","video27","Light-Hearted Romantic Comedy",108000
"video27_109000","video27","Light-Hearted Romantic Comedy",109000
"video27_110000","video27","Light-Hearted Romantic Comedy",110000
"video27_111000","video27","Light-Hearted Romantic Comedy",111000
"video27_112000","video27","Light-Hearted Romantic Comedy",112000
"video27_113000","video27","Light-Hearted Romantic Comedy",113000
"video27_114000","video27","Light-Hearted Romantic Comedy",114000
"video27_115000","video27","Light-Hearted Romantic Comedy",115000
"video27_116000","video27","Light-Hearted Romantic Comedy",116000
"video27_117000","video27","Light-Hearted Romantic Comedy",117000
"video27_118000","video27","Light-Hearted Romantic Comedy",118000
"video27_119000","video27","Light-Hearted Romantic Comedy",119000
"video27_120000","video27","Light-Hearted Romantic Comedy",120000
"video27_121000","video27","Light-Hearted Romantic Comedy",121000
"video27_122000","video27","Light-Hearted Romantic Comedy",122000
"video27_123000","video27","Light-Hearted Romantic Comedy",123000
"video27_124000","video27","Light-Hearted Romantic Comedy",124000
"video27_125000","video27","Light-Hearted Romantic Comedy",125000
"video27_126000","video27","Light-Hearted Romantic Comedy",126000
"video27_127000","video27","Light-Hearted Romantic Comedy",127000
"video27_128000","video27","Light-Hearted Romantic Comedy",128000
"video27_129000","video27","Light-Hearted Romantic Comedy",129000
"video27_130000","video27","Light-Hearted Romantic Comedy",130000
"video27_131000","video27","Light-Hearted Romantic Comedy",131000
"video27_132000","video27","Light-Hearted Romantic Comedy",132000
"video27_133000","video27","Light-Hearted Romantic Comedy",133000
"video27_134000","video27","Light-Hearted Romantic Comedy",134000
"video27_135000","video27","Light-Hearted Romantic Comedy",135000
"video27_136000","video27","Light-Hearted Romantic Comedy",136000
"video27_137000","video27","Light-Hearted Romantic Comedy",137000
"video27_138000","video27","Light-Hearted Romantic Comedy",138000
"video27_139000","video27","Light-Hearted Romantic Comedy",139000
"video27_140000","video27","Light-Hearted Romantic Comedy",140000
"video27_141000","video27","Light-Hearted Romantic Comedy",141000
"video27_142000","video27","Light-Hearted Romantic Comedy",142000
"video27_143000","video27","Light-Hearted Romantic Comedy",143000
"video27_144000","video27","Light-Hearted Romantic Comedy",144000
"video27_145000","video27","Light-Hearted Romantic Comedy",145000
"video27_146000","video27","Light-Hearted Romantic Comedy",146000
"video27_147000","video27","Light-Hearted Romantic Comedy",147000
"video27_148000","video27","Light-Hearted Romantic Comedy",148000
"video27_149000","video27","Light-Hearted Romantic Comedy",149000
"video27_150000","video27","Light-Hearted Romantic Comedy",150000
"video27_151000","video27","Light-Hearted Romantic Comedy",151000
"video27_152000","video27","Light-Hearted Romantic Comedy",152000
"video27_153000","video27","Light-Hearted Romantic Comedy",153000
"video27_154000","video27","Light-Hearted Romantic Comedy",154000
"video27_155000","video27","Light-Hearted Romantic Comedy",155000
"video27_156000","video27","Light-Hearted Romantic Comedy",156000
"video27_157000","video27","Light-Hearted Romantic Comedy",157000
"video27_158000","video27","Light-Hearted Romantic Comedy",158000
"video27_159000","video27","Light-Hearted Romantic Comedy",159000
"video27_160000","video27","Light-Hearted Romantic Comedy",160000
"video27_161000","video27","Light-Hearted Romantic Comedy",161000
"video27_162000","video27","Light-Hearted Romantic Comedy",162000
"video27_163000","video27","Light-Hearted Romantic Comedy",163000
"video27_164000","video27","Light-Hearted Romantic Comedy",164000
"video27_165000","video27","Light-Hearted Romantic Comedy",165000
"video27_166000","video27","Light-Hearted Romantic Comedy",166000
"video27_167000","video27","Light-Hearted Romantic Comedy",167000
"video27_168000","video27","Light-Hearted Romantic Comedy",168000
"video27_169000","video27","Light-Hearted Romantic Comedy",169000
"video27_170000","video27","Light-Hearted Romantic Comedy",170000
"video27_171000","video27","Light-Hearted Romantic Comedy",171000
"video27_172000","video27","Light-Hearted Romantic Comedy",172000
"video27_173000","video27","Light-Hearted Romantic Comedy",173000
"video27_174000","video27","Light-Hearted Romantic Comedy",174000
"video27_175000","video27","Light-Hearted Romantic Comedy",175000
"video27_176000","video27","Light-Hearted Romantic Comedy",176000
"video27_177000","video27","Light-Hearted Romantic Comedy",177000
"video27_178000","video27","Light-Hearted Romantic Comedy",178000
"video27_179000","video27","Light-Hearted Romantic Comedy",179000
"video27_180000","video27","Light-Hearted Romantic Comedy",180000
"video27_181000","video27","Light-Hearted Romantic Comedy",181000
"video27_182000","video27","Light-Hearted Romantic Comedy",182000
"video27_183000","video27","Light-Hearted Romantic Comedy",183000
"video27_184000","video27","Light-Hearted Romantic Comedy",184000
"video27_185000","video27","Light-Hearted Romantic Comedy",185000
"video27_186000","video27","Light-Hearted Romantic Comedy",186000
"video27_187000","video27","Light-Hearted Romantic Comedy",187000
"video27_188000","video27","Light-Hearted Romantic Comedy",188000
"video27_189000","video27","Light-Hearted Romantic Comedy",189000
"video27_190000","video27","Light-Hearted Romantic Comedy",190000
"video27_191000","video27","Light-Hearted Romantic Comedy",191000
"video27_192000","video27","Light-Hearted Romantic Comedy",192000
"video27_193000","video27","Light-Hearted Romantic Comedy",193000
"video27_194000","video27","Light-Hearted Romantic Comedy",194000
"video27_195000","video27","Light-Hearted Romantic Comedy",195000
"video27_196000","video27","Light-Hearted Romantic Comedy",196000
"video27_197000","video27","Light-Hearted Romantic Comedy",197000
"video27_198000","video27","Light-Hearted Romantic Comedy",198000
"video27_199000","video27","Light-Hearted Romantic Comedy",199000
"video27_200000","video27","Light-Hearted Romantic Comedy",200000
"video27_201000","video27","Light-Hearted Romantic Comedy",201000
"video27_202000","video27","Light-Hearted Romantic Comedy",202000
"video27_203000","video27","Light-Hearted Romantic Comedy",203000
"video27_204000","video27","Light-Hearted Romantic Comedy",204000
"video27_205000","video27","Light-Hearted Romantic Comedy",205000
"video27_206000","video27","Light-Hearted Romantic Comedy",206000
"video27_207000","video27","Light-Hearted Romantic Comedy",207000
"video27_208000","video27","Light-Hearted Romantic Comedy",208000
"video27_209000","video27","Light-Hearted Romantic Comedy",209000
"video27_210000","video27","Light-Hearted Romantic Comedy",210000
"video27_211000","video27","Light-Hearted Romantic Comedy",211000
"video27_212000","video27","Light-Hearted Romantic Comedy",212000
"video27_213000","video27","Light-Hearted Romantic Comedy",213000
"video27_214000","video27","Light-Hearted Romantic Comedy",214000
"video27_215000","video27","Light-Hearted Romantic Comedy",215000
"video27_216000","video27","Light-Hearted Romantic Comedy",216000
"video27_217000","video27","Light-Hearted Romantic Comedy",217000
"video27_218000","video27","Light-Hearted Romantic Comedy",218000
"video27_219000","video27","Light-Hearted Romantic Comedy",219000
"video27_220000","video27","Light-Hearted Romantic Comedy",220000
"video27_221000","video27","Light-Hearted Romantic Comedy",221000
"video27_222000","video27","Light-Hearted Romantic Comedy",222000
"video27_223000","video27","Light-Hearted Romantic Comedy",223000
"video27_224000","video27","Light-Hearted Romantic Comedy",224000
"video27_225000","video27","Light-Hearted Romantic Comedy",225000
"video27_226000","video27","Light-Hearted Romantic Comedy",226000
"video27_227000","video27","Light-Hearted Romantic Comedy",227000
"video27_228000","video27","Light-Hearted Romantic Comedy",228000
"video27_229000","video27","Light-Hearted Romantic Comedy",229000
"video27_230000","video27","Light-Hearted Romantic Comedy",230000
"video27_231000","video27","Light-Hearted Romantic Comedy",231000
"video27_232000","video27","Light-Hearted Romantic Comedy",232000
"video27_233000","video27","Light-Hearted Romantic Comedy",233000
"video27_234000","video27","Light-Hearted Romantic Comedy",234000
"video27_235000","video27","Light-Hearted Romantic Comedy",235000
"video27_236000","video27","Light-Hearted Romantic Comedy",236000
"video27_237000","video27","Light-Hearted Romantic Comedy",237000
"video27_238000","video27","Light-Hearted Romantic Comedy",238000
"video27_239000","video27","Light-Hearted Romantic Comedy",239000
"video27_240000","video27","Light-Hearted Romantic Comedy",240000
"video27_241000","video27","Light-Hearted Romantic Comedy",241000
"video27_242000","video27","Light-Hearted Romantic Comedy",242000
"video27_243000","video27","Light-Hearted Romantic Comedy",243000
"video27_244000","video27","Light-Hearted Romantic Comedy",244000
"video27_245000","video27","Light-Hearted Romantic Comedy",245000
"video27_246000","video27","Light-Hearted Romantic Comedy",246000
"video27_247000","video27","Light-Hearted Romantic Comedy",247000
"video27_248000","video27","Light-Hearted Romantic Comedy",248000
"video27_249000","video27","Light-Hearted Romantic Comedy",249000
"video27_250000","video27","Light-Hearted Romantic Comedy",250000
"video27_251000","video27","Light-Hearted Romantic Comedy",251000
"video27_252000","video27","Light-Hearted Romantic Comedy",252000
"video27_253000","video27","Light-Hearted Romantic Comedy",253000
"video27_254000","video27","Light-Hearted Romantic Comedy",254000
"video27_255000","video27","Light-Hearted Romantic Comedy",255000
"video27_256000","video27","Light-Hearted Romantic Comedy",256000
"video27_257000","video27","Light-Hearted Romantic Comedy",257000
"video27_258000","video27","Light-Hearted Romantic Comedy",258000
"video27_259000","video27","Light-Hearted Romantic Comedy",259000
"video27_260000","video27","Light-Hearted Romantic Comedy",260000
"video27_261000","video27","Light-Hearted Romantic Comedy",261000
"video27_262000","video27","Light-Hearted Romantic Comedy",262000
"video27_263000","video27","Light-Hearted Romantic Comedy",263000
"video27_264000","video27","Light-Hearted Romantic Comedy",264000
"video27_265000","video27","Light-Hearted Romantic Comedy",265000
"video27_266000","video27","Light-Hearted Romantic Comedy",266000
"video27_267000","video27","Light-Hearted Romantic Comedy",267000
"video27_268000","video27","Light-Hearted Romantic Comedy",268000
"video27_269000","video27","Light-Hearted Romantic Comedy",269000
"video27_270000","video27","Light-Hearted Romantic Comedy",270000
"video27_271000","video27","Light-Hearted Romantic Comedy",271000
"video27_272000","video27","Light-Hearted Romantic Comedy",272000
"video27_273000","video27","Light-Hearted Romantic Comedy",273000
"video27_274000","video27","Light-Hearted Romantic Comedy",274000
"video27_275000","video27","Light-Hearted Romantic Comedy",275000
"video27_276000","video27","Light-Hearted Romantic Comedy",276000
"video27_277000","video27","Light-Hearted Romantic Comedy",277000
"video27_278000","video27","Light-Hearted Romantic Comedy",278000
"video27_279000","video27","Light-Hearted Romantic Comedy",279000
"video27_280000","video27","Light-Hearted Romantic Comedy",280000
"video27_281000","video27","Light-Hearted Romantic Comedy",281000
"video27_282000","video27","Light-Hearted Romantic Comedy",282000
"video27_283000","video27","Light-Hearted Romantic Comedy",283000
"video27_284000","video27","Light-Hearted Romantic Comedy",284000
"video27_285000","video27","Light-Hearted Romantic Comedy",285000
"video27_286000","video27","Light-Hearted Romantic Comedy",286000
"video27_287000","video27","Light-Hearted Romantic Comedy",287000
"video27_288000","video27","Light-Hearted Romantic Comedy",288000
"video27_289000","video27","Light-Hearted Romantic Comedy",289000
"video27_290000","video27","Light-Hearted Romantic Comedy",290000
"video27_291000","video27","Light-Hearted Romantic Comedy",291000
"video27_292000","video27","Light-Hearted Romantic Comedy",292000
"video27_293000","video27","Light-Hearted Romantic Comedy",293000
"video27_294000","video27","Light-Hearted Romantic Comedy",294000
"video27_295000","video27","Light-Hearted Romantic Comedy",295000
"video27_296000","video27","Light-Hearted Romantic Comedy",296000
"video27_297000","video27","Light-Hearted Romantic Comedy",297000
"video27_298000","video27","Light-Hearted Romantic Comedy",298000
"video27_299000","video27","Light-Hearted Romantic Comedy",299000
"video27_300000","video27","Light-Hearted Romantic Comedy",300000
"video27_301000","video27","Light-Hearted Romantic Comedy",301000
"video27_302000","video27","Light-Hearted Romantic Comedy",302000
"video27_303000","video27","Light-Hearted Romantic Comedy",303000
"video27_304000","video27","Light-Hearted Romantic Comedy",304000
"video27_305000","video27","Light-Hearted Romantic Comedy",305000
"video27_306000","video27","Light-Hearted Romantic Comedy",306000
"video27_307000","video27","Light-Hearted Romantic Comedy",307000
"video27_308000","video27","Light-Hearted Romantic Comedy",308000
"video27_309000","video27","Light-Hearted Romantic Comedy",309000
"video27_310000","video27","Light-Hearted Romantic Comedy",310000
"video27_311000","video27","Light-Hearted Romantic Comedy",311000
"video27_312000","video27","Light-Hearted Romantic Comedy",312000
"video27_313000","video27","Light-Hearted Romantic Comedy",313000
"video27_314000","video27","Light-Hearted Romantic Comedy",314000
"video27_315000","video27","Light-Hearted Romantic Comedy",315000
"video27_316000","video27","Light-Hearted Romantic Comedy",316000
"video27_317000","video27","Light-Hearted Romantic Comedy",317000
"video27_318000","video27","Light-Hearted Romantic Comedy",318000
"video27_319000","video27","Light-Hearted Romantic Comedy",319000
"video27_320000","video27","Light-Hearted Romantic Comedy",320000
"video27_321000","video27","Light-Hearted Romantic Comedy",321000
"video27_322000","video27","Light-Hearted Romantic Comedy",322000
"video27_323000","video27","Light-Hearted Romantic Comedy",323000
"video27_324000","video27","Light-Hearted Romantic Comedy",324000
"video27_325000","video27","Light-Hearted Romantic Comedy",325000
"video27_326000","video27","Light-Hearted Romantic Comedy",326000
"video27_327000","video27","Light-Hearted Romantic Comedy",327000
"video27_328000","video27","Light-Hearted Romantic Comedy",328000
"video27_329000","video27","Light-Hearted Romantic Comedy",329000
"video27_330000","video27","Light-Hearted Romantic Comedy",330000
"video27_331000","video27","Light-Hearted Romantic Comedy",331000
"video27_332000","video27","Light-Hearted Romantic Comedy",332000
"video27_333000","video27","Light-Hearted Romantic Comedy",333000
"video27_334000","video27","Light-Hearted Romantic Comedy",334000
"video27_335000","video27","Light-Hearted Romantic Comedy",335000
"video27_336000","video27","Light-Hearted Romantic Comedy",336000
"video27_337000","video27","Light-Hearted Romantic Comedy",337000
"video27_338000","video27","Light-Hearted Romantic Comedy",338000
"video27_339000","video27","Light-Hearted Romantic Comedy",339000
"video27_340000","video27","Light-Hearted Romantic Comedy",340000
"video27_341000","video27","Light-Hearted Romantic Comedy",341000
"video27_342000","video27","Light-Hearted Romantic Comedy",342000
"video27_343000","video27","Light-Hearted Romantic Comedy",343000
"video27_344000","video27","Light-Hearted Romantic Comedy",344000
"video27_345000","video27","Light-Hearted Romantic Comedy",345000
"video27_346000","video27","Light-Hearted Romantic Comedy",346000
"video27_347000","video27","Light-Hearted Romantic Comedy",347000
"video27_348000","video27","Light-Hearted Romantic Comedy",348000
"video28_0","video28","Edge of Your Seat Thrillers",0
"video28_1000","video28","Edge of Your Seat Thrillers",1000
"video28_2000","video28","Edge of Your Seat Thrillers",2000
"video28_3000","video28","Edge of Your Seat Thrillers",3000
"video28_4000","video28","Edge of Your Seat Thrillers",4000
"video28_5000","video28","Edge of Your Seat Thrillers",5000
"video28_6000","video28","Edge of Your Seat Thrillers",6000
"video28_7000","video28","Edge of Your Seat Thrillers",7000
"video28_8000","video28","Edge of Your Seat Thrillers",8000
"video28_9000","video28","Edge of Your Seat Thrillers",9000
"video28_10000","video28","Edge of Your Seat Thrillers",10000
"video28_11000","video28","Edge of Your Seat Thrillers",11000
"video28_12000","video28","Edge of Your Seat Thrillers",12000
"video28_13000","video28","Edge of Your Seat Thrillers",13000
"video28_14000","video28","Edge of Your Seat Thrillers",14000
"video28_15000","video28","Edge of Your Seat Thrillers",15000
"video28_16000","video28","Edge of Your Seat Thrillers",16000
"video28_17000","video28","Edge of Your Seat Thrillers",17000
"video28_18000","video28","Edge of Your Seat Thrillers",18000
"video28_19000","video28","Edge of Your Seat Thrillers",19000
"video28_20000","video28","Edge of Your Seat Thrillers",20000
"video28_21000","video28","Edge of Your Seat Thrillers",21000
"video28_22000","video28","Edge of Your Seat Thrillers",22000
"video28_23000","video28","Edge of Your Seat Thrillers",23000
"video28_24000","video28","Edge of Your Seat Thrillers",24000
"video28_25000","video28","Edge of Your Seat Thrillers",25000
"video28_26000","video28","Edge of Your Seat Thrillers",26000
"video28_27000","video28","Edge of Your Seat Thrillers",27000
"video28_28000","video28","Edge of Your Seat Thrillers",28000
"video28_29000","video28","Edge of Your Seat Thrillers",29000
"video28_30000","video28","Edge of Your Seat Thrillers",30000
"video28_31000","video28","Edge of Your Seat Thrillers",31000
"video28_32000","video28","Edge of Your Seat Thrillers",32000
"video28_33000","video28","Edge of Your Seat Thrillers",33000
"video28_34000","video28","Edge of Your Seat Thrillers",34000
"video28_35000","video28","Edge of Your Seat Thrillers",35000
"video28_36000","video28","Edge of Your Seat Thrillers",36000
"video28_37000","video28","Edge of Your Seat Thrillers",37000
"video28_38000","video28","Edge of Your Seat Thrillers",38000
"video28_39000","video28","Edge of Your Seat Thrillers",39000
"video28_40000","video28","Edge of Your Seat Thrillers",40000
"video28_41000","video28","Edge of Your Seat Thrillers",41000
"video28_42000","video28","Edge of Your Seat Thrillers",42000
"video28_43000","video28","Edge of Your Seat Thrillers",43000
"video28_44000","video28","Edge of Your Seat Thrillers",44000
"video28_45000","video28","Edge of Your Seat Thrillers",45000
"video28_46000","video28","Edge of Your Seat Thrillers",46000
"video28_47000","video28","Edge of Your Seat Thrillers",47000
"video28_48000","video28","Edge of Your Seat Thrillers",48000
"video28_49000","video28","Edge of Your Seat Thrillers",49000
"video28_50000","video28","Edge of Your Seat Thrillers",50000
"video28_51000","video28","Edge of Your Seat Thrillers",51000
"video28_52000","video28","Edge of Your Seat Thrillers",52000
"video28_53000","video28","Edge of Your Seat Thrillers",53000
"video28_54000","video28","Edge of Your Seat Thrillers",54000
"video28_55000","video28","Edge of Your Seat Thrillers",55000
"video28_56000","video28","Edge of Your Seat Thrillers",56000
"video28_57000","video28","Edge of Your Seat Thrillers",57000
"video28_58000","video28","Edge of Your Seat Thrillers",58000
"video28_59000","video28","Edge of Your Seat Thrillers",59000
"video28_60000","video28","Edge of Your Seat Thrillers",60000
"video28_61000","video28","Edge of Your Seat Thrillers",61000
"video28_62000","video28","Edge of Your Seat Thrillers",62000
"video28_63000","video28","Edge of Your Seat Thrillers",63000
"video28_64000","video28","Edge of Your Seat Thrillers",64000
"video28_65000","video28","Edge of Your Seat Thrillers",65000
"video28_66000","video28","Edge of Your Seat Thrillers",66000
"video28_67000","video28","Edge of Your Seat Thrillers",67000
"video28_68000","video28","Edge of Your Seat Thrillers",68000
"video28_69000","video28","Edge of Your Seat Thrillers",69000
"video28_70000","video28","Edge of Your Seat Thrillers",70000
"video28_71000","video28","Edge of Your Seat Thrillers",71000
"video28_72000","video28","Edge of Your Seat Thrillers",72000
"video28_73000","video28","Edge of Your Seat Thrillers",73000
"video28_74000","video28","Edge of Your Seat Thrillers",74000
"video28_75000","video28","Edge of Your Seat Thrillers",75000
"video28_76000","video28","Edge of Your Seat Thrillers",76000
"video28_77000","video28","Edge of Your Seat Thrillers",77000
"video28_78000","video28","Edge of Your Seat Thrillers",78000
"video28_79000","video28","Edge of Your Seat Thrillers",79000
"video28_80000","video28","Edge of Your Seat Thrillers",80000
"video28_81000","video28","Edge of Your Seat Thrillers",81000
"video28_82000","video28","Edge of Your Seat Thrillers",82000
"video28_83000","video28","Edge of Your Seat Thrillers",83000
"video28_84000","video28","Edge of Your Seat Thrillers",84000
"video28_85000","video28","Edge of Your Seat Thrillers",85000
"video28_86000","video28","Edge of Your Seat Thrillers",86000
"video28_87000","video28","Edge of Your Seat Thrillers",87000
"video28_88000","video28","Edge of Your Seat Thrillers",88000
"video28_89000","video28","Edge of Your Seat Thrillers",89000
"video28_90000","video28","Edge of Your Seat Thrillers",90000
"video28_91000","video28","Edge of Your Seat Thrillers",91000
"video28_92000","video28","Edge of Your Seat Thrillers",92000
"video28_93000","video28","Edge of Your Seat Thrillers",93000
"video28_94000","video28","Edge of Your Seat Thrillers",94000
"video28_95000","video28","Edge of Your Seat Thrillers",95000
"video28_96000","video28","Edge of Your Seat Thrillers",96000
"video28_97000","video28","Edge of Your Seat Thrillers",97000
"video28_98000","video28","Edge of Your Seat Thrillers",98000
"video28_99000","video28","Edge of Your Seat Thrillers",99000
"video28_100000","video28","Edge of Your Seat Thrillers",100000
"video28_101000","video28","Edge of Your Seat Thrillers",101000
"video28_102000","video28","Edge of Your Seat Thrillers",102000
"video28_103000","video28","Edge of Your Seat Thrillers",103000
"video28_104000","video28","Edge of Your Seat Thrillers",104000
"video28_105000","video28","Edge of Your Seat Thrillers",105000
"video28_106000","video28","Edge of Your Seat Thrillers",106000
"video28_107000","video28","Edge of Your Seat Thrillers",107000
"video28_108000","video28","Edge of Your Seat Thrillers",108000
"video28_109000","video28","Edge of Your Seat Thrillers",109000
"video28_110000","video28","Edge of Your Seat Thrillers",110000
"video28_111000","video28","Edge of Your Seat Thrillers",111000
"video28_112000","video28","Edge of Your Seat Thrillers",112000
"video28_113000","video28","Edge of Your Seat Thrillers",113000
"video28_114000","video28","Edge of Your Seat Thrillers",114000
"video28_115000","video28","Edge of Your Seat Thrillers",115000
"video28_116000","video28","Edge of Your Seat Thrillers",116000
"video28_117000","video28","Edge of Your Seat Thrillers",117000
"video28_118000","video28","Edge of Your Seat Thrillers",118000
"video28_119000","video28","Edge of Your Seat Thrillers",119000
"video28_120000","video28","Edge of Your Seat Thrillers",120000
"video28_121000","video28","Edge of Your Seat Thrillers",121000
"video28_122000","video28","Edge of Your Seat Thrillers",122000
"video28_123000","video28","Edge of Your Seat Thrillers",123000
"video28_124000","video28","Edge of Your Seat Thrillers",124000
"video28_125000","video28","Edge of Your Seat Thrillers",125000
"video28_126000","video28","Edge of Your Seat Thrillers",126000
"video28_127000","video28","Edge of Your Seat Thrillers",127000
"video28_128000","video28","Edge of Your Seat Thrillers",128000
"video28_129000","video28","Edge of Your Seat Thrillers",129000
"video28_130000","video28","Edge of Your Seat Thrillers",130000
"video28_131000","video28","Edge of Your Seat Thrillers",131000
"video28_132000","video28","Edge of Your Seat Thrillers",132000
"video28_133000","video28","Edge of Your Seat Thrillers",133000
"video28_134000","video28","Edge of Your Seat Thrillers",134000
"video28_135000","video28","Edge of Your Seat Thrillers",135000
"video28_136000","video28","Edge of Your Seat Thrillers",136000
"video28_137000","video28","Edge of Your Seat Thrillers",137000
"video28_138000","video28","Edge of Your Seat Thrillers",138000
"video28_139000","video28","Edge of Your Seat Thrillers",139000
"video28_140000","video28","Edge of Your Seat Thrillers",140000
"video28_141000","video28","Edge of Your Seat Thrillers",141000
"video28_142000","video28","Edge of Your Seat Thrillers",142000
"video28_143000","video28","Edge of Your Seat Thrillers",143000
"video28_144000","video28","Edge of Your Seat Thrillers",144000
"video28_145000","video28","Edge of Your Seat Thrillers",145000
"video28_146000","video28","Edge of Your Seat Thrillers",146000
"video28_147000","video28","Edge of Your Seat Thrillers",147000
"video28_148000","video28","Edge of Your Seat Thrillers",148000
"video28_149000","video28","Edge of Your Seat Thrillers",149000
"video28_150000","video28","Edge of Your Seat Thrillers",150000
"video28_151000","video28","Edge of Your Seat Thrillers",151000
"video28_152000","video28","Edge of Your Seat Thrillers",152000
"video28_153000","video28","Edge of Your Seat Thrillers",153000
"video28_154000","video28","Edge of Your Seat Thrillers",154000
"video28_155000","video28","Edge of Your Seat Thrillers",155000
"video28_156000","video28","Edge of Your Seat Thrillers",156000
"video28_157000","video28","Edge of Your Seat Thrillers",157000
"video28_158000","video28","Edge of Your Seat Thrillers",158000
"video28_159000","video28","Edge of Your Seat Thrillers",159000
"video28_160000","video28","Edge of Your Seat Thrillers",160000
"video28_161000","video28","Edge of Your Seat Thrillers",161000
"video28_162000","video28","Edge of Your Seat Thrillers",162000
"video28_163000","video28","Edge of Your Seat Thrillers",163000
"video28_164000","video28","Edge of Your Seat Thrillers",164000
"video28_165000","video28","Edge of Your Seat Thrillers",165000
"video28_166000","video28","Edge of Your Seat Thrillers",166000
"video28_167000","video28","Edge of Your Seat Thrillers",167000
"video28_168000","video28","Edge of Your Seat Thrillers",168000
"video28_169000","video28","Edge of Your Seat Thrillers",169000
"video28_170000","video28","Edge of Your Seat Thrillers",170000
"video28_171000","video28","Edge of Your Seat Thrillers",171000
"video28_172000","video28","Edge of Your Seat Thrillers",172000
"video28_173000","video28","Edge of Your Seat Thrillers",173000
"video28_174000","video28","Edge of Your Seat Thrillers",174000
"video28_175000","video28","Edge of Your Seat Thrillers",175000
"video28_176000","video28","Edge of Your Seat Thrillers",176000
"video28_177000","video28","Edge of Your Seat Thrillers",177000
"video28_178000","video28","Edge of Your Seat Thrillers",178000
"video28_179000","video28","Edge of Your Seat Thrillers",179000
"video28_180000","video28","Edge of Your Seat Thrillers",180000
"video28_181000","video28","Edge of Your Seat Thrillers",181000
"video28_182000","video28","Edge of Your Seat Thrillers",182000
"video28_183000","video28","Edge of Your Seat Thrillers",183000
"video28_184000","video28","Edge of Your Seat Thrillers",184000
"video28_185000","video28","Edge of Your Seat Thrillers",185000
"video28_186000","video28","Edge of Your Seat Thrillers",186000
"video28_187000","video28","Edge of Your Seat Thrillers",187000
"video28_188000","video28","Edge of Your Seat Thrillers",188000
"video28_189000","video28","Edge of Your Seat Thrillers",189000
"video28_190000","video28","Edge of Your Seat Thrillers",190000
"video28_191000","video28","Edge of Your Seat Thrillers",191000
"video28_192000","video28","Edge of Your Seat Thrillers",192000
"video28_193000","video28","Edge of Your Seat Thrillers",193000
"video28_194000","video28","Edge of Your Seat Thrillers",194000
"video28_195000","video28","Edge of Your Seat Thrillers",195000
"video28_196000","video28","Edge of Your Seat Thrillers",196000
"video28_197000","video28","Edge of Your Seat Thrillers",197000
"video28_198000","video28","Edge of Your Seat Thrillers",198000
"video28_199000","video28","Edge of Your Seat Thrillers",199000
"video28_200000","video28","Edge of Your Seat Thrillers",200000
"video28_201000","video28","Edge of Your Seat Thrillers",201000
"video28_202000","video28","Edge of Your Seat Thrillers",202000
"video28_203000","video28","Edge of Your Seat Thrillers",203000
"video28_204000","video28","Edge of Your Seat Thrillers",204000
"video28_205000","video28","Edge of Your Seat Thrillers",205000
"video28_206000","video28","Edge of Your Seat Thrillers",206000
"video28_207000","video28","Edge of Your Seat Thrillers",207000
"video28_208000","video28","Edge of Your Seat Thrillers",208000
"video28_209000","video28","Edge of Your Seat Thrillers",209000
"video28_210000","video28","Edge of Your Seat Thrillers",210000
"video28_211000","video28","Edge of Your Seat Thrillers",211000
"video28_212000","video28","Edge of Your Seat Thrillers",212000
"video28_213000","video28","Edge of Your Seat Thrillers",213000
"video28_214000","video28","Edge of Your Seat Thrillers",214000
"video28_215000","video28","Edge of Your Seat Thrillers",215000
"video28_216000","video28","Edge of Your Seat Thrillers",216000
"video28_217000","video28","Edge of Your Seat Thrillers",217000
"video28_218000","video28","Edge of Your Seat Thrillers",218000
"video28_219000","video28","Edge of Your Seat Thrillers",219000
"video28_220000","video28","Edge of Your Seat Thrillers",220000
"video28_221000","video28","Edge of Your Seat Thrillers",221000
"video28_222000","video28","Edge of Your Seat Thrillers",222000
"video28_223000","video28","Edge of Your Seat Thrillers",223000
"video28_224000","video28","Edge of Your Seat Thrillers",224000
"video28_225000","video28","Edge of Your Seat Thrillers",225000
"video28_226000","video28","Edge of Your Seat Thrillers",226000
"video28_227000","video28","Edge of Your Seat Thrillers",227000
"video28_228000","video28","Edge of Your Seat Thrillers",228000
"video28_229000","video28","Edge of Your Seat Thrillers",229000
"video28_230000","video28","Edge of Your Seat Thrillers",230000
"video28_231000","video28","Edge of Your Seat Thrillers",231000
"video28_232000","video28","Edge of Your Seat Thrillers",232000
"video28_233000","video28","Edge of Your Seat Thrillers",233000
"video28_234000","video28","Edge of Your Seat Thrillers",234000
"video28_235000","video28","Edge of Your Seat Thrillers",235000
"video28_236000","video28","Edge of Your Seat Thrillers",236000
"video28_237000","video28","Edge of Your Seat Thrillers",237000
"video28_238000","video28","Edge of Your Seat Thrillers",238000
"video28_239000","video28","Edge of Your Seat Thrillers",239000
"video28_240000","video28","Edge of Your Seat Thrillers",240000
"video28_241000","video28","Edge of Your Seat Thrillers",241000
"video28_242000","video28","Edge of Your Seat Thrillers",242000
"video28_243000","video28","Edge of Your Seat Thrillers",243000
"video28_244000","video28","Edge of Your Seat Thrillers",244000
"video28_245000","video28","Edge of Your Seat Thrillers",245000
"video28_246000","video28","Edge of Your Seat Thrillers",246000
"video28_247000","video28","Edge of Your Seat Thrillers",247000
"video28_248000","video28","Edge of Your Seat Thrillers",248000
"video28_249000","video28","Edge of Your Seat Thrillers",249000
"video28_250000","video28","Edge of Your Seat Thrillers",250000
"video28_251000","video28","Edge of Your Seat Thrillers",251000
"video28_252000","video28","Edge of Your Seat Thrillers",252000
"video28_253000","video28","Edge of Your Seat Thrillers",253000
"video28_254000","video28","Edge of Your Seat Thrillers",254000
"video28_255000","video28","Edge of Your Seat Thrillers",255000
"video28_256000","video28","Edge of Your Seat Thrillers",256000
"video28_257000","video28","Edge of Your Seat Thrillers",257000
"video28_258000","video28","Edge of Your Seat Thrillers",258000
"video28_259000","video28","Edge of Your Seat Thrillers",259000
"video28_260000","video28","Edge of Your Seat Thrillers",260000
"video28_261000","video28","Edge of Your Seat Thrillers",261000
"video28_262000","video28","Edge of Your Seat Thrillers",262000
"video28_263000","video28","Edge of Your Seat Thrillers",263000
"video28_264000","video28","Edge of Your Seat Thrillers",264000
"video28_265000","video28","Edge of Your Seat Thrillers",265000
"video28_266000","video28","Edge of Your Seat Thrillers",266000
"video28_267000","video28","Edge of Your Seat Thrillers",267000
"video28_268000","video28","Edge of Your Seat Thrillers",268000
"video28_269000","video28","Edge of Your Seat Thrillers",269000
"video28_270000","video28","Edge of Your Seat Thrillers",270000
"video28_271000","video28","Edge of Your Seat Thrillers",271000
"video28_272000","video28","Edge of Your Seat Thrillers",272000
"video28_273000","video28","Edge of Your Seat Thrillers",273000
"video28_274000","video28","Edge of Your Seat Thrillers",274000
"video28_275000","video28","Edge of Your Seat Thrillers",275000
"video28_276000","video28","Edge of Your Seat Thrillers",276000
"video28_277000","video28","Edge of Your Seat Thrillers",277000
"video28_278000","video28","Edge of Your Seat Thrillers",278000
"video28_279000","video28","Edge of Your Seat Thrillers",279000
"video28_280000","video28","Edge of Your Seat Thrillers",280000
"video28_281000","video28","Edge of Your Seat Thrillers",281000
"video28_282000","video28","Edge of Your Seat Thrillers",282000
"video28_283000","video28","Edge of Your Seat Thrillers",283000
"video28_284000","video28","Edge of Your Seat Thrillers",284000
"video28_285000","video28","Edge of Your Seat Thrillers",285000
"video28_286000","video28","Edge of Your Seat Thrillers",286000
"video28_287000","video28","Edge of Your Seat Thrillers",287000
"video28_288000","video28","Edge of Your Seat Thrillers",288000
"video28_289000","video28","Edge of Your Seat Thrillers",289000
"video28_290000","video28","Edge of Your Seat Thrillers",290000
"video28_291000","video28","Edge of Your Seat Thrillers",291000
"video28_292000","video28","Edge of Your Seat Thrillers",292000
"video28_293000","video28","Edge of Your Seat Thrillers",293000
"video28_294000","video28","Edge of Your Seat Thrillers",294000
"video28_295000","video28","Edge of Your Seat Thrillers",295000
"video28_296000","video28","Edge of Your Seat Thrillers",296000
"video28_297000","video28","Edge of Your Seat Thrillers",297000
"video28_298000","video28","Edge of Your Seat Thrillers",298000
"video28_299000","video28","Edge of Your Seat Thrillers",299000
"video28_300000","video28","Edge of Your Seat Thrillers",300000
"video28_301000","video28","Edge of Your Seat Thrillers",301000
"video28_302000","video28","Edge of Your Seat Thrillers",302000
"video28_303000","video28","Edge of Your Seat Thrillers",303000
"video28_304000","video28","Edge of Your Seat Thrillers",304000
"video28_305000","video28","Edge of Your Seat Thrillers",305000
"video28_306000","video28","Edge of Your Seat Thrillers",306000
"video28_307000","video28","Edge of Your Seat Thrillers",307000
"video28_308000","video28","Edge of Your Seat Thrillers",308000
"video28_309000","video28","Edge of Your Seat Thrillers",309000
"video28_310000","video28","Edge of Your Seat Thrillers",310000
"video28_311000","video28","Edge of Your Seat Thrillers",311000
"video28_312000","video28","Edge of Your Seat Thrillers",312000
"video28_313000","video28","Edge of Your Seat Thrillers",313000
"video28_314000","video28","Edge of Your Seat Thrillers",314000
"video28_315000","video28","Edge of Your Seat Thrillers",315000
"video28_316000","video28","Edge of Your Seat Thrillers",316000
"video28_317000","video28","Edge of Your Seat Thrillers",317000
"video28_318000","video28","Edge of Your Seat Thrillers",318000
"video28_319000","video28","Edge of Your Seat Thrillers",319000
"video28_320000","video28","Edge of Your Seat Thrillers",320000
"video28_321000","video28","Edge of Your Seat Thrillers",321000
"video28_322000","video28","Edge of Your Seat Thrillers",322000
"video28_323000","video28","Edge of Your Seat Thrillers",323000
"video28_324000","video28","Edge of Your Seat Thrillers",324000
"video28_325000","video28","Edge of Your Seat Thrillers",325000
"video28_326000","video28","Edge of Your Seat Thrillers",326000
"video28_327000","video28","Edge of Your Seat Thrillers",327000
"video28_328000","video28","Edge of Your Seat Thrillers",328000
"video28_329000","video28","Edge of Your Seat Thrillers",329000
"video28_330000","video28","Edge of Your Seat Thrillers",330000
"video28_331000","video28","Edge of Your Seat Thrillers",331000
"video28_332000","video28","Edge of Your Seat Thrillers",332000
"video28_333000","video28","Edge of Your Seat Thrillers",333000
"video28_334000","video28","Edge of Your Seat Thrillers",334000
"video28_335000","video28","Edge of Your Seat Thrillers",335000
"video28_336000","video28","Edge of Your Seat Thrillers",336000
"video28_337000","video28","Edge of Your Seat Thrillers",337000
"video28_338000","video28","Edge of Your Seat Thrillers",338000
"video28_339000","video28","Edge of Your Seat Thrillers",339000
"video28_340000","video28","Edge of Your Seat Thrillers",340000
"video28_341000","video28","Edge of Your Seat Thrillers",341000
"video28_342000","video28","Edge of Your Seat Thrillers",342000
"video28_343000","video28","Edge of Your Seat Thrillers",343000
"video28_344000","video28","Edge of Your Seat Thrillers",344000
"video28_345000","video28","Edge of Your Seat Thrillers",345000
"video28_346000","video28","Edge of Your Seat Thrillers",346000
"video28_347000","video28","Edge of Your Seat Thrillers",347000
"video28_348000","video28","Edge of Your Seat Thrillers",348000
"video28_349000","video28","Edge of Your Seat Thrillers",349000
"video28_350000","video28","Edge of Your Seat Thrillers",350000
"video28_351000","video28","Edge of Your Seat Thrillers",351000
"video28_352000","video28","Edge of Your Seat Thrillers",352000
"video28_353000","video28","Edge of Your Seat Thrillers",353000
"video28_354000","video28","Edge of Your Seat Thrillers",354000
"video28_355000","video28","Edge of Your Seat Thrillers",355000
"video28_356000","video28","Edge of Your Seat Thrillers",356000
"video28_357000","video28","Edge of Your Seat Thrillers",357000
"video28_358000","video28","Edge of Your Seat Thrillers",358000
"video28_359000","video28","Edge of Your Seat Thrillers",359000
"video28_360000","video28","Edge of Your Seat Thrillers",360000
"video28_361000","video28","Edge of Your Seat Thrillers",361000
"video28_362000","video28","Edge of Your Seat Thrillers",362000
"video28_363000","video28","Edge of Your Seat Thrillers",363000
"video28_364000","video28","Edge of Your Seat Thrillers",364000
"video28_365000","video28","Edge of Your Seat Thrillers",365000
"video28_366000","video28","Edge of Your Seat Thrillers",366000
"video28_367000","video28","Edge of Your Seat Thrillers",367000
"video28_368000","video28","Edge of Your Seat Thrillers",368000
"video28_369000","video28","Edge of Your Seat Thrillers",369000
"video28_370000","video28","Edge of Your Seat Thrillers",370000
"video28_371000","video28","Edge of Your Seat Thrillers",371000
"video28_372000","video28","Edge of Your Seat Thrillers",372000
"video28_373000","video28","Edge of Your Seat Thrillers",373000
"video28_374000","video28","Edge of Your Seat Thrillers",374000
"video28_375000","video28","Edge of Your Seat Thrillers",375000
"video28_376000","video28","Edge of Your Seat Thrillers",376000
"video28_377000","video28","Edge of Your Seat Thrillers",377000
"video28_378000","video28","Edge of Your Seat Thrillers",378000
"video28_379000","video28","Edge of Your Seat Thrillers",379000
"video28_380000","video28","Edge of Your Seat Thrillers",380000
"video28_381000","video28","Edge of Your Seat Thrillers",381000
"video28_382000","video28","Edge of Your Seat Thrillers",382000
"video28_383000","video28","Edge of Your Seat Thrillers",383000
"video28_384000","video28","Edge of Your Seat Thrillers",384000
"video28_385000","video28","Edge of Your Seat Thrillers",385000
"video28_386000","video28","Edge of Your Seat Thrillers",386000
"video28_387000","video28","Edge of Your Seat Thrillers",387000
"video28_388000","video28","Edge of Your Seat Thrillers",388000
"video28_389000","video28","Edge of Your Seat Thrillers",389000
"video28_390000","video28","Edge of Your Seat Thrillers",390000
"video28_391000","video28","Edge of Your Seat Thrillers",391000
"video28_392000","video28","Edge of Your Seat Thrillers",392000
"video28_393000","video28","Edge of Your Seat Thrillers",393000
"video28_394000","video28","Edge of Your Seat Thrillers",394000
"video28_395000","video28","Edge of Your Seat Thrillers",395000
"video28_396000","video28","Edge of Your Seat Thrillers",396000
"video28_397000","video28","Edge of Your Seat Thrillers",397000
"video28_398000","video28","Edge of Your Seat Thrillers",398000
"video28_399000","video28","Edge of Your Seat Thrillers",399000
"video28_400000","video28","Edge of Your Seat Thrillers",400000
"video28_401000","video28","Edge of Your Seat Thrillers",401000
"video28_402000","video28","Edge of Your Seat Thrillers",402000
"video28_403000","video28","Edge of Your Seat Thrillers",403000
"video28_404000","video28","Edge of Your Seat Thrillers",404000
"video28_405000","video28","Edge of Your Seat Thrillers",405000
"video28_406000","video28","Edge of Your Seat Thrillers",406000
"video28_407000","video28","Edge of Your Seat Thrillers",407000
"video28_408000","video28","Edge of Your Seat Thrillers",408000
"video28_409000","video28","Edge of Your Seat Thrillers",409000
"video28_410000","video28","Edge of Your Seat Thrillers",410000
"video28_411000","video28","Edge of Your Seat Thrillers",411000
"video28_412000","video28","Edge of Your Seat Thrillers",412000
"video28_413000","video28","Edge of Your Seat Thrillers",413000
"video28_414000","video28","Edge of Your Seat Thrillers",414000
"video28_415000","video28","Edge of Your Seat Thrillers",415000
"video28_416000","video28","Edge of Your Seat Thrillers",416000
"video28_417000","video28","Edge of Your Seat Thrillers",417000
"video28_418000","video28","Edge of Your Seat Thrillers",418000
"video28_419000","video28","Edge of Your Seat Thrillers",419000
"video28_420000","video28","Edge of Your Seat Thrillers",420000
"video28_421000","video28","Edge of Your Seat Thrillers",421000
"video28_422000","video28","Edge of Your Seat Thrillers",422000
"video28_423000","video28","Edge of Your Seat Thrillers",423000
"video28_424000","video28","Edge of Your Seat Thrillers",424000
"video28_425000","video28","Edge of Your Seat Thrillers",425000
"video28_426000","video28","Edge of Your Seat Thrillers",426000
"video28_427000","video28","Edge of Your Seat Thrillers",427000
"video28_428000","video28","Edge of Your Seat Thrillers",428000
"video28_429000","video28","Edge of Your Seat Thrillers",429000
"video28_430000","video28","Edge of Your Seat Thrillers",430000
"video28_431000","video28","Edge of Your Seat Thrillers",431000
"video28_432000","video28","Edge of Your Seat Thrillers",432000
"video28_433000","video28","Edge of Your Seat Thrillers",433000
"video28_434000","video28","Edge of Your Seat Thrillers",434000
"video28_435000","video28","Edge of Your Seat Thrillers",435000
"video28_436000","video28","Edge of Your Seat Thrillers",436000
"video28_437000","video28","Edge of Your Seat Thrillers",437000
"video28_438000","video28","Edge of Your Seat Thrillers",438000
"video28_439000","video28","Edge of Your Seat Thrillers",439000
"video28_440000","video28","Edge of Your Seat Thrillers",440000
"video28_441000","video28","Edge of Your Seat Thrillers",441000
"video28_442000","video28","Edge of Your Seat Thrillers",442000
"video28_443000","video28","Edge of Your Seat Thrillers",443000
"video28_444000","video28","Edge of Your Seat Thrillers",444000
"video28_445000","video28","Edge of Your Seat Thrillers",445000
"video28_446000","video28","Edge of Your Seat Thrillers",446000
"video28_447000","video28","Edge of Your Seat Thrillers",447000
"video28_448000","video28","Edge of Your Seat Thrillers",448000
"video28_449000","video28","Edge of Your Seat Thrillers",449000
"video28_450000","video28","Edge of Your Seat Thrillers",450000
"video28_451000","video28","Edge of Your Seat Thrillers",451000
"video28_452000","video28","Edge of Your Seat Thrillers",452000
"video28_453000","video28","Edge of Your Seat Thrillers",453000
"video28_454000","video28","Edge of Your Seat Thrillers",454000
"video28_455000","video28","Edge of Your Seat Thrillers",455000
"video28_456000","video28","Edge of Your Seat Thrillers",456000
"video28_457000","video28","Edge of Your Seat Thrillers",457000
"video28_458000","video28","Edge of Your Seat Thrillers",458000
"video28_459000","video28","Edge of Your Seat Thrillers",459000
"video28_460000","video28","Edge of Your Seat Thrillers",460000
"video28_461000","video28","Edge of Your Seat Thrillers",461000
"video28_462000","video28","Edge of Your Seat Thrillers",462000
"video28_463000","video28","Edge of Your Seat Thrillers",463000
"video28_464000","video28","Edge of Your Seat Thrillers",464000
"video28_465000","video28","Edge of Your Seat Thrillers",465000
"video28_466000","video28","Edge of Your Seat Thrillers",466000
"video28_467000","video28","Edge of Your Seat Thrillers",467000
"video28_468000","video28","Edge of Your Seat Thrillers",468000
"video28_469000","video28","Edge of Your Seat Thrillers",469000
"video28_470000","video28","Edge of Your Seat Thrillers",470000
"video28_471000","video28","Edge of Your Seat Thrillers",471000
"video28_472000","video28","Edge of Your Seat Thrillers",472000
"video28_473000","video28","Edge of Your Seat Thrillers",473000
"video28_474000","video28","Edge of Your Seat Thrillers",474000
"video28_475000","video28","Edge of Your Seat Thrillers",475000
"video28_476000","video28","Edge of Your Seat Thrillers",476000
"video28_477000","video28","Edge of Your Seat Thrillers",477000
"video28_478000","video28","Edge of Your Seat Thrillers",478000
"video28_479000","video28","Edge of Your Seat Thrillers",479000
"video28_480000","video28","Edge of Your Seat Thrillers",480000
"video28_481000","video28","Edge of Your Seat Thrillers",481000
"video28_482000","video28","Edge of Your Seat Thrillers",482000
"video28_483000","video28","Edge of Your Seat Thrillers",483000
"video28_484000","video28","Edge of Your Seat Thrillers",484000
"video28_485000","video28","Edge of Your Seat Thrillers",485000
"video28_486000","video28","Edge of Your Seat Thrillers",486000
"video28_487000","video28","Edge of Your Seat Thrillers",487000
"video28_488000","video28","Edge of Your Seat Thrillers",488000
"video28_489000","video28","Edge of Your Seat Thrillers",489000
"video28_490000","video28","Edge of Your Seat Thrillers",490000
"video28_491000","video28","Edge of Your Seat Thrillers",491000
"video28_492000","video28","Edge of Your Seat Thrillers",492000
"video28_493000","video28","Edge of Your Seat Thrillers",493000
"video28_494000","video28","Edge of Your Seat Thrillers",494000
"video28_495000","video28","Edge of Your Seat Thrillers",495000
"video28_496000","video28","Edge of Your Seat Thrillers",496000
"video28_497000","video28","Edge of Your Seat Thrillers",497000
"video28_498000","video28","Edge of Your Seat Thrillers",498000
"video28_499000","video28","Edge of Your Seat Thrillers",499000
"video28_500000","video28","Edge of Your Seat Thrillers",500000
"video28_501000","video28","Edge of Your Seat Thrillers",501000
"video28_502000","video28","Edge of Your Seat Thrillers",502000
"video28_503000","video28","Edge of Your Seat Thrillers",503000
"video28_504000","video28","Edge of Your Seat Thrillers",504000
"video28_505000","video28","Edge of Your Seat Thrillers",505000
"video28_506000","video28","Edge of Your Seat Thrillers",506000
"video28_507000","video28","Edge of Your Seat Thrillers",507000
"video28_508000","video28","Edge of Your Seat Thrillers",508000
"video28_509000","video28","Edge of Your Seat Thrillers",509000
"video28_510000","video28","Edge of Your Seat Thrillers",510000
"video28_511000","video28","Edge of Your Seat Thrillers",511000
"video28_512000","video28","Edge of Your Seat Thrillers",512000
"video28_513000","video28","Edge of Your Seat Thrillers",513000
"video29_0","video29","Exploring World Art",0
"video29_1000","video29","Exploring World Art",1000
"video29_2000","video29","Exploring World Art",2000
"video29_3000","video29","Exploring World Art",3000
"video29_4000","video29","Exploring World Art",4000
"video29_5000","video29","Exploring World Art",5000
"video29_6000","video29","Exploring World Art",6000
"video29_7000","video29","Exploring World Art",7000
"video29_8000","video29","Exploring World Art",8000
"video29_9000","video29","Exploring World Art",9000
"video29_10000","video29","Exploring World Art",10000
"video29_11000","video29","Exploring World Art",11000
"video29_12000","video29","Exploring World Art",12000
"video29_13000","video29","Exploring World Art",13000
"video29_14000","video29","Exploring World Art",14000
"video29_15000","video29","Exploring World Art",15000
"video29_16000","video29","Exploring World Art",16000
"video29_17000","video29","Exploring World Art",17000
"video29_18000","video29","Exploring World Art",18000
"video29_19000","video29","Exploring World Art",19000
"video29_20000","video29","Exploring World Art",20000
"video29_21000","video29","Exploring World Art",21000
"video29_22000","video29","Exploring World Art",22000
"video29_23000","video29","Exploring World Art",23000
"video29_24000","video29","Exploring World Art",24000
"video29_25000","video29","Exploring World Art",25000
"video29_26000","video29","Exploring World Art",26000
"video29_27000","video29","Exploring World Art",27000
"video29_28000","video29","Exploring World Art",28000
"video29_29000","video29","Exploring World Art",29000
"video29_30000","video29","Exploring World Art",30000
"video29_31000","video29","Exploring World Art",31000
"video29_32000","video29","Exploring World Art",32000
"video29_33000","video29","Exploring World Art",33000
"video29_34000","video29","Exploring World Art",34000
"video29_35000","video29","Exploring World Art",35000
"video29_36000","video29","Exploring World Art",36000
"video29_37000","video29","Exploring World Art",37000
"video29_38000","video29","Exploring World Art",38000
"video29_39000","video29","Exploring World Art",39000
"video29_40000","video29","Exploring World Art",40000
"video29_41000","video29","Exploring World Art",41000
"video29_42000","video29","Exploring World Art",42000
"video29_43000","video29","Exploring World Art",43000
"video29_44000","video29","Exploring World Art",44000
"video29_45000","video29","Exploring World Art",45000
"video29_46000","video29","Exploring World Art",46000
"video29_47000","video29","Exploring World Art",47000
"video29_48000","video29","Exploring World Art",48000
"video29_49000","video29","Exploring World Art",49000
"video29_50000","video29","Exploring World Art",50000
"video29_51000","video29","Exploring World Art",51000
"video29_52000","video29","Exploring World Art",52000
"video29_53000","video29","Exploring World Art",53000
"video29_54000","video29","Exploring World Art",54000
"video29_55000","video29","Exploring World Art",55000
"video29_56000","video29","Exploring World Art",56000
"video29_57000","video29","Exploring World Art",57000
"video29_58000","video29","Exploring World Art",58000
"video29_59000","video29","Exploring World Art",59000
"video29_60000","video29","Exploring World Art",60000
"video29_61000","video29","Exploring World Art",61000
"video29_62000","video29","Exploring World Art",62000
"video29_63000","video29","Exploring World Art",63000
"video29_64000","video29","Exploring World Art",64000
"video29_65000","video29","Exploring World Art",65000
"video29_66000","video29","Exploring World Art",66000
"video29_67000","video29","Exploring World Art",67000
"video29_68000","video29","Exploring World Art",68000
"video29_69000","video29","Exploring World Art",69000
"video29_70000","video29","Exploring World Art",70000
"video29_71000","video29","Exploring World Art",71000
"video29_72000","video29","Exploring World Art",72000
"video29_73000","video29","Exploring World Art",73000
"video29_74000","video29","Exploring World Art",74000
"video29_75000","video29","Exploring World Art",75000
"video29_76000","video29","Exploring World Art",76000
"video29_77000","video29","Exploring World Art",77000
"video29_78000","video29","Exploring World Art",78000
"video29_79000","video29","Exploring World Art",79000
"video29_80000","video29","Exploring World Art",80000
"video29_81000","video29","Exploring World Art",81000
"video29_82000","video29","Exploring World Art",82000
"video29_83000","video29","Exploring World Art",83000
"video29_84000","video29","Exploring World Art",84000
"video29_85000","video29","Exploring World Art",85000
"video29_86000","video29","Exploring World Art",86000
"video29_87000","video29","Exploring World Art",87000
"video29_88000","video29","Exploring World Art",88000
"video29_89000","video29","Exploring World Art",89000
"video29_90000","video29","Exploring World Art",90000
"video29_91000","video29","Exploring World Art",91000
"video29_92000","video29","Exploring World Art",92000
"video29_93000","video29","Exploring World Art",93000
"video29_94000","video29","Exploring World Art",94000
"video29_95000","video29","Exploring World Art",95000
"video29_96000","video29","Exploring World Art",96000
"video29_97000","video29","Exploring World Art",97000
"video29_98000","video29","Exploring World Art",98000
"video29_99000","video29","Exploring World Art",99000
"video29_100000","video29","Exploring World Art",100000
"video29_101000","video29","Exploring World Art",101000
"video29_102000","video29","Exploring World Art",102000
"video29_103000","video29","Exploring World Art",103000
"video29_104000","video29","Exploring World Art",104000
"video29_105000","video29","Exploring World Art",105000
"video29_106000","video29","Exploring World Art",106000
"video29_107000","video29","Exploring World Art",107000
"video29_108000","video29","Exploring World Art",108000
"video29_109000","video29","Exploring World Art",109000
"video29_110000","video29","Exploring World Art",110000
"video29_111000","video29","Exploring World Art",111000
"video29_112000","video29","Exploring World Art",112000
"video29_113000","video29","Exploring World Art",113000
"video29_114000","video29","Exploring World Art",114000
"video29_115000","video29","Exploring World Art",115000
"video29_116000","video29","Exploring World Art",116000
"video29_117000","video29","Exploring World Art",117000
"video29_118000","video29","Exploring World Art",118000
"video29_119000","video29","Exploring World Art",119000
"video29_120000","video29","Exploring World Art",120000
"video29_121000","video29","Exploring World Art",121000
"video29_122000","video29","Exploring World Art",122000
"video29_123000","video29","Exploring World Art",123000
"video29_124000","video29","Exploring World Art",124000
"video29_125000","video29","Exploring World Art",125000
"video29_126000","video29","Exploring World Art",126000
"video29_127000","video29","Exploring World Art",127000
"video29_128000","video29","Exploring World Art",128000
"video29_129000","video29","Exploring World Art",129000
"video29_130000","video29","Exploring World Art",130000
"video29_131000","video29","Exploring World Art",131000
"video29_132000","video29","Exploring World Art",132000
"video29_133000","video29","Exploring World Art",133000
"video29_134000","video29","Exploring World Art",134000
"video29_135000","video29","Exploring World Art",135000
"video29_136000","video29","Exploring World Art",136000
"video29_137000","video29","Exploring World Art",137000
"video29_138000","video29","Exploring World Art",138000
"video29_139000","video29","Exploring World Art",139000
"video29_140000","video29","Exploring World Art",140000
"video29_141000","video29","Exploring World Art",141000
"video29_142000","video29","Exploring World Art",142000
"video29_143000","video29","Exploring World Art",143000
"video29_144000","video29","Exploring World Art",144000
"video29_145000","video29","Exploring World Art",145000
"video29_146000","video29","Exploring World Art",146000
"video29_147000","video29","Exploring World Art",147000
"video29_148000","video29","Exploring World Art",148000
"video29_149000","video29","Exploring World Art",149000
"video29_150000","video29","Exploring World Art",150000
"video29_151000","video29","Exploring World Art",151000
"video29_152000","video29","Exploring World Art",152000
"video29_153000","video29","Exploring World Art",153000
"video29_154000","video29","Exploring World Art",154000
"video29_155000","video29","Exploring World Art",155000
"video29_156000","video29","Exploring World Art",156000
"video29_157000","video29","Exploring World Art",157000
"video29_158000","video29","Exploring World Art",158000
"video29_159000","video29","Exploring World Art",159000
"video29_160000","video29","Exploring World Art",160000
"video29_161000","video29","Exploring World Art",161000
"video29_162000","video29","Exploring World Art",162000
"video29_163000","video29","Exploring World Art",163000
"video29_164000","video29","Exploring World Art",164000
"video29_165000","video29","Exploring World Art",165000
"video29_166000","video29","Exploring World Art",166000
"video29_167000","video29","Exploring World Art",167000
"video29_168000","video29","Exploring World Art",168000
"video29_169000","video29","Exploring World Art",169000
"video29_170000","video29","Exploring World Art",170000
"video29_171000","video29","Exploring World Art",171000
"video29_172000","video29","Exploring World Art",172000
"video29_173000","video29","Exploring World Art",173000
"video29_174000","video29","Exploring World Art",174000
"video29_175000","video29","Exploring World Art",175000
"video29_176000","video29","Exploring World Art",176000
"video29_177000","video29","Exploring World Art",177000
"video29_178000","video29","Exploring World Art",178000
"video29_179000","video29","Exploring World Art",179000
"video29_180000","video29","Exploring World Art",180000
"video29_181000","video29","Exploring World Art",181000
"video29_182000","video29","Exploring World Art",182000
"video29_183000","video29","Exploring World Art",183000
"video29_184000","video29","Exploring World Art",184000
"video29_185000","video29","Exploring World Art",185000
"video29_186000","video29","Exploring World Art",186000
"video29_187000","video29","Exploring World Art",187000
"video29_188000","video29","Exploring World Art",188000
"video29_189000","video29","Exploring World Art",189000
"video29_190000","video29","Exploring World Art",190000
"video29_191000","video29","Exploring World Art",191000
"video29_192000","video29","Exploring World Art",192000
"video29_193000","video29","Exploring World Art",193000
"video29_194000","video29","Exploring World Art",194000
"video29_195000","video29","Exploring World Art",195000
"video29_196000","video29","Exploring World Art",196000
"video29_197000","video29","Exploring World Art",197000
"video29_198000","video29","Exploring World Art",198000
"video29_199000","video29","Exploring World Art",199000
"video29_200000","video29","Exploring World Art",200000
"video29_201000","video29","Exploring World Art",201000
"video29_202000","video29","Exploring World Art",202000
"video29_203000","video29","Exploring World Art",203000
"video29_204000","video29","Exploring World Art",204000
"video29_205000","video29","Exploring World Art",205000
"video29_206000","video29","Exploring World Art",206000
"video29_207000","video29","Exploring World Art",207000
"video29_208000","video29","Exploring World Art",208000
"video29_209000","video29","Exploring World Art",209000
"video29_210000","video29","Exploring World Art",210000
"video29_211000","video29","Exploring World Art",211000
"video29_212000","video29","Exploring World Art",212000
"video29_213000","video29","Exploring World Art",213000
"video29_214000","video29","Exploring World Art",214000
"video29_215000","video29","Exploring World Art",215000
"video29_216000","video29","Exploring World Art",216000
"video29_217000","video29","Exploring World Art",217000
"video29_218000","video29","Exploring World Art",218000
"video29_219000","video29","Exploring World Art",219000
"video29_220000","video29","Exploring World Art",220000
"video29_221000","video29","Exploring World Art",221000
"video29_222000","video29","Exploring World Art",222000
"video29_223000","video29","Exploring World Art",223000
"video29_224000","video29","Exploring World Art",224000
"video29_225000","video29","Exploring World Art",225000
"video29_226000","video29","Exploring World Art",226000
"video29_227000","video29","Exploring World Art",227000
"video29_228000","video29","Exploring World Art",228000
"video29_229000","video29","Exploring World Art",229000
"video29_230000","video29","Exploring World Art",230000
"video29_231000","video29","Exploring World Art",231000
"video29_232000","video29","Exploring World Art",232000
"video29_233000","video29","Exploring World Art",233000
"video29_234000","video29","Exploring World Art",234000
"video29_235000","video29","Exploring World Art",235000
"video29_236000","video29","Exploring World Art",236000
"video29_237000","video29","Exploring World Art",237000
"video29_238000","video29","Exploring World Art",238000
"video29_239000","video29","Exploring World Art",239000
"video29_240000","video29","Exploring World Art",240000
"video29_241000","video29","Exploring World Art",241000
"video29_242000","video29","Exploring World Art",242000
"video29_243000","video29","Exploring World Art",243000
"video29_244000","video29","Exploring World Art",244000
"video29_245000","video29","Exploring World Art",245000
"video29_246000","video29","Exploring World Art",246000
"video29_247000","video29","Exploring World Art",247000
"video29_248000","video29","Exploring World Art",248000
"video29_249000","video29","Exploring World Art",249000
"video29_250000","video29","Exploring World Art",250000
"video29_251000","video29","Exploring World Art",251000
"video29_252000","video29","Exploring World Art",252000
"video29_253000","video29","Exploring World Art",253000
"video29_254000","video29","Exploring World Art",254000
"video29_255000","video29","Exploring World Art",255000
"video29_256000","video29","Exploring World Art",256000
"video29_257000","video29","Exploring World Art",257000
"video29_258000","video29","Exploring World Art",258000
"video29_259000","video29","Exploring World Art",259000
"video29_260000","video29","Exploring World Art",260000
"video29_261000","video29","Exploring World Art",261000
"video29_262000","video29","Exploring World Art",262000
"video29_263000","video29","Exploring World Art",263000
"video29_264000","video29","Exploring World Art",264000
"video29_265000","video29","Exploring World Art",265000
"video29_266000","video29","Exploring World Art",266000
"video29_267000","video29","Exploring World Art",267000
"video29_268000","video29","Exploring World Art",268000
"video29_269000","video29","Exploring World Art",269000
"video29_270000","video29","Exploring World Art",270000
"video29_271000","video29","Exploring World Art",271000
"video29_272000","video29","Exploring World Art",272000
"video29_273000","video29","Exploring World Art",273000
"video29_274000","video29","Exploring World Art",274000
"video29_275000","video29","Exploring World Art",275000
"video29_276000","video29","Exploring World Art",276000
"video29_277000","video29","Exploring World Art",277000
"video29_278000","video29","Exploring World Art",278000
"video29_279000","video29","Exploring World Art",279000
"video29_280000","video29","Exploring World Art",280000
"video29_281000","video29","Exploring World Art",281000
"video29_282000","video29","Exploring World Art",282000
"video29_283000","video29","Exploring World Art",283000
"video29_284000","video29","Exploring World Art",284000
"video29_285000","video29","Exploring World Art",285000
"video29_286000","video29","Exploring World Art",286000
"video29_287000","video29","Exploring World Art",287000
"video29_288000","video29","Exploring World Art",288000
"video29_289000","video29","Exploring World Art",289000
"video29_290000","video29","Exploring World Art",290000
"video29_291000","video29","Exploring World Art",291000
"video29_292000","video29","Exploring World Art",292000
"video29_293000","video29","Exploring World Art",293000
"video29_294000","video29","Exploring World Art",294000
"video29_295000","video29","Exploring World Art",295000
"video29_296000","video29","Exploring World Art",296000
"video29_297000","video29","Exploring World Art",297000
"video29_298000","video29","Exploring World Art",298000
"video29_299000","video29","Exploring World Art",299000
"video29_300000","video29","Exploring World Art",300000
"video29_301000","video29","Exploring World Art",301000
"video29_302000","video29","Exploring World Art",302000
"video29_303000","video29","Exploring World Art",303000
"video29_304000","video29","Exploring World Art",304000
"video29_305000","video29","Exploring World Art",305000
"video29_306000","video29","Exploring World Art",306000
"video29_307000","video29","Exploring World Art",307000
"video29_308000","video29","Exploring World Art",308000
"video29_309000","video29","Exploring World Art",309000
"video29_310000","video29","Exploring World Art",310000
"video29_311000","video29","Exploring World Art",311000
"video29_312000","video29","Exploring World Art",312000
"video29_313000","video29","Exploring World Art",313000
"video29_314000","video29","Exploring World Art",314000
"video29_315000","video29","Exploring World Art",315000
"video29_316000","video29","Exploring World Art",316000
"video29_317000","video29","Exploring World Art",317000
"video29_318000","video29","Exploring World Art",318000
"video29_319000","video29","Exploring World Art",319000
"video29_320000","video29","Exploring World Art",320000
"video29_321000","video29","Exploring World Art",321000
"video29_322000","video29","Exploring World Art",322000
"video29_323000","video29","Exploring World Art",323000
"video29_324000","video29","Exploring World Art",324000
"video29_325000","video29","Exploring World Art",325000
"video29_326000","video29","Exploring World Art",326000
"video29_327000","video29","Exploring World Art",327000
"video29_328000","video29","Exploring World Art",328000
"video29_329000","video29","Exploring World Art",329000
"video29_330000","video29","Exploring World Art",330000
"video29_331000","video29","Exploring World Art",331000
"video29_332000","video29","Exploring World Art",332000
"video29_333000","video29","Exploring World Art",333000
"video29_334000","video29","Exploring World Art",334000
"video29_335000","video29","Exploring World Art",335000
"video29_336000","video29","Exploring World Art",336000
"video29_337000","video29","Exploring World Art",337000
"video29_338000","video29","Exploring World Art",338000
"video29_339000","video29","Exploring World Art",339000
"video29_340000","video29","Exploring World Art",340000
"video29_341000","video29","Exploring World Art",341000
"video29_342000","video29","Exploring World Art",342000
"video29_343000","video29","Exploring World Art",343000
"video29_344000","video29","Exploring World Art",344000
"video29_345000","video29","Exploring World Art",345000
"video29_346000","video29","Exploring World Art",346000
"video29_347000","video29","Exploring World Art",347000
"video29_348000","video29","Exploring World Art",348000
"video29_349000","video29","Exploring World Art",349000
"video29_350000","video29","Exploring World Art",350000
"video29_351000","video29","Exploring World Art",351000
"video29_352000","video29","Exploring World Art",352000
"video29_353000","video29","Exploring World Art",353000
"video29_354000","video29","Exploring World Art",354000
"video29_355000","video29","Exploring World Art",355000
"video29_356000","video29","Exploring World Art",356000
"video29_357000","video29","Exploring World Art",357000
"video29_358000","video29","Exploring World Art",358000
"video29_359000","video29","Exploring World Art",359000
"video29_360000","video29","Exploring World Art",360000
"video29_361000","video29","Exploring World Art",361000
"video29_362000","video29","Exploring World Art",362000
"video29_363000","video29","Exploring World Art",363000
"video29_364000","video29","Exploring World Art",364000
"video29_365000","video29","Exploring World Art",365000
"video29_366000","video29","Exploring World Art",366000
"video29_367000","video29","Exploring World Art",367000
"video29_368000","video29","Exploring World Art",368000
"video29_369000","video29","Exploring World Art",369000
"video29_370000","video29","Exploring World Art",370000
"video29_371000","video29","Exploring World Art",371000
"video29_372000","video29","Exploring World Art",372000
"video29_373000","video29","Exploring World Art",373000
"video29_374000","video29","Exploring World Art",374000
"video29_375000","video29","Exploring World Art",375000
"video29_376000","video29","Exploring World Art",376000
"video29_377000","video29","Exploring World Art",377000
"video29_378000","video29","Exploring World Art",378000
"video29_379000","video29","Exploring World Art",379000
"video29_380000","video29","Exploring World Art",380000
"video29_381000","video29","Exploring World Art",381000
"video29_382000","video29","Exploring World Art",382000
"video29_383000","video29","Exploring World Art",383000
"video30_0","video30","Green Earth: Sustainable Living",0
"video30_1000","video30","Green Earth: Sustainable Living",1000
"video30_2000","video30","Green Earth: Sustainable Living",2000
"video30_3000","video30","Green Earth: Sustainable Living",3000
"video30_4000","video30","Green Earth: Sustainable Living",4000
"video30_5000","video30","Green Earth: Sustainable Living",5000
"video30_6000","video30","Green Earth: Sustainable Living",6000
"video30_7000","video30","Green Earth: Sustainable Living",7000
"video30_8000","video30","Green Earth: Sustainable Living",8000
"video30_9000","video30","Green Earth: Sustainable Living",9000
"video30_10000","video30","Green Earth: Sustainable Living",10000
"video30_11000","video30","Green Earth: Sustainable Living",11000
"video30_12000","video30","Green Earth: Sustainable Living",12000
"video30_13000","video30","Green Earth: Sustainable Living",13000
"video30_14000","video30","Green Earth: Sustainable Living",14000
"video30_15000","video30","Green Earth: Sustainable Living",15000
"video30_16000","video30","Green Earth: Sustainable Living",16000
"video30_17000","video30","Green Earth: Sustainable Living",17000
"video30_18000","video30","Green Earth: Sustainable Living",18000
"video30_19000","video30","Green Earth: Sustainable Living",19000
"video30_20000","video30","Green Earth: Sustainable Living",20000
"video30_21000","video30","Green Earth: Sustainable Living",21000
"video30_22000","video30","Green Earth: Sustainable Living",22000
"video30_23000","video30","Green Earth: Sustainable Living",23000
"video30_24000","video30","Green Earth: Sustainable Living",24000
"video30_25000","video30","Green Earth: Sustainable Living",25000
"video30_26000","video30","Green Earth: Sustainable Living",26000
"video30_27000","video30","Green Earth: Sustainable Living",27000
"video30_28000","video30","Green Earth: Sustainable Living",28000
"video30_29000","video30","Green Earth: Sustainable Living",29000
"video30_30000","video30","Green Earth: Sustainable Living",30000
"video30_31000","video30","Green Earth: Sustainable Living",31000
"video30_32000","video30","Green Earth: Sustainable Living",32000
"video30_33000","video30","Green Earth: Sustainable Living",33000
"video30_34000","video30","Green Earth: Sustainable Living",34000
"video30_35000","video30","Green Earth: Sustainable Living",35000
"video30_36000","video30","Green Earth: Sustainable Living",36000
"video30_37000","video30","Green Earth: Sustainable Living",37000
"video30_38000","video30","Green Earth: Sustainable Living",38000
"video30_39000","video30","Green Earth: Sustainable Living",39000
"video30_40000","video30","Green Earth: Sustainable Living",40000
"video30_41000","video30","Green Earth: Sustainable Living",41000
"video30_42000","video30","Green Earth: Sustainable Living",42000
"video30_43000","video30","Green Earth: Sustainable Living",43000
"video30_44000","video30","Green Earth: Sustainable Living",44000
"video30_45000","video30","Green Earth: Sustainable Living",45000
"video30_46000","video30","Green Earth: Sustainable Living",46000
"video30_47000","video30","Green Earth: Sustainable Living",47000
"video30_48000","video30","Green Earth: Sustainable Living",48000
"video30_49000","video30","Green Earth: Sustainable Living",49000
"video30_50000","video30","Green Earth: Sustainable Living",50000
"video30_51000","video30","Green Earth: Sustainable Living",51000
"video30_52000","video30","Green Earth: Sustainable Living",52000
"video30_53000","video30","Green Earth: Sustainable Living",53000
"video30_54000","video30","Green Earth: Sustainable Living",54000
"video30_55000","video30","Green Earth: Sustainable Living",55000
"video30_56000","video30","Green Earth: Sustainable Living",56000
"video30_57000","video30","Green Earth: Sustainable Living",57000
"video30_58000","video30","Green Earth: Sustainable Living",58000
"video30_59000","video30","Green Earth: Sustainable Living",59000
"video30_60000","video30","Green Earth: Sustainable Living",60000
"video30_61000","video30","Green Earth: Sustainable Living",61000
"video30_62000","video30","Green Earth: Sustainable Living",62000
"video30_63000","video30","Green Earth: Sustainable Living",63000
"video30_64000","video30","Green Earth: Sustainable Living",64000
"video30_65000","video30","Green Earth: Sustainable Living",65000
"video30_66000","video30","Green Earth: Sustainable Living",66000
"video30_67000","video30","Green Earth: Sustainable Living",67000
"video30_68000","video30","Green Earth: Sustainable Living",68000
"video30_69000","video30","Green Earth: Sustainable Living",69000
"video30_70000","video30","Green Earth: Sustainable Living",70000
"video30_71000","video30","Green Earth: Sustainable Living",71000
"video30_72000","video30","Green Earth: Sustainable Living",72000
"video30_73000","video30","Green Earth: Sustainable Living",73000
"video30_74000","video30","Green Earth: Sustainable Living",74000
"video30_75000","video30","Green Earth: Sustainable Living",75000
"video30_76000","video30","Green Earth: Sustainable Living",76000
"video30_77000","video30","Green Earth: Sustainable Living",77000
"video30_78000","video30","Green Earth: Sustainable Living",78000
"video30_79000","video30","Green Earth: Sustainable Living",79000
"video30_80000","video30","Green Earth: Sustainable Living",80000
"video30_81000","video30","Green Earth: Sustainable Living",81000
"video30_82000","video30","Green Earth: Sustainable Living",82000
"video30_83000","video30","Green Earth: Sustainable Living",83000
"video30_84000","video30","Green Earth: Sustainable Living",84000
"video30_85000","video30","Green Earth: Sustainable Living",85000
"video30_86000","video30","Green Earth: Sustainable Living",86000
"video30_87000","video30","Green Earth: Sustainable Living",87000
"video30_88000","video30","Green Earth: Sustainable Living",88000
"video30_89000","video30","Green Earth: Sustainable Living",89000
"video30_90000","video30","Green Earth: Sustainable Living",90000
"video30_91000","video30","Green Earth: Sustainable Living",91000
"video30_92000","video30","Green Earth: Sustainable Living",92000
"video30_93000","video30","Green Earth: Sustainable Living",93000
"video30_94000","video30","Green Earth: Sustainable Living",94000
"video30_95000","video30","Green Earth: Sustainable Living",95000
"video30_96000","video30","Green Earth: Sustainable Living",96000
"video30_97000","video30","Green Earth: Sustainable Living",97000
"video30_98000","video30","Green Earth: Sustainable Living",98000
"video30_99000","video30","Green Earth: Sustainable Living",99000
"video30_100000","video30","Green Earth: Sustainable Living",100000
"video30_101000","video30","Green Earth: Sustainable Living",101000
"video30_102000","video30","Green Earth: Sustainable Living",102000
"video30_103000","video30","Green Earth: Sustainable Living",103000
"video30_104000","video30","Green Earth: Sustainable Living",104000
"video30_105000","video30","Green Earth: Sustainable Living",105000
"video30_106000","video30","Green Earth: Sustainable Living",106000
"video30_107000","video30","Green Earth: Sustainable Living",107000
"video30_108000","video30","Green Earth: Sustainable Living",108000
"video30_109000","video30","Green Earth: Sustainable Living",109000
"video30_110000","video30","Green Earth: Sustainable Living",110000
"video30_111000","video30","Green Earth: Sustainable Living",111000
"video30_112000","video30","Green Earth: Sustainable Living",112000
"video30_113000","video30","Green Earth: Sustainable Living",113000
"video30_114000","video30","Green Earth: Sustainable Living",114000
"video30_115000","video30","Green Earth: Sustainable Living",115000
"video30_116000","video30","Green Earth: Sustainable Living",116000
"video30_117000","video30","Green Earth: Sustainable Living",117000
"video30_118000","video30","Green Earth: Sustainable Living",118000
"video30_119000","video30","Green Earth: Sustainable Living",119000
"video30_120000","video30","Green Earth: Sustainable Living",120000
"video30_121000","video30","Green Earth: Sustainable Living",121000
"video30_122000","video30","Green Earth: Sustainable Living",122000
"video30_123000","video30","Green Earth: Sustainable Living",123000
"video30_124000","video30","Green Earth: Sustainable Living",124000
"video30_125000","video30","Green Earth: Sustainable Living",125000
"video30_126000","video30","Green Earth: Sustainable Living",126000
"video30_127000","video30","Green Earth: Sustainable Living",127000
"video30_128000","video30","Green Earth: Sustainable Living",128000
"video30_129000","video30","Green Earth: Sustainable Living",129000
"video30_130000","video30","Green Earth: Sustainable Living",130000
"video30_131000","video30","Green Earth: Sustainable Living",131000
"video30_132000","video30","Green Earth: Sustainable Living",132000
"video30_133000","video30","Green Earth: Sustainable Living",133000
"video30_134000","video30","Green Earth: Sustainable Living",134000
"video30_135000","video30","Green Earth: Sustainable Living",135000
"video30_136000","video30","Green Earth: Sustainable Living",136000
"video30_137000","video30","Green Earth: Sustainable Living",137000
"video30_138000","video30","Green Earth: Sustainable Living",138000
"video30_139000","video30","Green Earth: Sustainable Living",139000
"video30_140000","video30","Green Earth: Sustainable Living",140000
"video30_141000","video30","Green Earth: Sustainable Living",141000
"video30_142000","video30","Green Earth: Sustainable Living",142000
"video30_143000","video30","Green Earth: Sustainable Living",143000
"video30_144000","video30","Green Earth: Sustainable Living",144000
"video30_145000","video30","Green Earth: Sustainable Living",145000
"video30_146000","video30","Green Earth: Sustainable Living",146000
"video30_147000","video30","Green Earth: Sustainable Living",147000
"video30_148000","video30","Green Earth: Sustainable Living",148000
"video30_149000","video30","Green Earth: Sustainable Living",149000
"video30_150000","video30","Green Earth: Sustainable Living",150000
"video30_151000","video30","Green Earth: Sustainable Living",151000
"video30_152000","video30","Green Earth: Sustainable Living",152000
"video30_153000","video30","Green Earth: Sustainable Living",153000
"video30_154000","video30","Green Earth: Sustainable Living",154000
"video30_155000","video30","Green Earth: Sustainable Living",155000
"video30_156000","video30","Green Earth: Sustainable Living",156000
"video30_157000","video30","Green Earth: Sustainable Living",157000
"video30_158000","video30","Green Earth: Sustainable Living",158000
"video30_159000","video30","Green Earth: Sustainable Living",159000
"video30_160000","video30","Green Earth: Sustainable Living",160000
"video30_161000","video30","Green Earth: Sustainable Living",161000
"video30_162000","video30","Green Earth: Sustainable Living",162000
"video30_163000","video30","Green Earth: Sustainable Living",163000
"video30_164000","video30","Green Earth: Sustainable Living",164000
"video30_165000","video30","Green Earth: Sustainable Living",165000
"video30_166000","video30","Green Earth: Sustainable Living",166000
"video30_167000","video30","Green Earth: Sustainable Living",167000
"video30_168000","video30","Green Earth: Sustainable Living",168000
"video30_169000","video30","Green Earth: Sustainable Living",169000
"video30_170000","video30","Green Earth: Sustainable Living",170000
"video30_171000","video30","Green Earth: Sustainable Living",171000
"video30_172000","video30","Green Earth: Sustainable Living",172000
"video30_173000","video30","Green Earth: Sustainable Living",173000
"video30_174000","video30","Green Earth: Sustainable Living",174000
"video30_175000","video30","Green Earth: Sustainable Living",175000
"video30_176000","video30","Green Earth: Sustainable Living",176000
"video30_177000","video30","Green Earth: Sustainable Living",177000
"video30_178000","video30","Green Earth: Sustainable Living",178000
"video30_179000","video30","Green Earth: Sustainable Living",179000
"video30_180000","video30","Green Earth: Sustainable Living",180000
"video30_181000","video30","Green Earth: Sustainable Living",181000
"video30_182000","video30","Green Earth: Sustainable Living",182000
"video30_183000","video30","Green Earth: Sustainable Living",183000
"video30_184000","video30","Green Earth: Sustainable Living",184000
"video30_185000","video30","Green Earth: Sustainable Living",185000
"video30_186000","video30","Green Earth: Sustainable Living",186000
"video30_187000","video30","Green Earth: Sustainable Living",187000
"video30_188000","video30","Green Earth: Sustainable Living",188000
"video30_189000","video30","Green Earth: Sustainable Living",189000
"video30_190000","video30","Green Earth: Sustainable Living",190000
"video30_191000","video30","Green Earth: Sustainable Living",191000
"video30_192000","video30","Green Earth: Sustainable Living",192000
"video30_193000","video30","Green Earth: Sustainable Living",193000
"video30_194000","video30","Green Earth: Sustainable Living",194000
"video30_195000","video30","Green Earth: Sustainable Living",195000
"video30_196000","video30","Green Earth: Sustainable Living",196000
"video30_197000","video30","Green Earth: Sustainable Living",197000
"video30_198000","video30","Green Earth: Sustainable Living",198000
"video30_199000","video30","Green Earth: Sustainable Living",199000
"video30_200000","video30","Green Earth: Sustainable Living",200000
"video30_201000","video30","Green Earth: Sustainable Living",201000
"video30_202000","video30","Green Earth: Sustainable Living",202000
"video30_203000","video30","Green Earth: Sustainable Living",203000
"video30_204000","video30","Green Earth: Sustainable Living",204000
"video30_205000","video30","Green Earth: Sustainable Living",205000
"video30_206000","video30","Green Earth: Sustainable Living",206000
"video30_207000","video30","Green Earth: Sustainable Living",207000
"video30_208000","video30","Green Earth: Sustainable Living",208000
"video30_209000","video30","Green Earth: Sustainable Living",209000
"video30_210000","video30","Green Earth: Sustainable Living",210000
"video30_211000","video30","Green Earth: Sustainable Living",211000
"video30_212000","video30","Green Earth: Sustainable Living",212000
"video30_213000","video30","Green Earth: Sustainable Living",213000
"video30_214000","video30","Green Earth: Sustainable Living",214000
"video30_215000","video30","Green Earth: Sustainable Living",215000
"video30_216000","video30","Green Earth: Sustainable Living",216000
"video30_217000","video30","Green Earth: Sustainable Living",217000
"video30_218000","video30","Green Earth: Sustainable Living",218000
"video30_219000","video30","Green Earth: Sustainable Living",219000
"video30_220000","video30","Green Earth: Sustainable Living",220000
"video30_221000","video30","Green Earth: Sustainable Living",221000
"video30_222000","video30","Green Earth: Sustainable Living",222000
"video30_223000","video30","Green Earth: Sustainable Living",223000
"video30_224000","video30","Green Earth: Sustainable Living",224000
"video30_225000","video30","Green Earth: Sustainable Living",225000
"video30_226000","video30","Green Earth: Sustainable Living",226000
"video30_227000","video30","Green Earth: Sustainable Living",227000
"video30_228000","video30","Green Earth: Sustainable Living",228000
"video30_229000","video30","Green Earth: Sustainable Living",229000
"video30_230000","video30","Green Earth: Sustainable Living",230000
"video30_231000","video30","Green Earth: Sustainable Living",231000
"video30_232000","video30","Green Earth: Sustainable Living",232000
"video30_233000","video30","Green Earth: Sustainable Living",233000
"video31_0","video31","Ancient Myths and Legends",0
"video31_1000","video31","Ancient Myths and Legends",1000
"video31_2000","video31","Ancient Myths and Legends",2000
"video31_3000","video31","Ancient Myths and Legends",3000
"video31_4000","video31","Ancient Myths and Legends",4000
"video31_5000","video31","Ancient Myths and Legends",5000
"video31_6000","video31","Ancient Myths and Legends",6000
"video31_7000","video31","Ancient Myths and Legends",7000
"video31_8000","video31","Ancient Myths and Legends",8000
"video31_9000","video31","Ancient Myths and Legends",9000
"video31_10000","video31","Ancient Myths and Legends",10000
"video31_11000","video31","Ancient Myths and Legends",11000
"video31_12000","video31","Ancient Myths and Legends",12000
"video31_13000","video31","Ancient Myths and Legends",13000
"video31_14000","video31","Ancient Myths and Legends",14000
"video31_15000","video31","Ancient Myths and Legends",15000
"video31_16000","video31","Ancient Myths and Legends",16000
"video31_17000","video31","Ancient Myths and Legends",17000
"video31_18000","video31","Ancient Myths and Legends",18000
"video31_19000","video31","Ancient Myths and Legends",19000
"video31_20000","video31","Ancient Myths and Legends",20000
"video31_21000","video31","Ancient Myths and Legends",21000
"video31_22000","video31","Ancient Myths and Legends",22000
"video31_23000","video31","Ancient Myths and Legends",23000
"video31_24000","video31","Ancient Myths and Legends",24000
"video31_25000","video31","Ancient Myths and Legends",25000
"video31_26000","video31","Ancient Myths and Legends",26000
"video31_27000","video31","Ancient Myths and Legends",27000
"video31_28000","video31","Ancient Myths and Legends",28000
"video31_29000","video31","Ancient Myths and Legends",29000
"video31_30000","video31","Ancient Myths and Legends",30000
"video31_31000","video31","Ancient Myths and Legends",31000
"video31_32000","video31","Ancient Myths and Legends",32000
"video31_33000","video31","Ancient Myths and Legends",33000
"video31_34000","video31","Ancient Myths and Legends",34000
"video31_35000","video31","Ancient Myths and Legends",35000
"video31_36000","video31","Ancient Myths and Legends",36000
"video31_37000","video31","Ancient Myths and Legends",37000
"video31_38000","video31","Ancient Myths and Legends",38000
"video31_39000","video31","Ancient Myths and Legends",39000
"video31_40000","video31","Ancient Myths and Legends",40000
"video31_41000","video31","Ancient Myths and Legends",41000
"video31_42000","video31","Ancient Myths and Legends",42000
"video31_43000","video31","Ancient Myths and Legends",43000
"video31_44000","video31","Ancient Myths and Legends",44000
"video31_45000","video31","Ancient Myths and Legends",45000
"video31_46000","video31","Ancient Myths and Legends",46000
"video31_47000","video31","Ancient Myths and Legends",47000
"video31_48000","video31","Ancient Myths and Legends",48000
"video31_49000","video31","Ancient Myths and Legends",49000
"video31_50000","video31","Ancient Myths and Legends",50000
"video31_51000","video31","Ancient Myths and Legends",51000
"video31_52000","video31","Ancient Myths and Legends",52000
"video31_53000","video31","Ancient Myths and Legends",53000
"video31_54000","video31","Ancient Myths and Legends",54000
"video31_55000","video31","Ancient Myths and Legends",55000
"video31_56000","video31","Ancient Myths and Legends",56000
"video31_57000","video31","Ancient Myths and Legends",57000
"video31_58000","video31","Ancient Myths and Legends",58000
"video31_59000","video31","Ancient Myths and Legends",59000
"video31_60000","video31","Ancient Myths and Legends",60000
"video31_61000","video31","Ancient Myths and Legends",61000
"video31_62000","video31","Ancient Myths and Legends",62000
"video31_63000","video31","Ancient Myths and Legends",63000
"video31_64000","video31","Ancient Myths and Legends",64000
"video31_65000","video31","Ancient Myths and Legends",65000
"video31_66000","video31","Ancient Myths and Legends",66000
"video31_67000","video31","Ancient Myths and Legends",67000
"video31_68000","video31","Ancient Myths and Legends",68000
"video31_69000","video31","Ancient Myths and Legends",69000
"video31_70000","video31","Ancient Myths and Legends",70000
"video31_71000","video31","Ancient Myths and Legends",71000
"video31_72000","video31","Ancient Myths and Legends",72000
"video31_73000","video31","Ancient Myths and Legends",73000
"video31_74000","video31","Ancient Myths and Legends",74000
"video31_75000","video31","Ancient Myths and Legends",75000
"video31_76000","video31","Ancient Myths and Legends",76000
"video31_77000","video31","Ancient Myths and Legends",77000
"video31_78000","video31","Ancient Myths and Legends",78000
"video31_79000","video31","Ancient Myths and Legends",79000
"video32_0","video32","The Quest for Adventure",0
"video32_1000","video32","The Quest for Adventure",1000
"video32_2000","video32","The Quest for Adventure",2000
"video32_3000","video32","The Quest for Adventure",3000
"video32_4000","video32","The Quest for Adventure",4000
"video32_5000","video32","The Quest for Adventure",5000
"video32_6000","video32","The Quest for Adventure",6000
"video32_7000","video32","The Quest for Adventure",7000
"video32_8000","video32","The Quest for Adventure",8000
"video32_9000","video32","The Quest for Adventure",9000
"video32_10000","video32","The Quest for Adventure",10000
"video32_11000","video32","The Quest for Adventure",11000
"video32_12000","video32","The Quest for Adventure",12000
"video32_13000","video32","The Quest for Adventure",13000
"video32_14000","video32","The Quest for Adventure",14000
"video32_15000","video32","The Quest for Adventure",15000
"video32_16000","video32","The Quest for Adventure",16000
"video32_17000","video32","The Quest for Adventure",17000
"video32_18000","video32","The Quest for Adventure",18000
"video32_19000","video32","The Quest for Adventure",19000
"video32_20000","video32","The Quest for Adventure",20000
"video32_21000","video32","The Quest for Adventure",21000
"video32_22000","video32","The Quest for Adventure",22000
"video32_23000","video32","The Quest for Adventure",23000
"video32_24000","video32","The Quest for Adventure",24000
"video32_25000","video32","The Quest for Adventure",25000
"video32_26000","video32","The Quest for Adventure",26000
"video32_27000","video32","The Quest for Adventure",27000
"video32_28000","video32","The Quest for Adventure",28000
"video32_29000","video32","The Quest for Adventure",29000
"video32_30000","video32","The Quest for Adventure",30000
"video32_31000","video32","The Quest for Adventure",31000
"video32_32000","video32","The Quest for Adventure",32000
"video32_33000","video32","The Quest for Adventure",33000
"video32_34000","video32","The Quest for Adventure",34000
"video32_35000","video32","The Quest for Adventure",35000
"video32_36000","video32","The Quest for Adventure",36000
"video32_37000","video32","The Quest for Adventure",37000
"video32_38000","video32","The Quest for Adventure",38000
"video32_39000","video32","The Quest for Adventure",39000
"video32_40000","video32","The Quest for Adventure",40000
"video32_41000","video32","The Quest for Adventure",41000
"video32_42000","video32","The Quest for Adventure",42000
"video32_43000","video32","The Quest for Adventure",43000
"video32_44000","video32","The Quest for Adventure",44000
"video32_45000","video32","The Quest for Adventure",45000
"video32_46000","video32","The Quest for Adventure",46000
"video32_47000","video32","The Quest for Adventure",47000
"video32_48000","video32","The Quest for Adventure",48000
"video32_49000","video32","The Quest for Adventure",49000
"video32_50000","video32","The Quest for Adventure",50000
"video32_51000","video32","The Quest for Adventure",51000
"video32_52000","video32","The Quest for Adventure",52000
"video32_53000","video32","The Quest for Adventure",53000
"video32_54000","video32","The Quest for Adventure",54000
"video32_55000","video32","The Quest for Adventure",55000
"video32_56000","video32","The Quest for Adventure",56000
"video32_57000","video32","The Quest for Adventure",57000
"video32_58000","video32","The Quest for Adventure",58000
"video32_59000","video32","The Quest for Adventure",59000
"video32_60000","video32","The Quest for Adventure",60000
"video32_61000","video32","The Quest for Adventure",61000
"video32_62000","video32","The Quest for Adventure",62000
"video32_63000","video32","The Quest for Adventure",63000
"video32_64000","video32","The Quest for Adventure",64000
"video32_65000","video32","The Quest for Adventure",65000
"video32_66000","video32","The Quest for Adventure",66000
"video32_67000","video32","The Quest for Adventure",67000
"video32_68000","video32","The Quest for Adventure",68000
"video32_69000","video32","The Quest for Adventure",69000
"video32_70000","video32","The Quest for Adventure",70000
"video32_71000","video32","The Quest for Adventure",71000
"video32_72000","video32","The Quest for Adventure",72000
"video32_73000","video32","The Quest for Adventure",73000
"video32_74000","video32","The Quest for Adventure",74000
"video32_75000","video32","The Quest for Adventure",75000
"video32_76000","video32","The Quest for Adventure",76000
"video32_77000","video32","The Quest for Adventure",77000
"video32_78000","video32","The Quest for Adventure",78000
"video32_79000","video32","The Quest for Adventure",79000
"video32_80000","video32","The Quest for Adventure",80000
"video32_81000","video32","The Quest for Adventure",81000
"video32_82000","video32","The Quest for Adventure",82000
"video32_83000","video32","The Quest for Adventure",83000
"video32_84000","video32","The Quest for Adventure",84000
"video32_85000","video32","The Quest for Adventure",85000
"video32_86000","video32","The Quest for Adventure",86000
"video32_87000","video32","The Quest for Adventure",87000
"video32_88000","video32","The Quest for Adventure",88000
"video32_89000","video32","The Quest for Adventure",89000
"video32_90000","video32","The Quest for Adventure",90000
"video32_91000","video32","The Quest for Adventure",91000
"video32_92000","video32","The Quest for Adventure",92000
"video32_93000","video32","The Quest for Adventure",93000
"video32_94000","video32","The Quest for Adventure",94000
"video32_95000","video32","The Quest for Adventure",95000
"video32_96000","video32","The Quest for Adventure",96000
"video32_97000","video32","The Quest for Adventure",97000
"video32_98000","video32","The Quest for Adventure",98000
"video32_99000","video32","The Quest for Adventure",99000
"video32_100000","video32","The Quest for Adventure",100000
"video32_101000","video32","The Quest for Adventure",101000
"video32_102000","video32","The Quest for Adventure",102000
"video32_103000","video32","The Quest for Adventure",103000
"video32_104000","video32","The Quest for Adventure",104000
"video32_105000","video32","The Quest for Adventure",105000
"video32_106000","video32","The Quest for Adventure",106000
"video32_107000","video32","The Quest for Adventure",107000
"video32_108000","video32","The Quest for Adventure",108000
"video32_109000","video32","The Quest for Adventure",109000
"video32_110000","video32","The Quest for Adventure",110000
"video32_111000","video32","The Quest for Adventure",111000
"video32_112000","video32","The Quest for Adventure",112000
"video32_113000","video32","The Quest for Adventure",113000
"video32_114000","video32","The Quest for Adventure",114000
"video32_115000","video32","The Quest for Adventure",115000
"video32_116000","video32","The Quest for Adventure",116000
"video32_117000","video32","The Quest for Adventure",117000
"video32_118000","video32","The Quest for Adventure",118000
"video32_119000","video32","The Quest for Adventure",119000
"video32_120000","video32","The Quest for Adventure",120000
"video32_121000","video32","The Quest for Adventure",121000
"video32_122000","video32","The Quest for Adventure",122000
"video32_123000","video32","The Quest for Adventure",123000
"video32_124000","video32","The Quest for Adventure",124000
"video32_125000","video32","The Quest for Adventure",125000
"video32_126000","video32","The Quest for Adventure",126000
"video32_127000","video32","The Quest for Adventure",127000
"video32_128000","video32","The Quest for Adventure",128000
"video32_129000","video32","The Quest for Adventure",129000
"video32_130000","video32","The Quest for Adventure",130000
"video32_131000","video32","The Quest for Adventure",131000
"video32_132000","video32","The Quest for Adventure",132000
"video32_133000","video32","The Quest for Adventure",133000
"video32_134000","video32","The Quest for Adventure",134000
"video32_135000","video32","The Quest for Adventure",135000
"video32_136000","video32","The Quest for Adventure",136000
"video32_137000","video32","The Quest for Adventure",137000
"video32_138000","video32","The Quest for Adventure",138000
"video32_139000","video32","The Quest for Adventure",139000
"video32_140000","video32","The Quest for Adventure",140000
"video32_141000","video32","The Quest for Adventure",141000
"video32_142000","video32","The Quest for Adventure",142000
"video32_143000","video32","The Quest for Adventure",143000
"video32_144000","video32","The Quest for Adventure",144000
"video32_145000","video32","The Quest for Adventure",145000
"video32_146000","video32","The Quest for Adventure",146000
"video32_147000","video32","The Quest for Adventure",147000
"video32_148000","video32","The Quest for Adventure",148000
"video32_149000","video32","The Quest for Adventure",149000
"video32_150000","video32","The Quest for Adventure",150000
"video32_151000","video32","The Quest for Adventure",151000
"video32_152000","video32","The Quest for Adventure",152000
"video32_153000","video32","The Quest for Adventure",153000
"video32_154000","video32","The Quest for Adventure",154000
"video32_155000","video32","The Quest for Adventure",155000
"video32_156000","video32","The Quest for Adventure",156000
"video32_157000","video32","The Quest for Adventure",157000
"video32_158000","video32","The Quest for Adventure",158000
"video32_159000","video32","The Quest for Adventure",159000
"video32_160000","video32","The Quest for Adventure",160000
"video32_161000","video32","The Quest for Adventure",161000
"video32_162000","video32","The Quest for Adventure",162000
"video32_163000","video32","The Quest for Adventure",163000
"video32_164000","video32","The Quest for Adventure",164000
"video32_165000","video32","The Quest for Adventure",165000
"video32_166000","video32","The Quest for Adventure",166000
"video32_167000","video32","The Quest for Adventure",167000
"video32_168000","video32","The Quest for Adventure",168000
"video32_169000","video32","The Quest for Adventure",169000
"video32_170000","video32","The Quest for Adventure",170000
"video32_171000","video32","The Quest for Adventure",171000
"video32_172000","video32","The Quest for Adventure",172000
"video32_173000","video32","The Quest for Adventure",173000
"video32_174000","video32","The Quest for Adventure",174000
"video32_175000","video32","The Quest for Adventure",175000
"video32_176000","video32","The Quest for Adventure",176000
"video32_177000","video32","The Quest for Adventure",177000
"video32_178000","video32","The Quest for Adventure",178000
"video32_179000","video32","The Quest for Adventure",179000
"video32_180000","video32","The Quest for Adventure",180000
"video32_181000","video32","The Quest for Adventure",181000
"video32_182000","video32","The Quest for Adventure",182000
"video32_183000","video32","The Quest for Adventure",183000
"video32_184000","video32","The Quest for Adventure",184000
"video32_185000","video32","The Quest for Adventure",185000
"video32_186000","video32","The Quest for Adventure",186000
"video32_187000","video32","The Quest for Adventure",187000
"video32_188000","video32","The Quest for Adventure",188000
"video32_189000","video32","The Quest for Adventure",189000
"video32_190000","video32","The Quest for Adventure",190000
"video32_191000","video32","The Quest for Adventure",191000
"video32_192000","video32","The Quest for Adventure",192000
"video32_193000","video32","The Quest for Adventure",193000
"video32_194000","video32","The Quest for Adventure",194000
"video32_195000","video32","The Quest for Adventure",195000
"video32_196000","video32","The Quest for Adventure",196000
"video32_197000","video32","The Quest for Adventure",197000
"video32_198000","video32","The Quest for Adventure",198000
"video32_199000","video32","The Quest for Adventure",199000
"video32_200000","video32","The Quest for Adventure",200000
"video32_201000","video32","The Quest for Adventure",201000
"video32_202000","video32","The Quest for Adventure",202000
"video32_203000","video32","The Quest for Adventure",203000
"video32_204000","video32","The Quest for Adventure",204000
"video32_205000","video32","The Quest for Adventure",205000
"video32_206000","video32","The Quest for Adventure",206000
"video32_207000","video32","The Quest for Adventure",207000
"video32_208000","video32","The Quest for Adventure",208000
"video32_209000","video32","The Quest for Adventure",209000
"video32_210000","video32","The Quest for Adventure",210000
"video32_211000","video32","The Quest for Adventure",211000
"video32_212000","video32","The Quest for Adventure",212000
"video32_213000","video32","The Quest for Adventure",213000
"video32_214000","video32","The Quest for Adventure",214000
"video32_215000","video32","The Quest for Adventure",215000
"video32_216000","video32","The Quest for Adventure",216000
"video32_217000","video32","The Quest for Adventure",217000
"video32_218000","video32","The Quest for Adventure",218000
"video32_219000","video32","The Quest for Adventure",219000
"video32_220000","video32","The Quest for Adventure",220000
"video32_221000","video32","The Quest for Adventure",221000
"video32_222000","video32","The Quest for Adventure",222000
"video32_223000","video32","The Quest for Adventure",223000
"video32_224000","video32","The Quest for Adventure",224000
"video32_225000","video32","The Quest for Adventure",225000
"video32_226000","video32","The Quest for Adventure",226000
"video32_227000","video32","The Quest for Adventure",227000
"video32_228000","video32","The Quest for Adventure",228000
"video32_229000","video32","The Quest for Adventure",229000
"video32_230000","video32","The Quest for Adventure",230000
"video32_231000","video32","The Quest for Adventure",231000
"video32_232000","video32","The Quest for Adventure",232000
"video32_233000","video32","The Quest for Adventure",233000
"video32_234000","video32","The Quest for Adventure",234000
"video32_235000","video32","The Quest for Adventure",235000
"video32_236000","video32","The Quest for Adventure",236000
"video32_237000","video32","The Quest for Adventure",237000
"video32_238000","video32","The Quest for Adventure",238000
"video32_239000","video32","The Quest for Adventure",239000
"video32_240000","video32","The Quest for Adventure",240000
"video32_241000","video32","The Quest for Adventure",241000
"video32_242000","video32","The Quest for Adventure",242000
"video32_243000","video32","The Quest for Adventure",243000
"video32_244000","video32","The Quest for Adventure",244000
"video32_245000","video32","The Quest for Adventure",245000
"video32_246000","video32","The Quest for Adventure",246000
"video32_247000","video32","The Quest for Adventure",247000
"video32_248000","video32","The Quest for Adventure",248000
"video32_249000","video32","The Quest for Adventure",249000
"video32_250000","video32","The Quest for Adventure",250000
"video32_251000","video32","The Quest for Adventure",251000
"video32_252000","video32","The Quest for Adventure",252000
"video32_253000","video32","The Quest for Adventure",253000
"video32_254000","video32","The Quest for Adventure",254000
"video32_255000","video32","The Quest for Adventure",255000
"video32_256000","video32","The Quest for Adventure",256000
"video32_257000","video32","The Quest for Adventure",257000
"video32_258000","video32","The Quest for Adventure",258000
"video32_259000","video32","The Quest for Adventure",259000
"video32_260000","video32","The Quest for Adventure",260000
"video32_261000","video32","The Quest for Adventure",261000
"video32_262000","video32","The Quest for Adventure",262000
"video32_263000","video32","The Quest for Adventure",263000
"video32_264000","video32","The Quest for Adventure",264000
"video32_265000","video32","The Quest for Adventure",265000
"video32_266000","video32","The Quest for Adventure",266000
"video32_267000","video32","The Quest for Adventure",267000
"video32_268000","video32","The Quest for Adventure",268000
"video32_269000","video32","The Quest for Adventure",269000
"video32_270000","video32","The Quest for Adventure",270000
"video32_271000","video32","The Quest for Adventure",271000
"video32_272000","video32","The Quest for Adventure",272000
"video32_273000","video32","The Quest for Adventure",273000
"video32_274000","video32","The Quest for Adventure",274000
"video32_275000","video32","The Quest for Adventure",275000
"video32_276000","video32","The Quest for Adventure",276000
"video32_277000","video32","The Quest for Adventure",277000
"video32_278000","video32","The Quest for Adventure",278000
"video32_279000","video32","The Quest for Adventure",279000
"video32_280000","video32","The Quest for Adventure",280000
"video32_281000","video32","The Quest for Adventure",281000
"video32_282000","video32","The Quest for Adventure",282000
"video32_283000","video32","The Quest for Adventure",283000
"video32_284000","video32","The Quest for Adventure",284000
"video32_285000","video32","The Quest for Adventure",285000
"video32_286000","video32","The Quest for Adventure",286000
"video32_287000","video32","The Quest for Adventure",287000
"video32_288000","video32","The Quest for Adventure",288000
"video32_289000","video32","The Quest for Adventure",289000
"video32_290000","video32","The Quest for Adventure",290000
"video32_291000","video32","The Quest for Adventure",291000
"video32_292000","video32","The Quest for Adventure",292000
"video32_293000","video32","The Quest for Adventure",293000
"video32_294000","video32","The Quest for Adventure",294000
"video32_295000","video32","The Quest for Adventure",295000
"video32_296000","video32","The Quest for Adventure",296000
"video32_297000","video32","The Quest for Adventure",297000
"video32_298000","video32","The Quest for Adventure",298000
"video32_299000","video32","The Quest for Adventure",299000
"video32_300000","video32","The Quest for Adventure",300000
"video32_301000","video32","The Quest for Adventure",301000
"video32_302000","video32","The Quest for Adventure",302000
"video32_303000","video32","The Quest for Adventure",303000
"video32_304000","video32","The Quest for Adventure",304000
"video32_305000","video32","The Quest for Adventure",305000
"video32_306000","video32","The Quest for Adventure",306000
"video32_307000","video32","The Quest for Adventure",307000
"video32_308000","video32","The Quest for Adventure",308000
"video32_309000","video32","The Quest for Adventure",309000
"video32_310000","video32","The Quest for Adventure",310000
"video32_311000","video32","The Quest for Adventure",311000
"video32_312000","video32","The Quest for Adventure",312000
"video32_313000","video32","The Quest for Adventure",313000
"video32_314000","video32","The Quest for Adventure",314000
"video32_315000","video32","The Quest for Adventure",315000
"video32_316000","video32","The Quest for Adventure",316000
"video32_317000","video32","The Quest for Adventure",317000
"video32_318000","video32","The Quest for Adventure",318000
"video32_319000","video32","The Quest for Adventure",319000
"video32_320000","video32","The Quest for Adventure",320000
"video32_321000","video32","The Quest for Adventure",321000
"video32_322000","video32","The Quest for Adventure",322000
"video32_323000","video32","The Quest for Adventure",323000
"video32_324000","video32","The Quest for Adventure",324000
"video32_325000","video32","The Quest for Adventure",325000
"video32_326000","video32","The Quest for Adventure",326000
"video32_327000","video32","The Quest for Adventure",327000
"video32_328000","video32","The Quest for Adventure",328000
"video32_329000","video32","The Quest for Adventure",329000
"video32_330000","video32","The Quest for Adventure",330000
"video32_331000","video32","The Quest for Adventure",331000
"video32_332000","video32","The Quest for Adventure",332000
"video32_333000","video32","The Quest for Adventure",333000
"video32_334000","video32","The Quest for Adventure",334000
"video32_335000","video32","The Quest for Adventure",335000
"video32_336000","video32","The Quest for Adventure",336000
"video32_337000","video32","The Quest for Adventure",337000
"video32_338000","video32","The Quest for Adventure",338000
"video32_339000","video32","The Quest for Adventure",339000
"video32_340000","video32","The Quest for Adventure",340000
"video32_341000","video32","The Quest for Adventure",341000
"video32_342000","video32","The Quest for Adventure",342000
"video32_343000","video32","The Quest for Adventure",343000
"video32_344000","video32","The Quest for Adventure",344000
"video32_345000","video32","The Quest for Adventure",345000
"video32_346000","video32","The Quest for Adventure",346000
"video32_347000","video32","The Quest for Adventure",347000
"video32_348000","video32","The Quest for Adventure",348000
"video32_349000","video32","The Quest for Adventure",349000
"video32_350000","video32","The Quest for Adventure",350000
"video32_351000","video32","The Quest for Adventure",351000
"video32_352000","video32","The Quest for Adventure",352000
"video32_353000","video32","The Quest for Adventure",353000
"video32_354000","video32","The Quest for Adventure",354000
"video32_355000","video32","The Quest for Adventure",355000
"video32_356000","video32","The Quest for Adventure",356000
"video32_357000","video32","The Quest for Adventure",357000
"video32_358000","video32","The Quest for Adventure",358000
"video32_359000","video32","The Quest for Adventure",359000
"video32_360000","video32","The Quest for Adventure",360000
"video32_361000","video32","The Quest for Adventure",361000
"video32_362000","video32","The Quest for Adventure",362000
"video32_363000","video32","The Quest for Adventure",363000
"video32_364000","video32","The Quest for Adventure",364000
"video32_365000","video32","The Quest for Adventure",365000
"video32_366000","video32","The Quest for Adventure",366000
"video32_367000","video32","The Quest for Adventure",367000
"video32_368000","video32","The Quest for Adventure",368000
"video32_369000","video32","The Quest for Adventure",369000
"video32_370000","video32","The Quest for Adventure",370000
"video32_371000","video32","The Quest for Adventure",371000
"video32_372000","video32","The Quest for Adventure",372000
"video32_373000","video32","The Quest for Adventure",373000
"video32_374000","video32","The Quest for Adventure",374000
"video32_375000","video32","The Quest for Adventure",375000
"video32_376000","video32","The Quest for Adventure",376000
"video32_377000","video32","The Quest for Adventure",377000
"video32_378000","video32","The Quest for Adventure",378000
"video32_379000","video32","The Quest for Adventure",379000
"video32_380000","video32","The Quest for Adventure",380000
"video32_381000","video32","The Quest for Adventure",381000
"video32_382000","video32","The Quest for Adventure",382000
"video32_383000","video32","The Quest for Adventure",383000
"video32_384000","video32","The Quest for Adventure",384000
"video32_385000","video32","The Quest for Adventure",385000
"video32_386000","video32","The Quest for Adventure",386000
"video32_387000","video32","The Quest for Adventure",387000
"video32_388000","video32","The Quest for Adventure",388000
"video32_389000","video32","The Quest for Adventure",389000
"video32_390000","video32","The Quest for Adventure",390000
"video32_391000","video32","The Quest for Adventure",391000
"video32_392000","video32","The Quest for Adventure",392000
"video32_393000","video32","The Quest for Adventure",393000
"video32_394000","video32","The Quest for Adventure",394000
"video32_395000","video32","The Quest for Adventure",395000
"video32_396000","video32","The Quest for Adventure",396000
"video32_397000","video32","The Quest for Adventure",397000
"video32_398000","video32","The Quest for Adventure",398000
"video32_399000","video32","The Quest for Adventure",399000
"video32_400000","video32","The Quest for Adventure",400000
"video32_401000","video32","The Quest for Adventure",401000
"video32_402000","video32","The Quest for Adventure",402000
"video32_403000","video32","The Quest for Adventure",403000
"video32_404000","video32","The Quest for Adventure",404000
"video32_405000","video32","The Quest for Adventure",405000
"video32_406000","video32","The Quest for Adventure",406000
"video32_407000","video32","The Quest for Adventure",407000
"video32_408000","video32","The Quest for Adventure",408000
"video32_409000","video32","The Quest for Adventure",409000
"video32_410000","video32","The Quest for Adventure",410000
"video32_411000","video32","The Quest for Adventure",411000
"video32_412000","video32","The Quest for Adventure",412000
"video32_413000","video32","The Quest for Adventure",413000
"video32_414000","video32","The Quest for Adventure",414000
"video32_415000","video32","The Quest for Adventure",415000
"video32_416000","video32","The Quest for Adventure",416000
"video32_417000","video32","The Quest for Adventure",417000
"video32_418000","video32","The Quest for Adventure",418000
"video32_419000","video32","The Quest for Adventure",419000
"video32_420000","video32","The Quest for Adventure",420000
"video32_421000","video32","The Quest for Adventure",421000
"video32_422000","video32","The Quest for Adventure",422000
"video32_423000","video32","The Quest for Adventure",423000
"video32_424000","video32","The Quest for Adventure",424000
"video32_425000","video32","The Quest for Adventure",425000
"video32_426000","video32","The Quest for Adventure",426000
"video32_427000","video32","The Quest for Adventure",427000
"video32_428000","video32","The Quest for Adventure",428000
"video32_429000","video32","The Quest for Adventure",429000
"video32_430000","video32","The Quest for Adventure",430000
"video32_431000","video32","The Quest for Adventure",431000
"video32_432000","video32","The Quest for Adventure",432000
"video32_433000","video32","The Quest for Adventure",433000
"video32_434000","video32","The Quest for Adventure",434000
"video32_435000","video32","The Quest for Adventure",435000
"video32_436000","video32","The Quest for Adventure",436000
"video32_437000","video32","The Quest for Adventure",437000
"video32_438000","video32","The Quest for Adventure",438000
"video32_439000","video32","The Quest for Adventure",439000
"video32_440000","video32","The Quest for Adventure",440000
"video32_441000","video32","The Quest for Adventure",441000
"video32_442000","video32","The Quest for Adventure",442000
"video32_443000","video32","The Quest for Adventure",443000
"video32_444000","video32","The Quest for Adventure",444000
"video32_445000","video32","The Quest for Adventure",445000
"video32_446000","video32","The Quest for Adventure",446000
"video32_447000","video32","The Quest for Adventure",447000
"video32_448000","video32","The Quest for Adventure",448000
"video32_449000","video32","The Quest for Adventure",449000
"video32_450000","video32","The Quest for Adventure",450000
"video32_451000","video32","The Quest for Adventure",451000
"video32_452000","video32","The Quest for Adventure",452000
"video32_453000","video32","The Quest for Adventure",453000
"video32_454000","video32","The Quest for Adventure",454000
"video32_455000","video32","The Quest for Adventure",455000
"video32_456000","video32","The Quest for Adventure",456000
"video32_457000","video32","The Quest for Adventure",457000
"video32_458000","video32","The Quest for Adventure",458000
"video32_459000","video32","The Quest for Adventure",459000
"video32_460000","video32","The Quest for Adventure",460000
"video32_461000","video32","The Quest for Adventure",461000
"video32_462000","video32","The Quest for Adventure",462000
"video32_463000","video32","The Quest for Adventure",463000
"video32_464000","video32","The Quest for Adventure",464000
"video32_465000","video32","The Quest for Adventure",465000
"video32_466000","video32","The Quest for Adventure",466000
"video32_467000","video32","The Quest for Adventure",467000
"video32_468000","video32","The Quest for Adventure",468000
"video32_469000","video32","The Quest for Adventure",469000
"video32_470000","video32","The Quest for Adventure",470000
"video32_471000","video32","The Quest for Adventure",471000
"video32_472000","video32","The Quest for Adventure",472000
"video32_473000","video32","The Quest for Adventure",473000
"video32_474000","video32","The Quest for Adventure",474000
"video32_475000","video32","The Quest for Adventure",475000
"video32_476000","video32","The Quest for Adventure",476000
"video32_477000","video32","The Quest for Adventure",477000
"video32_478000","video32","The Quest for Adventure",478000
"video32_479000","video32","The Quest for Adventure",479000
"video32_480000","video32","The Quest for Adventure",480000
"video32_481000","video32","The Quest for Adventure",481000
"video32_482000","video32","The Quest for Adventure",482000
"video32_483000","video32","The Quest for Adventure",483000
"video32_484000","video32","The Quest for Adventure",484000
"video32_485000","video32","The Quest for Adventure",485000
"video32_486000","video32","The Quest for Adventure",486000
"video32_487000","video32","The Quest for Adventure",487000
"video32_488000","video32","The Quest for Adventure",488000
"video32_489000","video32","The Quest for Adventure",489000
"video32_490000","video32","The Quest for Adventure",490000
"video32_491000","video32","The Quest for Adventure",491000
"video32_492000","video32","The Quest for Adventure",492000
"video32_493000","video32","The Quest for Adventure",493000
"video32_494000","video32","The Quest for Adventure",494000
"video32_495000","video32","The Quest for Adventure",495000
"video32_496000","video32","The Quest for Adventure",496000
"video33_0","video33","Emotional Human Journeys",0
"video33_1000","video33","Emotional Human Journeys",1000
"video33_2000","video33","Emotional Human Journeys",2000
"video33_3000","video33","Emotional Human Journeys",3000
"video33_4000","video33","Emotional Human Journeys",4000
"video33_5000","video33","Emotional Human Journeys",5000
"video33_6000","video33","Emotional Human Journeys",6000
"video33_7000","video33","Emotional Human Journeys",7000
"video33_8000","video33","Emotional Human Journeys",8000
"video33_9000","video33","Emotional Human Journeys",9000
"video33_10000","video33","Emotional Human Journeys",10000
"video33_11000","video33","Emotional Human Journeys",11000
"video33_12000","video33","Emotional Human Journeys",12000
"video33_13000","video33","Emotional Human Journeys",13000
"video33_14000","video33","Emotional Human Journeys",14000
"video33_15000","video33","Emotional Human Journeys",15000
"video33_16000","video33","Emotional Human Journeys",16000
"video33_17000","video33","Emotional Human Journeys",17000
"video33_18000","video33","Emotional Human Journeys",18000
"video33_19000","video33","Emotional Human Journeys",19000
"video33_20000","video33","Emotional Human Journeys",20000
"video33_21000","video33","Emotional Human Journeys",21000
"video33_22000","video33","Emotional Human Journeys",22000
"video33_23000","video33","Emotional Human Journeys",23000
"video33_24000","video33","Emotional Human Journeys",24000
"video33_25000","video33","Emotional Human Journeys",25000
"video33_26000","video33","Emotional Human Journeys",26000
"video33_27000","video33","Emotional Human Journeys",27000
"video33_28000","video33","Emotional Human Journeys",28000
"video33_29000","video33","Emotional Human Journeys",29000
"video33_30000","video33","Emotional Human Journeys",30000
"video33_31000","video33","Emotional Human Journeys",31000
"video33_32000","video33","Emotional Human Journeys",32000
"video33_33000","video33","Emotional Human Journeys",33000
"video33_34000","video33","Emotional Human Journeys",34000
"video33_35000","video33","Emotional Human Journeys",35000
"video33_36000","video33","Emotional Human Journeys",36000
"video33_37000","video33","Emotional Human Journeys",37000
"video33_38000","video33","Emotional Human Journeys",38000
"video33_39000","video33","Emotional Human Journeys",39000
"video33_40000","video33","Emotional Human Journeys",40000
"video33_41000","video33","Emotional Human Journeys",41000
"video33_42000","video33","Emotional Human Journeys",42000
"video33_43000","video33","Emotional Human Journeys",43000
"video33_44000","video33","Emotional Human Journeys",44000
"video33_45000","video33","Emotional Human Journeys",45000
"video33_46000","video33","Emotional Human Journeys",46000
"video33_47000","video33","Emotional Human Journeys",47000
"video33_48000","video33","Emotional Human Journeys",48000
"video33_49000","video33","Emotional Human Journeys",49000
"video33_50000","video33","Emotional Human Journeys",50000
"video33_51000","video33","Emotional Human Journeys",51000
"video33_52000","video33","Emotional Human Journeys",52000
"video33_53000","video33","Emotional Human Journeys",53000
"video33_54000","video33","Emotional Human Journeys",54000
"video33_55000","video33","Emotional Human Journeys",55000
"video33_56000","video33","Emotional Human Journeys",56000
"video33_57000","video33","Emotional Human Journeys",57000
"video33_58000","video33","Emotional Human Journeys",58000
"video33_59000","video33","Emotional Human Journeys",59000
"video33_60000","video33","Emotional Human Journeys",60000
"video33_61000","video33","Emotional Human Journeys",61000
"video33_62000","video33","Emotional Human Journeys",62000
"video33_63000","video33","Emotional Human Journeys",63000
"video33_64000","video33","Emotional Human Journeys",64000
"video33_65000","video33","Emotional Human Journeys",65000
"video33_66000","video33","Emotional Human Journeys",66000
"video33_67000","video33","Emotional Human Journeys",67000
"video33_68000","video33","Emotional Human Journeys",68000
"video33_69000","video33","Emotional Human Journeys",69000
"video33_70000","video33","Emotional Human Journeys",70000
"video33_71000","video33","Emotional Human Journeys",71000
"video33_72000","video33","Emotional Human Journeys",72000
"video33_73000","video33","Emotional Human Journeys",73000
"video33_74000","video33","Emotional Human Journeys",74000
"video33_75000","video33","Emotional Human Journeys",75000
"video33_76000","video33","Emotional Human Journeys",76000
"video33_77000","video33","Emotional Human Journeys",77000
"video33_78000","video33","Emotional Human Journeys",78000
"video33_79000","video33","Emotional Human Journeys",79000
"video33_80000","video33","Emotional Human Journeys",80000
"video33_81000","video33","Emotional Human Journeys",81000
"video33_82000","video33","Emotional Human Journeys",82000
"video33_83000","video33","Emotional Human Journeys",83000
"video33_84000","video33","Emotional Human Journeys",84000
"video33_85000","video33","Emotional Human Journeys",85000
"video33_86000","video33","Emotional Human Journeys",86000
"video33_87000","video33","Emotional Human Journeys",87000
"video33_88000","video33","Emotional Human Journeys",88000
"video33_89000","video33","Emotional Human Journeys",89000
"video33_90000","video33","Emotional Human Journeys",90000
"video33_91000","video33","Emotional Human Journeys",91000
"video33_92000","video33","Emotional Human Journeys",92000
"video33_93000","video33","Emotional Human Journeys",93000
"video33_94000","video33","Emotional Human Journeys",94000
"video33_95000","video33","Emotional Human Journeys",95000
"video33_96000","video33","Emotional Human Journeys",96000
"video33_97000","video33","Emotional Human Journeys",97000
"video33_98000","video33","Emotional Human Journeys",98000
"video33_99000","video33","Emotional Human Journeys",99000
"video33_100000","video33","Emotional Human Journeys",100000
"video33_101000","video33","Emotional Human Journeys",101000
"video33_102000","video33","Emotional Human Journeys",102000
"video33_103000","video33","Emotional Human Journeys",103000
"video33_104000","video33","Emotional Human Journeys",104000
"video33_105000","video33","Emotional Human Journeys",105000
"video33_106000","video33","Emotional Human Journeys",106000
"video33_107000","video33","Emotional Human Journeys",107000
"video33_108000","video33","Emotional Human Journeys",108000
"video33_109000","video33","Emotional Human Journeys",109000
"video33_110000","video33","Emotional Human Journeys",110000
"video33_111000","video33","Emotional Human Journeys",111000
"video33_112000","video33","Emotional Human Journeys",112000
"video33_113000","video33","Emotional Human Journeys",113000
"video33_114000","video33","Emotional Human Journeys",114000
"video33_115000","video33","Emotional Human Journeys",115000
"video33_116000","video33","Emotional Human Journeys",116000
"video33_117000","video33","Emotional Human Journeys",117000
"video33_118000","video33","Emotional Human Journeys",118000
"video33_119000","video33","Emotional Human Journeys",119000
"video33_120000","video33","Emotional Human Journeys",120000
"video33_121000","video33","Emotional Human Journeys",121000
"video33_122000","video33","Emotional Human Journeys",122000
"video33_123000","video33","Emotional Human Journeys",123000
"video33_124000","video33","Emotional Human Journeys",124000
"video33_125000","video33","Emotional Human Journeys",125000
"video33_126000","video33","Emotional Human Journeys",126000
"video33_127000","video33","Emotional Human Journeys",127000
"video33_128000","video33","Emotional Human Journeys",128000
"video33_129000","video33","Emotional Human Journeys",129000
"video33_130000","video33","Emotional Human Journeys",130000
"video33_131000","video33","Emotional Human Journeys",131000
"video33_132000","video33","Emotional Human Journeys",132000
"video33_133000","video33","Emotional Human Journeys",133000
"video33_134000","video33","Emotional Human Journeys",134000
"video33_135000","video33","Emotional Human Journeys",135000
"video33_136000","video33","Emotional Human Journeys",136000
"video33_137000","video33","Emotional Human Journeys",137000
"video33_138000","video33","Emotional Human Journeys",138000
"video33_139000","video33","Emotional Human Journeys",139000
"video33_140000","video33","Emotional Human Journeys",140000
"video33_141000","video33","Emotional Human Journeys",141000
"video33_142000","video33","Emotional Human Journeys",142000
"video33_143000","video33","Emotional Human Journeys",143000
"video33_144000","video33","Emotional Human Journeys",144000
"video33_145000","video33","Emotional Human Journeys",145000
"video33_146000","video33","Emotional Human Journeys",146000
"video33_147000","video33","Emotional Human Journeys",147000
"video33_148000","video33","Emotional Human Journeys",148000
"video33_149000","video33","Emotional Human Journeys",149000
"video33_150000","video33","Emotional Human Journeys",150000
"video33_151000","video33","Emotional Human Journeys",151000
"video33_152000","video33","Emotional Human Journeys",152000
"video33_153000","video33","Emotional Human Journeys",153000
"video33_154000","video33","Emotional Human Journeys",154000
"video33_155000","video33","Emotional Human Journeys",155000
"video33_156000","video33","Emotional Human Journeys",156000
"video33_157000","video33","Emotional Human Journeys",157000
"video33_158000","video33","Emotional Human Journeys",158000
"video33_159000","video33","Emotional Human Journeys",159000
"video33_160000","video33","Emotional Human Journeys",160000
"video33_161000","video33","Emotional Human Journeys",161000
"video33_162000","video33","Emotional Human Journeys",162000
"video33_163000","video33","Emotional Human Journeys",163000
"video33_164000","video33","Emotional Human Journeys",164000
"video34_0","video34","Mind-Bending Thrillers",0
"video34_1000","video34","Mind-Bending Thrillers",1000
"video34_2000","video34","Mind-Bending Thrillers",2000
"video34_3000","video34","Mind-Bending Thrillers",3000
"video34_4000","video34","Mind-Bending Thrillers",4000
"video34_5000","video34","Mind-Bending Thrillers",5000
"video34_6000","video34","Mind-Bending Thrillers",6000
"video34_7000","video34","Mind-Bending Thrillers",7000
"video34_8000","video34","Mind-Bending Thrillers",8000
"video34_9000","video34","Mind-Bending Thrillers",9000
"video34_10000","video34","Mind-Bending Thrillers",10000
"video34_11000","video34","Mind-Bending Thrillers",11000
"video34_12000","video34","Mind-Bending Thrillers",12000
"video34_13000","video34","Mind-Bending Thrillers",13000
"video34_14000","video34","Mind-Bending Thrillers",14000
"video34_15000","video34","Mind-Bending Thrillers",15000
"video34_16000","video34","Mind-Bending Thrillers",16000
"video34_17000","video34","Mind-Bending Thrillers",17000
"video34_18000","video34","Mind-Bending Thrillers",18000
"video34_19000","video34","Mind-Bending Thrillers",19000
"video34_20000","video34","Mind-Bending Thrillers",20000
"video34_21000","video34","Mind-Bending Thrillers",21000
"video34_22000","video34","Mind-Bending Thrillers",22000
"video34_23000","video34","Mind-Bending Thrillers",23000
"video34_24000","video34","Mind-Bending Thrillers",24000
"video34_25000","video34","Mind-Bending Thrillers",25000
"video34_26000","video34","Mind-Bending Thrillers",26000
"video34_27000","video34","Mind-Bending Thrillers",27000
"video34_28000","video34","Mind-Bending Thrillers",28000
"video34_29000","video34","Mind-Bending Thrillers",29000
"video34_30000","video34","Mind-Bending Thrillers",30000
"video34_31000","video34","Mind-Bending Thrillers",31000
"video34_32000","video34","Mind-Bending Thrillers",32000
"video34_33000","video34","Mind-Bending Thrillers",33000
"video34_34000","video34","Mind-Bending Thrillers",34000
"video34_35000","video34","Mind-Bending Thrillers",35000
"video34_36000","video34","Mind-Bending Thrillers",36000
"video34_37000","video34","Mind-Bending Thrillers",37000
"video34_38000","video34","Mind-Bending Thrillers",38000
"video34_39000","video34","Mind-Bending Thrillers",39000
"video34_40000","video34","Mind-Bending Thrillers",40000
"video34_41000","video34","Mind-Bending Thrillers",41000
"video34_42000","video34","Mind-Bending Thrillers",42000
"video34_43000","video34","Mind-Bending Thrillers",43000
"video34_44000","video34","Mind-Bending Thrillers",44000
"video34_45000","video34","Mind-Bending Thrillers",45000
"video34_46000","video34","Mind-Bending Thrillers",46000
"video34_47000","video34","Mind-Bending Thrillers",47000
"video34_48000","video34","Mind-Bending Thrillers",48000
"video34_49000","video34","Mind-Bending Thrillers",49000
"video34_50000","video34","Mind-Bending Thrillers",50000
"video34_51000","video34","Mind-Bending Thrillers",51000
"video34_52000","video34","Mind-Bending Thrillers",52000
"video34_53000","video34","Mind-Bending Thrillers",53000
"video34_54000","video34","Mind-Bending Thrillers",54000
"video34_55000","video34","Mind-Bending Thrillers",55000
"video34_56000","video34","Mind-Bending Thrillers",56000
"video34_57000","video34","Mind-Bending Thrillers",57000
"video34_58000","video34","Mind-Bending Thrillers",58000
"video34_59000","video34","Mind-Bending Thrillers",59000
"video34_60000","video34","Mind-Bending Thrillers",60000
"video34_61000","video34","Mind-Bending Thrillers",61000
"video34_62000","video34","Mind-Bending Thrillers",62000
"video34_63000","video34","Mind-Bending Thrillers",63000
"video34_64000","video34","Mind-Bending Thrillers",64000
"video34_65000","video34","Mind-Bending Thrillers",65000
"video34_66000","video34","Mind-Bending Thrillers",66000
"video34_67000","video34","Mind-Bending Thrillers",67000
"video34_68000","video34","Mind-Bending Thrillers",68000
"video34_69000","video34","Mind-Bending Thrillers",69000
"video34_70000","video34","Mind-Bending Thrillers",70000
"video34_71000","video34","Mind-Bending Thrillers",71000
"video34_72000","video34","Mind-Bending Thrillers",72000
"video34_73000","video34","Mind-Bending Thrillers",73000
"video34_74000","video34","Mind-Bending Thrillers",74000
"video34_75000","video34","Mind-Bending Thrillers",75000
"video34_76000","video34","Mind-Bending Thrillers",76000
"video34_77000","video34","Mind-Bending Thrillers",77000
"video34_78000","video34","Mind-Bending Thrillers",78000
"video34_79000","video34","Mind-Bending Thrillers",79000
"video34_80000","video34","Mind-Bending Thrillers",80000
"video34_81000","video34","Mind-Bending Thrillers",81000
"video34_82000","video34","Mind-Bending Thrillers",82000
"video34_83000","video34","Mind-Bending Thrillers",83000
"video34_84000","video34","Mind-Bending Thrillers",84000
"video34_85000","video34","Mind-Bending Thrillers",85000
"video34_86000","video34","Mind-Bending Thrillers",86000
"video34_87000","video34","Mind-Bending Thrillers",87000
"video34_88000","video34","Mind-Bending Thrillers",88000
"video34_89000","video34","Mind-Bending Thrillers",89000
"video34_90000","video34","Mind-Bending Thrillers",90000
"video34_91000","video34","Mind-Bending Thrillers",91000
"video34_92000","video34","Mind-Bending Thrillers",92000
"video34_93000","video34","Mind-Bending Thrillers",93000
"video34_94000","video34","Mind-Bending Thrillers",94000
"video34_95000","video34","Mind-Bending Thrillers",95000
"video34_96000","video34","Mind-Bending Thrillers",96000
"video34_97000","video34","Mind-Bending Thrillers",97000
"video34_98000","video34","Mind-Bending Thrillers",98000
"video34_99000","video34","Mind-Bending Thrillers",99000
"video34_100000","video34","Mind-Bending Thrillers",100000
"video34_101000","video34","Mind-Bending Thrillers",101000
"video34_102000","video34","Mind-Bending Thrillers",102000
"video34_103000","video34","Mind-Bending Thrillers",103000
"video34_104000","video34","Mind-Bending Thrillers",104000
"video34_105000","video34","Mind-Bending Thrillers",105000
"video34_106000","video34","Mind-Bending Thrillers",106000
"video34_107000","video34","Mind-Bending Thrillers",107000
"video34_108000","video34","Mind-Bending Thrillers",108000
"video34_109000","video34","Mind-Bending Thrillers",109000
"video34_110000","video34","Mind-Bending Thrillers",110000
"video34_111000","video34","Mind-Bending Thrillers",111000
"video34_112000","video34","Mind-Bending Thrillers",112000
"video34_113000","video34","Mind-Bending Thrillers",113000
"video34_114000","video34","Mind-Bending Thrillers",114000
"video34_115000","video34","Mind-Bending Thrillers",115000
"video34_116000","video34","Mind-Bending Thrillers",116000
"video34_117000","video34","Mind-Bending Thrillers",117000
"video34_118000","video34","Mind-Bending Thrillers",118000
"video34_119000","video34","Mind-Bending Thrillers",119000
"video34_120000","video34","Mind-Bending Thrillers",120000
"video34_121000","video34","Mind-Bending Thrillers",121000
"video34_122000","video34","Mind-Bending Thrillers",122000
"video34_123000","video34","Mind-Bending Thrillers",123000
"video34_124000","video34","Mind-Bending Thrillers",124000
"video34_125000","video34","Mind-Bending Thrillers",125000
"video34_126000","video34","Mind-Bending Thrillers",126000
"video34_127000","video34","Mind-Bending Thrillers",127000
"video34_128000","video34","Mind-Bending Thrillers",128000
"video34_129000","video34","Mind-Bending Thrillers",129000
"video34_130000","video34","Mind-Bending Thrillers",130000
"video34_131000","video34","Mind-Bending Thrillers",131000
"video34_132000","video34","Mind-Bending Thrillers",132000
"video34_133000","video34","Mind-Bending Thrillers",133000
"video34_134000","video34","Mind-Bending Thrillers",134000
"video34_135000","video34","Mind-Bending Thrillers",135000
"video34_136000","video34","Mind-Bending Thrillers",136000
"video34_137000","video34","Mind-Bending Thrillers",137000
"video34_138000","video34","Mind-Bending Thrillers",138000
"video34_139000","video34","Mind-Bending Thrillers",139000
"video34_140000","video34","Mind-Bending Thrillers",140000
"video34_141000","video34","Mind-Bending Thrillers",141000
"video34_142000","video34","Mind-Bending Thrillers",142000
"video34_143000","video34","Mind-Bending Thrillers",143000
"video34_144000","video34","Mind-Bending Thrillers",144000
"video34_145000","video34","Mind-Bending Thrillers",145000
"video34_146000","video34","Mind-Bending Thrillers",146000
"video34_147000","video34","Mind-Bending Thrillers",147000
"video34_148000","video34","Mind-Bending Thrillers",148000
"video34_149000","video34","Mind-Bending Thrillers",149000
"video34_150000","video34","Mind-Bending Thrillers",150000
"video34_151000","video34","Mind-Bending Thrillers",151000
"video34_152000","video34","Mind-Bending Thrillers",152000
"video34_153000","video34","Mind-Bending Thrillers",153000
"video34_154000","video34","Mind-Bending Thrillers",154000
"video34_155000","video34","Mind-Bending Thrillers",155000
"video34_156000","video34","Mind-Bending Thrillers",156000
"video34_157000","video34","Mind-Bending Thrillers",157000
"video34_158000","video34","Mind-Bending Thrillers",158000
"video34_159000","video34","Mind-Bending Thrillers",159000
"video34_160000","video34","Mind-Bending Thrillers",160000
"video34_161000","video34","Mind-Bending Thrillers",161000
"video34_162000","video34","Mind-Bending Thrillers",162000
"video34_163000","video34","Mind-Bending Thrillers",163000
"video34_164000","video34","Mind-Bending Thrillers",164000
"video34_165000","video34","Mind-Bending Thrillers",165000
"video34_166000","video34","Mind-Bending Thrillers",166000
"video34_167000","video34","Mind-Bending Thrillers",167000
"video34_168000","video34","Mind-Bending Thrillers",168000
"video34_169000","video34","Mind-Bending Thrillers",169000
"video34_170000","video34","Mind-Bending Thrillers",170000
"video34_171000","video34","Mind-Bending Thrillers",171000
"video34_172000","video34","Mind-Bending Thrillers",172000
"video34_173000","video34","Mind-Bending Thrillers",173000
"video34_174000","video34","Mind-Bending Thrillers",174000
"video34_175000","video34","Mind-Bending Thrillers",175000
"video34_176000","video34","Mind-Bending Thrillers",176000
"video34_177000","video34","Mind-Bending Thrillers",177000
"video34_178000","video34","Mind-Bending Thrillers",178000
"video34_179000","video34","Mind-Bending Thrillers",179000
"video34_180000","video34","Mind-Bending Thrillers",180000
"video34_181000","video34","Mind-Bending Thrillers",181000
"video34_182000","video34","Mind-Bending Thrillers",182000
"video34_183000","video34","Mind-Bending Thrillers",183000
"video34_184000","video34","Mind-Bending Thrillers",184000
"video34_185000","video34","Mind-Bending Thrillers",185000
"video34_186000","video34","Mind-Bending Thrillers",186000
"video34_187000","video34","Mind-Bending Thrillers",187000
"video34_188000","video34","Mind-Bending Thrillers",188000
"video34_189000","video34","Mind-Bending Thrillers",189000
"video34_190000","video34","Mind-Bending Thrillers",190000
"video34_191000","video34","Mind-Bending Thrillers",191000
"video34_192000","video34","Mind-Bending Thrillers",192000
"video34_193000","video34","Mind-Bending Thrillers",193000
"video34_194000","video34","Mind-Bending Thrillers",194000
"video34_195000","video34","Mind-Bending Thrillers",195000
"video34_196000","video34","Mind-Bending Thrillers",196000
"video34_197000","video34","Mind-Bending Thrillers",197000
"video34_198000","video34","Mind-Bending Thrillers",198000
"video34_199000","video34","Mind-Bending Thrillers",199000
"video34_200000","video34","Mind-Bending Thrillers",200000
"video34_201000","video34","Mind-Bending Thrillers",201000
"video34_202000","video34","Mind-Bending Thrillers",202000
"video34_203000","video34","Mind-Bending Thrillers",203000
"video34_204000","video34","Mind-Bending Thrillers",204000
"video34_205000","video34","Mind-Bending Thrillers",205000
"video34_206000","video34","Mind-Bending Thrillers",206000
"video34_207000","video34","Mind-Bending Thrillers",207000
"video34_208000","video34","Mind-Bending Thrillers",208000
"video34_209000","video34","Mind-Bending Thrillers",209000
"video34_210000","video34","Mind-Bending Thrillers",210000
"video34_211000","video34","Mind-Bending Thrillers",211000
"video34_212000","video34","Mind-Bending Thrillers",212000
"video34_213000","video34","Mind-Bending Thrillers",213000
"video34_214000","video34","Mind-Bending Thrillers",214000
"video34_215000","video34","Mind-Bending Thrillers",215000
"video34_216000","video34","Mind-Bending Thrillers",216000
"video34_217000","video34","Mind-Bending Thrillers",217000
"video34_218000","video34","Mind-Bending Thrillers",218000
"video34_219000","video34","Mind-Bending Thrillers",219000
"video34_220000","video34","Mind-Bending Thrillers",220000
"video34_221000","video34","Mind-Bending Thrillers",221000
"video34_222000","video34","Mind-Bending Thrillers",222000
"video34_223000","video34","Mind-Bending Thrillers",223000
"video34_224000","video34","Mind-Bending Thrillers",224000
"video34_225000","video34","Mind-Bending Thrillers",225000
"video34_226000","video34","Mind-Bending Thrillers",226000
"video34_227000","video34","Mind-Bending Thrillers",227000
"video34_228000","video34","Mind-Bending Thrillers",228000
"video34_229000","video34","Mind-Bending Thrillers",229000
"video34_230000","video34","Mind-Bending Thrillers",230000
"video34_231000","video34","Mind-Bending Thrillers",231000
"video34_232000","video34","Mind-Bending Thrillers",232000
"video34_233000","video34","Mind-Bending Thrillers",233000
"video34_234000","video34","Mind-Bending Thrillers",234000
"video34_235000","video34","Mind-Bending Thrillers",235000
"video34_236000","video34","Mind-Bending Thrillers",236000
"video34_237000","video34","Mind-Bending Thrillers",237000
"video34_238000","video34","Mind-Bending Thrillers",238000
"video34_239000","video34","Mind-Bending Thrillers",239000
"video34_240000","video34","Mind-Bending Thrillers",240000
"video34_241000","video34","Mind-Bending Thrillers",241000
"video34_242000","video34","Mind-Bending Thrillers",242000
"video34_243000","video34","Mind-Bending Thrillers",243000
"video34_244000","video34","Mind-Bending Thrillers",244000
"video34_245000","video34","Mind-Bending Thrillers",245000
"video34_246000","video34","Mind-Bending Thrillers",246000
"video34_247000","video34","Mind-Bending Thrillers",247000
"video34_248000","video34","Mind-Bending Thrillers",248000
"video34_249000","video34","Mind-Bending Thrillers",249000
"video34_250000","video34","Mind-Bending Thrillers",250000
"video34_251000","video34","Mind-Bending Thrillers",251000
"video35_0","video35","A World of Science",0
"video35_1000","video35","A World of Science",1000
"video35_2000","video35","A World of Science",2000
"video35_3000","video35","A World of Science",3000
"video35_4000","video35","A World of Science",4000
"video35_5000","video35","A World of Science",5000
"video35_6000","video35","A World of Science",6000
"video35_7000","video35","A World of Science",7000
"video35_8000","video35","A World of Science",8000
"video35_9000","video35","A World of Science",9000
"video35_10000","video35","A World of Science",10000
"video35_11000","video35","A World of Science",11000
"video35_12000","video35","A World of Science",12000
"video35_13000","video35","A World of Science",13000
"video35_14000","video35","A World of Science",14000
"video35_15000","video35","A World of Science",15000
"video35_16000","video35","A World of Science",16000
"video35_17000","video35","A World of Science",17000
"video35_18000","video35","A World of Science",18000
"video35_19000","video35","A World of Science",19000
"video35_20000","video35","A World of Science",20000
"video35_21000","video35","A World of Science",21000
"video35_22000","video35","A World of Science",22000
"video35_23000","video35","A World of Science",23000
"video35_24000","video35","A World of Science",24000
"video35_25000","video35","A World of Science",25000
"video35_26000","video35","A World of Science",26000
"video35_27000","video35","A World of Science",27000
"video35_28000","video35","A World of Science",28000
"video35_29000","video35","A World of Science",29000
"video35_30000","video35","A World of Science",30000
"video35_31000","video35","A World of Science",31000
"video35_32000","video35","A World of Science",32000
"video35_33000","video35","A World of Science",33000
"video35_34000","video35","A World of Science",34000
"video35_35000","video35","A World of Science",35000
"video35_36000","video35","A World of Science",36000
"video35_37000","video35","A World of Science",37000
"video35_38000","video35","A World of Science",38000
"video35_39000","video35","A World of Science",39000
"video35_40000","video35","A World of Science",40000
"video35_41000","video35","A World of Science",41000
"video35_42000","video35","A World of Science",42000
"video35_43000","video35","A World of Science",43000
"video35_44000","video35","A World of Science",44000
"video35_45000","video35","A World of Science",45000
"video35_46000","video35","A World of Science",46000
"video35_47000","video35","A World of Science",47000
"video35_48000","video35","A World of Science",48000
"video35_49000","video35","A World of Science",49000
"video35_50000","video35","A World of Science",50000
"video35_51000","video35","A World of Science",51000
"video35_52000","video35","A World of Science",52000
"video35_53000","video35","A World of Science",53000
"video35_54000","video35","A World of Science",54000
"video35_55000","video35","A World of Science",55000
"video35_56000","video35","A World of Science",56000
"video35_57000","video35","A World of Science",57000
"video35_58000","video35","A World of Science",58000
"video35_59000","video35","A World of Science",59000
"video35_60000","video35","A World of Science",60000
"video35_61000","video35","A World of Science",61000
"video35_62000","video35","A World of Science",62000
"video35_63000","video35","A World of Science",63000
"video35_64000","video35","A World of Science",64000
"video35_65000","video35","A World of Science",65000
"video35_66000","video35","A World of Science",66000
"video35_67000","video35","A World of Science",67000
"video35_68000","video35","A World of Science",68000
"video35_69000","video35","A World of Science",69000
"video35_70000","video35","A World of Science",70000
"video35_71000","video35","A World of Science",71000
"video35_72000","video35","A World of Science",72000
"video35_73000","video35","A World of Science",73000
"video35_74000","video35","A World of Science",74000
"video35_75000","video35","A World of Science",75000
"video35_76000","video35","A World of Science",76000
"video35_77000","video35","A World of Science",77000
"video35_78000","video35","A World of Science",78000
"video35_79000","video35","A World of Science",79000
"video35_80000","video35","A World of Science",80000
"video35_81000","video35","A World of Science",81000
"video35_82000","video35","A World of Science",82000
"video35_83000","video35","A World of Science",83000
"video35_84000","video35","A World of Science",84000
"video35_85000","video35","A World of Science",85000
"video35_86000","video35","A World of Science",86000
"video35_87000","video35","A World of Science",87000
"video35_88000","video35","A World of Science",88000
"video35_89000","video35","A World of Science",89000
"video35_90000","video35","A World of Science",90000
"video35_91000","video35","A World of Science",91000
"video35_92000","video35","A World of Science",92000
"video35_93000","video35","A World of Science",93000
"video35_94000","video35","A World of Science",94000
"video35_95000","video35","A World of Science",95000
"video35_96000","video35","A World of Science",96000
"video35_97000","video35","A World of Science",97000
"video35_98000","video35","A World of Science",98000
"video35_99000","video35","A World of Science",99000
"video35_100000","video35","A World of Science",100000
"video35_101000","video35","A World of Science",101000
"video35_102000","video35","A World of Science",102000
"video35_103000","video35","A World of Science",103000
"video35_104000","video35","A World of Science",104000
"video35_105000","video35","A World of Science",105000
"video35_106000","video35","A World of Science",106000
"video35_107000","video35","A World of Science",107000
"video35_108000","video35","A World of Science",108000
"video35_109000","video35","A World of Science",109000
"video35_110000","video35","A World of Science",110000
"video35_111000","video35","A World of Science",111000
"video35_112000","video35","A World of Science",112000
"video35_113000","video35","A World of Science",113000
"video35_114000","video35","A World of Science",114000
"video35_115000","video35","A World of Science",115000
"video35_116000","video35","A World of Science",116000
"video35_117000","video35","A World of Science",117000
"video35_118000","video35","A World of Science",118000
"video35_119000","video35","A World of Science",119000
"video35_120000","video35","A World of Science",120000
"video35_121000","video35","A World of Science",121000
"video35_122000","video35","A World of Science",122000
"video35_123000","video35","A World of Science",123000
"video35_124000","video35","A World of Science",124000
"video35_125000","video35","A World of Science",125000
"video35_126000","video35","A World of Science",126000
"video35_127000","video35","A World of Science",127000
"video35_128000","video35","A World of Science",128000
"video35_129000","video35","A World of Science",129000
"video35_130000","video35","A World of Science",130000
"video35_131000","video35","A World of Science",131000
"video35_132000","video35","A World of Science",132000
"video35_133000","video35","A World of Science",133000
"video35_134000","video35","A World of Science",134000
"video35_135000","video35","A World of Science",135000
"video35_136000","video35","A World of Science",136000
"video35_137000","video35","A World of Science",137000
"video35_138000","video35","A World of Science",138000
"video35_139000","video35","A World of Science",139000
"video35_140000","video35","A World of Science",140000
"video35_141000","video35","A World of Science",141000
"video35_142000","video35","A World of Science",142000
"video35_143000","video35","A World of Science",143000
"video35_144000","video35","A World of Science",144000
"video35_145000","video35","A World of Science",145000
"video35_146000","video35","A World of Science",146000
"video35_147000","video35","A World of Science",147000
"video35_148000","video35","A World of Science",148000
"video35_149000","video35","A World of Science",149000
"video35_150000","video35","A World of Science",150000
"video35_151000","video35","A World of Science",151000
"video35_152000","video35","A World of Science",152000
"video35_153000","video35","A World of Science",153000
"video35_154000","video35","A World of Science",154000
"video35_155000","video35","A World of Science",155000
"video35_156000","video35","A World of Science",156000
"video35_157000","video35","A World of Science",157000
"video35_158000","video35","A World of Science",158000
"video35_159000","video35","A World of Science",159000
"video35_160000","video35","A World of Science",160000
"video35_161000","video35","A World of Science",161000
"video35_162000","video35","A World of Science",162000
"video35_163000","video35","A World of Science",163000
"video35_164000","video35","A World of Science",164000
"video35_165000","video35","A World of Science",165000
"video35_166000","video35","A World of Science",166000
"video35_167000","video35","A World of Science",167000
"video35_168000","video35","A World of Science",168000
"video35_169000","video35","A World of Science",169000
"video35_170000","video35","A World of Science",170000
"video35_171000","video35","A World of Science",171000
"video35_172000","video35","A World of Science",172000
"video35_173000","video35","A World of Science",173000
"video35_174000","video35","A World of Science",174000
"video35_175000","video35","A World of Science",175000
"video35_176000","video35","A World of Science",176000
"video35_177000","video35","A World of Science",177000
"video35_178000","video35","A World of Science",178000
"video35_179000","video35","A World of Science",179000
"video35_180000","video35","A World of Science",180000
"video35_181000","video35","A World of Science",181000
"video35_182000","video35","A World of Science",182000
"video35_183000","video35","A World of Science",183000
"video35_184000","video35","A World of Science",184000
"video35_185000","video35","A World of Science",185000
"video35_186000","video35","A World of Science",186000
"video35_187000","video35","A World of Science",187000
"video35_188000","video35","A World of Science",188000
"video35_189000","video35","A World of Science",189000
"video35_190000","video35","A World of Science",190000
"video35_191000","video35","A World of Science",191000
"video35_192000","video35","A World of Science",192000
"video35_193000","video35","A World of Science",193000
"video35_194000","video35","A World of Science",194000
"video35_195000","video35","A World of Science",195000
"video35_196000","video35","A World of Science",196000
"video35_197000","video35","A World of Science",197000
"video35_198000","video35","A World of Science",198000
"video35_199000","video35","A World of Science",199000
"video35_200000","video35","A World of Science",200000
"video35_201000","video35","A World of Science",201000
"video35_202000","video35","A World of Science",202000
"video35_203000","video35","A World of Science",203000
"video35_204000","video35","A World of Science",204000
"video35_205000","video35","A World of Science",205000
"video35_206000","video35","A World of Science",206000
"video35_207000","video35","A World of Science",207000
"video35_208000","video35","A World of Science",208000
"video35_209000","video35","A World of Science",209000
"video35_210000","video35","A World of Science",210000
"video35_211000","video35","A World of Science",211000
"video35_212000","video35","A World of Science",212000
"video35_213000","video35","A World of Science",213000
"video35_214000","video35","A World of Science",214000
"video35_215000","video35","A World of Science",215000
"video35_216000","video35","A World of Science",216000
"video35_217000","video35","A World of Science",217000
"video35_218000","video35","A World of Science",218000
"video35_219000","video35","A World of Science",219000
"video35_220000","video35","A World of Science",220000
"video35_221000","video35","A World of Science",221000
"video35_222000","video35","A World of Science",222000
"video35_223000","video35","A World of Science",223000
"video35_224000","video35","A World of Science",224000
"video35_225000","video35","A World of Science",225000
"video35_226000","video35","A World of Science",226000
"video35_227000","video35","A World of Science",227000
"video35_228000","video35","A World of Science",228000
"video35_229000","video35","A World of Science",229000
"video35_230000","video35","A World of Science",230000
"video35_231000","video35","A World of Science",231000
"video35_232000","video35","A World of Science",232000
"video35_233000","video35","A World of Science",233000
"video35_234000","video35","A World of Science",234000
"video35_235000","video35","A World of Science",235000
"video35_236000","video35","A World of Science",236000
"video35_237000","video35","A World of Science",237000
"video35_238000","video35","A World of Science",238000
"video35_239000","video35","A World of Science",239000
"video35_240000","video35","A World of Science",240000
"video35_241000","video35","A World of Science",241000
"video35_242000","video35","A World of Science",242000
"video35_243000","video35","A World of Science",243000
"video35_244000","video35","A World of Science",244000
"video35_245000","video35","A World of Science",245000
"video35_246000","video35","A World of Science",246000
"video35_247000","video35","A World of Science",247000
"video35_248000","video35","A World of Science",248000
"video35_249000","video35","A World of Science",249000
"video35_250000","video35","A World of Science",250000
"video35_251000","video35","A World of Science",251000
"video35_252000","video35","A World of Science",252000
"video35_253000","video35","A World of Science",253000
"video35_254000","video35","A World of Science",254000
"video35_255000","video35","A World of Science",255000
"video35_256000","video35","A World of Science",256000
"video35_257000","video35","A World of Science",257000
"video35_258000","video35","A World of Science",258000
"video35_259000","video35","A World of Science",259000
"video35_260000","video35","A World of Science",260000
"video35_261000","video35","A World of Science",261000
"video35_262000","video35","A World of Science",262000
"video35_263000","video35","A World of Science",263000
"video35_264000","video35","A World of Science",264000
"video35_265000","video35","A World of Science",265000
"video35_266000","video35","A World of Science",266000
"video35_267000","video35","A World of Science",267000
"video35_268000","video35","A World of Science",268000
"video35_269000","video35","A World of Science",269000
"video35_270000","video35","A World of Science",270000
"video35_271000","video35","A World of Science",271000
"video35_272000","video35","A World of Science",272000
"video35_273000","video35","A World of Science",273000
"video35_274000","video35","A World of Science",274000
"video35_275000","video35","A World of Science",275000
"video35_276000","video35","A World of Science",276000
"video35_277000","video35","A World of Science",277000
"video35_278000","video35","A World of Science",278000
"video35_279000","video35","A World of Science",279000
"video35_280000","video35","A World of Science",280000
"video35_281000","video35","A World of Science",281000
"video35_282000","video35","A World of Science",282000
"video35_283000","video35","A World of Science",283000
"video35_284000","video35","A World of Science",284000
"video35_285000","video35","A World of Science",285000
"video35_286000","video35","A World of Science",286000
"video35_287000","video35","A World of Science",287000
"video35_288000","video35","A World of Science",288000
"video35_289000","video35","A World of Science",289000
"video35_290000","video35","A World of Science",290000
"video35_291000","video35","A World of Science",291000
"video35_292000","video35","A World of Science",292000
"video35_293000","video35","A World of Science",293000
"video35_294000","video35","A World of Science",294000
"video35_295000","video35","A World of Science",295000
"video35_296000","video35","A World of Science",296000
"video35_297000","video35","A World of Science",297000
"video35_298000","video35","A World of Science",298000
"video35_299000","video35","A World of Science",299000
"video35_300000","video35","A World of Science",300000
"video35_301000","video35","A World of Science",301000
"video35_302000","video35","A World of Science",302000
"video35_303000","video35","A World of Science",303000
"video35_304000","video35","A World of Science",304000
"video35_305000","video35","A World of Science",305000
"video35_306000","video35","A World of Science",306000
"video35_307000","video35","A World of Science",307000
"video35_308000","video35","A World of Science",308000
"video35_309000","video35","A World of Science",309000
"video35_310000","video35","A World of Science",310000
"video35_311000","video35","A World of Science",311000
"video35_312000","video35","A World of Science",312000
"video35_313000","video35","A World of Science",313000
"video35_314000","video35","A World of Science",314000
"video35_315000","video35","A World of Science",315000
"video35_316000","video35","A World of Science",316000
"video35_317000","video35","A World of Science",317000
"video35_318000","video35","A World of Science",318000
"video35_319000","video35","A World of Science",319000
"video35_320000","video35","A World of Science",320000
"video35_321000","video35","A World of Science",321000
"video35_322000","video35","A World of Science",322000
"video35_323000","video35","A World of Science",323000
"video35_324000","video35","A World of Science",324000
"video35_325000","video35","A World of Science",325000
"video35_326000","video35","A World of Science",326000
"video35_327000","video35","A World of Science",327000
"video35_328000","video35","A World of Science",328000
"video35_329000","video35","A World of Science",329000
"video35_330000","video35","A World of Science",330000
"video35_331000","video35","A World of Science",331000
"video35_332000","video35","A World of Science",332000
"video35_333000","video35","A World of Science",333000
"video35_334000","video35","A World of Science",334000
"video35_335000","video35","A World of Science",335000
"video35_336000","video35","A World of Science",336000
"video35_337000","video35","A World of Science",337000
"video35_338000","video35","A World of Science",338000
"video35_339000","video35","A World of Science",339000
"video35_340000","video35","A World of Science",340000
"video35_341000","video35","A World of Science",341000
"video35_342000","video35","A World of Science",342000
"video35_343000","video35","A World of Science",343000
"video35_344000","video35","A World of Science",344000
"video35_345000","video35","A World of Science",345000
"video35_346000","video35","A World of Science",346000
"video35_347000","video35","A World of Science",347000
"video35_348000","video35","A World of Science",348000
"video35_349000","video35","A World of Science",349000
"video35_350000","video35","A World of Science",350000
"video35_351000","video35","A World of Science",351000
"video35_352000","video35","A World of Science",352000
"video35_353000","video35","A World of Science",353000
"video35_354000","video35","A World of Science",354000
"video35_355000","video35","A World of Science",355000
"video35_356000","video35","A World of Science",356000
"video36_0","video36","Hilarious Sitcom Classics",0
"video36_1000","video36","Hilarious Sitcom Classics",1000
"video36_2000","video36","Hilarious Sitcom Classics",2000
"video36_3000","video36","Hilarious Sitcom Classics",3000
"video36_4000","video36","Hilarious Sitcom Classics",4000
"video36_5000","video36","Hilarious Sitcom Classics",5000
"video36_6000","video36","Hilarious Sitcom Classics",6000
"video36_7000","video36","Hilarious Sitcom Classics",7000
"video36_8000","video36","Hilarious Sitcom Classics",8000
"video36_9000","video36","Hilarious Sitcom Classics",9000
"video36_10000","video36","Hilarious Sitcom Classics",10000
"video36_11000","video36","Hilarious Sitcom Classics",11000
"video36_12000","video36","Hilarious Sitcom Classics",12000
"video36_13000","video36","Hilarious Sitcom Classics",13000
"video36_14000","video36","Hilarious Sitcom Classics",14000
"video36_15000","video36","Hilarious Sitcom Classics",15000
"video36_16000","video36","Hilarious Sitcom Classics",16000
"video36_17000","video36","Hilarious Sitcom Classics",17000
"video36_18000","video36","Hilarious Sitcom Classics",18000
"video36_19000","video36","Hilarious Sitcom Classics",19000
"video36_20000","video36","Hilarious Sitcom Classics",20000
"video36_21000","video36","Hilarious Sitcom Classics",21000
"video36_22000","video36","Hilarious Sitcom Classics",22000
"video36_23000","video36","Hilarious Sitcom Classics",23000
"video36_24000","video36","Hilarious Sitcom Classics",24000
"video36_25000","video36","Hilarious Sitcom Classics",25000
"video36_26000","video36","Hilarious Sitcom Classics",26000
"video36_27000","video36","Hilarious Sitcom Classics",27000
"video36_28000","video36","Hilarious Sitcom Classics",28000
"video36_29000","video36","Hilarious Sitcom Classics",29000
"video36_30000","video36","Hilarious Sitcom Classics",30000
"video36_31000","video36","Hilarious Sitcom Classics",31000
"video36_32000","video36","Hilarious Sitcom Classics",32000
"video36_33000","video36","Hilarious Sitcom Classics",33000
"video36_34000","video36","Hilarious Sitcom Classics",34000
"video36_35000","video36","Hilarious Sitcom Classics",35000
"video36_36000","video36","Hilarious Sitcom Classics",36000
"video36_37000","video36","Hilarious Sitcom Classics",37000
"video36_38000","video36","Hilarious Sitcom Classics",38000
"video36_39000","video36","Hilarious Sitcom Classics",39000
"video36_40000","video36","Hilarious Sitcom Classics",40000
"video36_41000","video36","Hilarious Sitcom Classics",41000
"video36_42000","video36","Hilarious Sitcom Classics",42000
"video36_43000","video36","Hilarious Sitcom Classics",43000
"video36_44000","video36","Hilarious Sitcom Classics",44000
"video36_45000","video36","Hilarious Sitcom Classics",45000
"video36_46000","video36","Hilarious Sitcom Classics",46000
"video36_47000","video36","Hilarious Sitcom Classics",47000
"video36_48000","video36","Hilarious Sitcom Classics",48000
"video36_49000","video36","Hilarious Sitcom Classics",49000
"video36_50000","video36","Hilarious Sitcom Classics",50000
"video36_51000","video36","Hilarious Sitcom Classics",51000
"video36_52000","video36","Hilarious Sitcom Classics",52000
"video36_53000","video36","Hilarious Sitcom Classics",53000
"video36_54000","video36","Hilarious Sitcom Classics",54000
"video36_55000","video36","Hilarious Sitcom Classics",55000
"video36_56000","video36","Hilarious Sitcom Classics",56000
"video36_57000","video36","Hilarious Sitcom Classics",57000
"video36_58000","video36","Hilarious Sitcom Classics",58000
"video36_59000","video36","Hilarious Sitcom Classics",59000
"video36_60000","video36","Hilarious Sitcom Classics",60000
"video36_61000","video36","Hilarious Sitcom Classics",61000
"video36_62000","video36","Hilarious Sitcom Classics",62000
"video36_63000","video36","Hilarious Sitcom Classics",63000
"video36_64000","video36","Hilarious Sitcom Classics",64000
"video36_65000","video36","Hilarious Sitcom Classics",65000
"video36_66000","video36","Hilarious Sitcom Classics",66000
"video36_67000","video36","Hilarious Sitcom Classics",67000
"video36_68000","video36","Hilarious Sitcom Classics",68000
"video36_69000","video36","Hilarious Sitcom Classics",69000
"video36_70000","video36","Hilarious Sitcom Classics",70000
"video36_71000","video36","Hilarious Sitcom Classics",71000
"video36_72000","video36","Hilarious Sitcom Classics",72000
"video36_73000","video36","Hilarious Sitcom Classics",73000
"video36_74000","video36","Hilarious Sitcom Classics",74000
"video36_75000","video36","Hilarious Sitcom Classics",75000
"video36_76000","video36","Hilarious Sitcom Classics",76000
"video36_77000","video36","Hilarious Sitcom Classics",77000
"video36_78000","video36","Hilarious Sitcom Classics",78000
"video36_79000","video36","Hilarious Sitcom Classics",79000
"video36_80000","video36","Hilarious Sitcom Classics",80000
"video36_81000","video36","Hilarious Sitcom Classics",81000
"video36_82000","video36","Hilarious Sitcom Classics",82000
"video36_83000","video36","Hilarious Sitcom Classics",83000
"video36_84000","video36","Hilarious Sitcom Classics",84000
"video36_85000","video36","Hilarious Sitcom Classics",85000
"video36_86000","video36","Hilarious Sitcom Classics",86000
"video36_87000","video36","Hilarious Sitcom Classics",87000
"video36_88000","video36","Hilarious Sitcom Classics",88000
"video36_89000","video36","Hilarious Sitcom Classics",89000
"video36_90000","video36","Hilarious Sitcom Classics",90000
"video36_91000","video36","Hilarious Sitcom Classics",91000
"video36_92000","video36","Hilarious Sitcom Classics",92000
"video36_93000","video36","Hilarious Sitcom Classics",93000
"video36_94000","video36","Hilarious Sitcom Classics",94000
"video36_95000","video36","Hilarious Sitcom Classics",95000
"video36_96000","video36","Hilarious Sitcom Classics",96000
"video36_97000","video36","Hilarious Sitcom Classics",97000
"video36_98000","video36","Hilarious Sitcom Classics",98000
"video36_99000","video36","Hilarious Sitcom Classics",99000
"video36_100000","video36","Hilarious Sitcom Classics",100000
"video36_101000","video36","Hilarious Sitcom Classics",101000
"video36_102000","video36","Hilarious Sitcom Classics",102000
"video36_103000","video36","Hilarious Sitcom Classics",103000
"video36_104000","video36","Hilarious Sitcom Classics",104000
"video36_105000","video36","Hilarious Sitcom Classics",105000
"video36_106000","video36","Hilarious Sitcom Classics",106000
"video36_107000","video36","Hilarious Sitcom Classics",107000
"video36_108000","video36","Hilarious Sitcom Classics",108000
"video36_109000","video36","Hilarious Sitcom Classics",109000
"video36_110000","video36","Hilarious Sitcom Classics",110000
"video36_111000","video36","Hilarious Sitcom Classics",111000
"video36_112000","video36","Hilarious Sitcom Classics",112000
"video36_113000","video36","Hilarious Sitcom Classics",113000
"video36_114000","video36","Hilarious Sitcom Classics",114000
"video36_115000","video36","Hilarious Sitcom Classics",115000
"video36_116000","video36","Hilarious Sitcom Classics",116000
"video36_117000","video36","Hilarious Sitcom Classics",117000
"video36_118000","video36","Hilarious Sitcom Classics",118000
"video36_119000","video36","Hilarious Sitcom Classics",119000
"video36_120000","video36","Hilarious Sitcom Classics",120000
"video36_121000","video36","Hilarious Sitcom Classics",121000
"video36_122000","video36","Hilarious Sitcom Classics",122000
"video36_123000","video36","Hilarious Sitcom Classics",123000
"video36_124000","video36","Hilarious Sitcom Classics",124000
"video36_125000","video36","Hilarious Sitcom Classics",125000
"video36_126000","video36","Hilarious Sitcom Classics",126000
"video36_127000","video36","Hilarious Sitcom Classics",127000
"video36_128000","video36","Hilarious Sitcom Classics",128000
"video36_129000","video36","Hilarious Sitcom Classics",129000
"video36_130000","video36","Hilarious Sitcom Classics",130000
"video36_131000","video36","Hilarious Sitcom Classics",131000
"video36_132000","video36","Hilarious Sitcom Classics",132000
"video36_133000","video36","Hilarious Sitcom Classics",133000
"video36_134000","video36","Hilarious Sitcom Classics",134000
"video36_135000","video36","Hilarious Sitcom Classics",135000
"video36_136000","video36","Hilarious Sitcom Classics",136000
"video36_137000","video36","Hilarious Sitcom Classics",137000
"video36_138000","video36","Hilarious Sitcom Classics",138000
"video36_139000","video36","Hilarious Sitcom Classics",139000
"video36_140000","video36","Hilarious Sitcom Classics",140000
"video36_141000","video36","Hilarious Sitcom Classics",141000
"video36_142000","video36","Hilarious Sitcom Classics",142000
"video36_143000","video36","Hilarious Sitcom Classics",143000
"video36_144000","video36","Hilarious Sitcom Classics",144000
"video36_145000","video36","Hilarious Sitcom Classics",145000
"video36_146000","video36","Hilarious Sitcom Classics",146000
"video36_147000","video36","Hilarious Sitcom Classics",147000
"video36_148000","video36","Hilarious Sitcom Classics",148000
"video36_149000","video36","Hilarious Sitcom Classics",149000
"video36_150000","video36","Hilarious Sitcom Classics",150000
"video36_151000","video36","Hilarious Sitcom Classics",151000
"video36_152000","video36","Hilarious Sitcom Classics",152000
"video36_153000","video36","Hilarious Sitcom Classics",153000
"video36_154000","video36","Hilarious Sitcom Classics",154000
"video36_155000","video36","Hilarious Sitcom Classics",155000
"video36_156000","video36","Hilarious Sitcom Classics",156000
"video36_157000","video36","Hilarious Sitcom Classics",157000
"video36_158000","video36","Hilarious Sitcom Classics",158000
"video36_159000","video36","Hilarious Sitcom Classics",159000
"video36_160000","video36","Hilarious Sitcom Classics",160000
"video36_161000","video36","Hilarious Sitcom Classics",161000
"video36_162000","video36","Hilarious Sitcom Classics",162000
"video36_163000","video36","Hilarious Sitcom Classics",163000
"video36_164000","video36","Hilarious Sitcom Classics",164000
"video36_165000","video36","Hilarious Sitcom Classics",165000
"video36_166000","video36","Hilarious Sitcom Classics",166000
"video36_167000","video36","Hilarious Sitcom Classics",167000
"video36_168000","video36","Hilarious Sitcom Classics",168000
"video36_169000","video36","Hilarious Sitcom Classics",169000
"video36_170000","video36","Hilarious Sitcom Classics",170000
"video36_171000","video36","Hilarious Sitcom Classics",171000
"video36_172000","video36","Hilarious Sitcom Classics",172000
"video36_173000","video36","Hilarious Sitcom Classics",173000
"video36_174000","video36","Hilarious Sitcom Classics",174000
"video36_175000","video36","Hilarious Sitcom Classics",175000
"video36_176000","video36","Hilarious Sitcom Classics",176000
"video36_177000","video36","Hilarious Sitcom Classics",177000
"video36_178000","video36","Hilarious Sitcom Classics",178000
"video36_179000","video36","Hilarious Sitcom Classics",179000
"video36_180000","video36","Hilarious Sitcom Classics",180000
"video36_181000","video36","Hilarious Sitcom Classics",181000
"video36_182000","video36","Hilarious Sitcom Classics",182000
"video36_183000","video36","Hilarious Sitcom Classics",183000
"video36_184000","video36","Hilarious Sitcom Classics",184000
"video36_185000","video36","Hilarious Sitcom Classics",185000
"video36_186000","video36","Hilarious Sitcom Classics",186000
"video36_187000","video36","Hilarious Sitcom Classics",187000
"video36_188000","video36","Hilarious Sitcom Classics",188000
"video36_189000","video36","Hilarious Sitcom Classics",189000
"video36_190000","video36","Hilarious Sitcom Classics",190000
"video36_191000","video36","Hilarious Sitcom Classics",191000
"video36_192000","video36","Hilarious Sitcom Classics",192000
"video36_193000","video36","Hilarious Sitcom Classics",193000
"video36_194000","video36","Hilarious Sitcom Classics",194000
"video36_195000","video36","Hilarious Sitcom Classics",195000
"video36_196000","video36","Hilarious Sitcom Classics",196000
"video36_197000","video36","Hilarious Sitcom Classics",197000
"video36_198000","video36","Hilarious Sitcom Classics",198000
"video36_199000","video36","Hilarious Sitcom Classics",199000
"video36_200000","video36","Hilarious Sitcom Classics",200000
"video36_201000","video36","Hilarious Sitcom Classics",201000
"video36_202000","video36","Hilarious Sitcom Classics",202000
"video36_203000","video36","Hilarious Sitcom Classics",203000
"video36_204000","video36","Hilarious Sitcom Classics",204000
"video36_205000","video36","Hilarious Sitcom Classics",205000
"video36_206000","video36","Hilarious Sitcom Classics",206000
"video36_207000","video36","Hilarious Sitcom Classics",207000
"video36_208000","video36","Hilarious Sitcom Classics",208000
"video36_209000","video36","Hilarious Sitcom Classics",209000
"video36_210000","video36","Hilarious Sitcom Classics",210000
"video36_211000","video36","Hilarious Sitcom Classics",211000
"video36_212000","video36","Hilarious Sitcom Classics",212000
"video36_213000","video36","Hilarious Sitcom Classics",213000
"video36_214000","video36","Hilarious Sitcom Classics",214000
"video36_215000","video36","Hilarious Sitcom Classics",215000
"video36_216000","video36","Hilarious Sitcom Classics",216000
"video36_217000","video36","Hilarious Sitcom Classics",217000
"video36_218000","video36","Hilarious Sitcom Classics",218000
"video36_219000","video36","Hilarious Sitcom Classics",219000
"video36_220000","video36","Hilarious Sitcom Classics",220000
"video36_221000","video36","Hilarious Sitcom Classics",221000
"video36_222000","video36","Hilarious Sitcom Classics",222000
"video36_223000","video36","Hilarious Sitcom Classics",223000
"video36_224000","video36","Hilarious Sitcom Classics",224000
"video36_225000","video36","Hilarious Sitcom Classics",225000
"video36_226000","video36","Hilarious Sitcom Classics",226000
"video36_227000","video36","Hilarious Sitcom Classics",227000
"video36_228000","video36","Hilarious Sitcom Classics",228000
"video36_229000","video36","Hilarious Sitcom Classics",229000
"video36_230000","video36","Hilarious Sitcom Classics",230000
"video36_231000","video36","Hilarious Sitcom Classics",231000
"video36_232000","video36","Hilarious Sitcom Classics",232000
"video36_233000","video36","Hilarious Sitcom Classics",233000
"video36_234000","video36","Hilarious Sitcom Classics",234000
"video36_235000","video36","Hilarious Sitcom Classics",235000
"video36_236000","video36","Hilarious Sitcom Classics",236000
"video36_237000","video36","Hilarious Sitcom Classics",237000
"video36_238000","video36","Hilarious Sitcom Classics",238000
"video36_239000","video36","Hilarious Sitcom Classics",239000
"video36_240000","video36","Hilarious Sitcom Classics",240000
"video36_241000","video36","Hilarious Sitcom Classics",241000
"video36_242000","video36","Hilarious Sitcom Classics",242000
"video36_243000","video36","Hilarious Sitcom Classics",243000
"video36_244000","video36","Hilarious Sitcom Classics",244000
"video36_245000","video36","Hilarious Sitcom Classics",245000
"video36_246000","video36","Hilarious Sitcom Classics",246000
"video36_247000","video36","Hilarious Sitcom Classics",247000
"video36_248000","video36","Hilarious Sitcom Classics",248000
"video36_249000","video36","Hilarious Sitcom Classics",249000
"video36_250000","video36","Hilarious Sitcom Classics",250000
"video36_251000","video36","Hilarious Sitcom Classics",251000
"video36_252000","video36","Hilarious Sitcom Classics",252000
"video36_253000","video36","Hilarious Sitcom Classics",253000
"video36_254000","video36","Hilarious Sitcom Classics",254000
"video36_255000","video36","Hilarious Sitcom Classics",255000
"video36_256000","video36","Hilarious Sitcom Classics",256000
"video36_257000","video36","Hilarious Sitcom Classics",257000
"video36_258000","video36","Hilarious Sitcom Classics",258000
"video36_259000","video36","Hilarious Sitcom Classics",259000
"video36_260000","video36","Hilarious Sitcom Classics",260000
"video36_261000","video36","Hilarious Sitcom Classics",261000
"video36_262000","video36","Hilarious Sitcom Classics",262000
"video36_263000","video36","Hilarious Sitcom Classics",263000
"video36_264000","video36","Hilarious Sitcom Classics",264000
"video36_265000","video36","Hilarious Sitcom Classics",265000
"video36_266000","video36","Hilarious Sitcom Classics",266000
"video36_267000","video36","Hilarious Sitcom Classics",267000
"video36_268000","video36","Hilarious Sitcom Classics",268000
"video36_269000","video36","Hilarious Sitcom Classics",269000
"video36_270000","video36","Hilarious Sitcom Classics",270000
"video36_271000","video36","Hilarious Sitcom Classics",271000
"video36_272000","video36","Hilarious Sitcom Classics",272000
"video36_273000","video36","Hilarious Sitcom Classics",273000
"video36_274000","video36","Hilarious Sitcom Classics",274000
"video36_275000","video36","Hilarious Sitcom Classics",275000
"video36_276000","video36","Hilarious Sitcom Classics",276000
"video36_277000","video36","Hilarious Sitcom Classics",277000
"video36_278000","video36","Hilarious Sitcom Classics",278000
"video36_279000","video36","Hilarious Sitcom Classics",279000
"video36_280000","video36","Hilarious Sitcom Classics",280000
"video36_281000","video36","Hilarious Sitcom Classics",281000
"video36_282000","video36","Hilarious Sitcom Classics",282000
"video36_283000","video36","Hilarious Sitcom Classics",283000
"video36_284000","video36","Hilarious Sitcom Classics",284000
"video36_285000","video36","Hilarious Sitcom Classics",285000
"video36_286000","video36","Hilarious Sitcom Classics",286000
"video36_287000","video36","Hilarious Sitcom Classics",287000
"video36_288000","video36","Hilarious Sitcom Classics",288000
"video36_289000","video36","Hilarious Sitcom Classics",289000
"video36_290000","video36","Hilarious Sitcom Classics",290000
"video36_291000","video36","Hilarious Sitcom Classics",291000
"video36_292000","video36","Hilarious Sitcom Classics",292000
"video36_293000","video36","Hilarious Sitcom Classics",293000
"video36_294000","video36","Hilarious Sitcom Classics",294000
"video36_295000","video36","Hilarious Sitcom Classics",295000
"video36_296000","video36","Hilarious Sitcom Classics",296000
"video36_297000","video36","Hilarious Sitcom Classics",297000
"video36_298000","video36","Hilarious Sitcom Classics",298000
"video36_299000","video36","Hilarious Sitcom Classics",299000
"video36_300000","video36","Hilarious Sitcom Classics",300000
"video36_301000","video36","Hilarious Sitcom Classics",301000
"video36_302000","video36","Hilarious Sitcom Classics",302000
"video36_303000","video36","Hilarious Sitcom Classics",303000
"video36_304000","video36","Hilarious Sitcom Classics",304000
"video36_305000","video36","Hilarious Sitcom Classics",305000
"video36_306000","video36","Hilarious Sitcom Classics",306000
"video36_307000","video36","Hilarious Sitcom Classics",307000
"video36_308000","video36","Hilarious Sitcom Classics",308000
"video36_309000","video36","Hilarious Sitcom Classics",309000
"video36_310000","video36","Hilarious Sitcom Classics",310000
"video36_311000","video36","Hilarious Sitcom Classics",311000
"video36_312000","video36","Hilarious Sitcom Classics",312000
"video36_313000","video36","Hilarious Sitcom Classics",313000
"video36_314000","video36","Hilarious Sitcom Classics",314000
"video36_315000","video36","Hilarious Sitcom Classics",315000
"video36_316000","video36","Hilarious Sitcom Classics",316000
"video36_317000","video36","Hilarious Sitcom Classics",317000
"video36_318000","video36","Hilarious Sitcom Classics",318000
"video36_319000","video36","Hilarious Sitcom Classics",319000
"video36_320000","video36","Hilarious Sitcom Classics",320000
"video36_321000","video36","Hilarious Sitcom Classics",321000
"video36_322000","video36","Hilarious Sitcom Classics",322000
"video36_323000","video36","Hilarious Sitcom Classics",323000
"video36_324000","video36","Hilarious Sitcom Classics",324000
"video36_325000","video36","Hilarious Sitcom Classics",325000
"video36_326000","video36","Hilarious Sitcom Classics",326000
"video36_327000","video36","Hilarious Sitcom Classics",327000
"video36_328000","video36","Hilarious Sitcom Classics",328000
"video36_329000","video36","Hilarious Sitcom Classics",329000
"video36_330000","video36","Hilarious Sitcom Classics",330000
"video36_331000","video36","Hilarious Sitcom Classics",331000
"video36_332000","video36","Hilarious Sitcom Classics",332000
"video36_333000","video36","Hilarious Sitcom Classics",333000
"video36_334000","video36","Hilarious Sitcom Classics",334000
"video37_0","video37","The Music of Nature",0
"video37_1000","video37","The Music of Nature",1000
"video37_2000","video37","The Music of Nature",2000
"video37_3000","video37","The Music of Nature",3000
"video37_4000","video37","The Music of Nature",4000
"video37_5000","video37","The Music of Nature",5000
"video37_6000","video37","The Music of Nature",6000
"video37_7000","video37","The Music of Nature",7000
"video37_8000","video37","The Music of Nature",8000
"video37_9000","video37","The Music of Nature",9000
"video37_10000","video37","The Music of Nature",10000
"video37_11000","video37","The Music of Nature",11000
"video37_12000","video37","The Music of Nature",12000
"video37_13000","video37","The Music of Nature",13000
"video37_14000","video37","The Music of Nature",14000
"video37_15000","video37","The Music of Nature",15000
"video37_16000","video37","The Music of Nature",16000
"video37_17000","video37","The Music of Nature",17000
"video37_18000","video37","The Music of Nature",18000
"video37_19000","video37","The Music of Nature",19000
"video37_20000","video37","The Music of Nature",20000
"video37_21000","video37","The Music of Nature",21000
"video37_22000","video37","The Music of Nature",22000
"video37_23000","video37","The Music of Nature",23000
"video37_24000","video37","The Music of Nature",24000
"video37_25000","video37","The Music of Nature",25000
"video37_26000","video37","The Music of Nature",26000
"video37_27000","video37","The Music of Nature",27000
"video37_28000","video37","The Music of Nature",28000
"video37_29000","video37","The Music of Nature",29000
"video37_30000","video37","The Music of Nature",30000
"video37_31000","video37","The Music of Nature",31000
"video37_32000","video37","The Music of Nature",32000
"video37_33000","video37","The Music of Nature",33000
"video37_34000","video37","The Music of Nature",34000
"video37_35000","video37","The Music of Nature",35000
"video37_36000","video37","The Music of Nature",36000
"video37_37000","video37","The Music of Nature",37000
"video37_38000","video37","The Music of Nature",38000
"video37_39000","video37","The Music of Nature",39000
"video37_40000","video37","The Music of Nature",40000
"video37_41000","video37","The Music of Nature",41000
"video37_42000","video37","The Music of Nature",42000
"video37_43000","video37","The Music of Nature",43000
"video37_44000","video37","The Music of Nature",44000
"video37_45000","video37","The Music of Nature",45000
"video37_46000","video37","The Music of Nature",46000
"video37_47000","video37","The Music of Nature",47000
"video37_48000","video37","The Music of Nature",48000
"video37_49000","video37","The Music of Nature",49000
"video37_50000","video37","The Music of Nature",50000
"video37_51000","video37","The Music of Nature",51000
"video37_52000","video37","The Music of Nature",52000
"video37_53000","video37","The Music of Nature",53000
"video37_54000","video37","The Music of Nature",54000
"video37_55000","video37","The Music of Nature",55000
"video37_56000","video37","The Music of Nature",56000
"video37_57000","video37","The Music of Nature",57000
"video37_58000","video37","The Music of Nature",58000
"video37_59000","video37","The Music of Nature",59000
"video37_60000","video37","The Music of Nature",60000
"video37_61000","video37","The Music of Nature",61000
"video37_62000","video37","The Music of Nature",62000
"video37_63000","video37","The Music of Nature",63000
"video37_64000","video37","The Music of Nature",64000
"video37_65000","video37","The Music of Nature",65000
"video37_66000","video37","The Music of Nature",66000
"video37_67000","video37","The Music of Nature",67000
"video37_68000","video37","The Music of Nature",68000
"video37_69000","video37","The Music of Nature",69000
"video37_70000","video37","The Music of Nature",70000
"video37_71000","video37","The Music of Nature",71000
"video37_72000","video37","The Music of Nature",72000
"video37_73000","video37","The Music of Nature",73000
"video37_74000","video37","The Music of Nature",74000
"video37_75000","video37","The Music of Nature",75000
"video37_76000","video37","The Music of Nature",76000
"video37_77000","video37","The Music of Nature",77000
"video37_78000","video37","The Music of Nature",78000
"video37_79000","video37","The Music of Nature",79000
"video37_80000","video37","The Music of Nature",80000
"video37_81000","video37","The Music of Nature",81000
"video37_82000","video37","The Music of Nature",82000
"video37_83000","video37","The Music of Nature",83000
"video37_84000","video37","The Music of Nature",84000
"video37_85000","video37","The Music of Nature",85000
"video37_86000","video37","The Music of Nature",86000
"video37_87000","video37","The Music of Nature",87000
"video37_88000","video37","The Music of Nature",88000
"video37_89000","video37","The Music of Nature",89000
"video37_90000","video37","The Music of Nature",90000
"video37_91000","video37","The Music of Nature",91000
"video37_92000","video37","The Music of Nature",92000
"video37_93000","video37","The Music of Nature",93000
"video37_94000","video37","The Music of Nature",94000
"video37_95000","video37","The Music of Nature",95000
"video37_96000","video37","The Music of Nature",96000
"video37_97000","video37","The Music of Nature",97000
"video37_98000","video37","The Music of Nature",98000
"video37_99000","video37","The Music of Nature",99000
"video37_100000","video37","The Music of Nature",100000
"video37_101000","video37","The Music of Nature",101000
"video37_102000","video37","The Music of Nature",102000
"video37_103000","video37","The Music of Nature",103000
"video37_104000","video37","The Music of Nature",104000
"video37_105000","video37","The Music of Nature",105000
"video37_106000","video37","The Music of Nature",106000
"video37_107000","video37","The Music of Nature",107000
"video37_108000","video37","The Music of Nature",108000
"video37_109000","video37","The Music of Nature",109000
"video37_110000","video37","The Music of Nature",110000
"video37_111000","video37","The Music of Nature",111000
"video37_112000","video37","The Music of Nature",112000
"video37_113000","video37","The Music of Nature",113000
"video37_114000","video37","The Music of Nature",114000
"video37_115000","video37","The Music of Nature",115000
"video37_116000","video37","The Music of Nature",116000
"video37_117000","video37","The Music of Nature",117000
"video37_118000","video37","The Music of Nature",118000
"video37_119000","video37","The Music of Nature",119000
"video37_120000","video37","The Music of Nature",120000
"video37_121000","video37","The Music of Nature",121000
"video37_122000","video37","The Music of Nature",122000
"video37_123000","video37","The Music of Nature",123000
"video37_124000","video37","The Music of Nature",124000
"video37_125000","video37","The Music of Nature",125000
"video37_126000","video37","The Music of Nature",126000
"video37_127000","video37","The Music of Nature",127000
"video37_128000","video37","The Music of Nature",128000
"video37_129000","video37","The Music of Nature",129000
"video37_130000","video37","The Music of Nature",130000
"video37_131000","video37","The Music of Nature",131000
"video37_132000","video37","The Music of Nature",132000
"video37_133000","video37","The Music of Nature",133000
"video37_134000","video37","The Music of Nature",134000
"video37_135000","video37","The Music of Nature",135000
"video37_136000","video37","The Music of Nature",136000
"video37_137000","video37","The Music of Nature",137000
"video37_138000","video37","The Music of Nature",138000
"video37_139000","video37","The Music of Nature",139000
"video37_140000","video37","The Music of Nature",140000
"video37_141000","video37","The Music of Nature",141000
"video37_142000","video37","The Music of Nature",142000
"video37_143000","video37","The Music of Nature",143000
"video37_144000","video37","The Music of Nature",144000
"video37_145000","video37","The Music of Nature",145000
"video37_146000","video37","The Music of Nature",146000
"video37_147000","video37","The Music of Nature",147000
"video37_148000","video37","The Music of Nature",148000
"video37_149000","video37","The Music of Nature",149000
"video37_150000","video37","The Music of Nature",150000
"video37_151000","video37","The Music of Nature",151000
"video37_152000","video37","The Music of Nature",152000
"video37_153000","video37","The Music of Nature",153000
"video37_154000","video37","The Music of Nature",154000
"video37_155000","video37","The Music of Nature",155000
"video37_156000","video37","The Music of Nature",156000
"video37_157000","video37","The Music of Nature",157000
"video37_158000","video37","The Music of Nature",158000
"video37_159000","video37","The Music of Nature",159000
"video37_160000","video37","The Music of Nature",160000
"video37_161000","video37","The Music of Nature",161000
"video37_162000","video37","The Music of Nature",162000
"video37_163000","video37","The Music of Nature",163000
"video37_164000","video37","The Music of Nature",164000
"video37_165000","video37","The Music of Nature",165000
"video37_166000","video37","The Music of Nature",166000
"video37_167000","video37","The Music of Nature",167000
"video37_168000","video37","The Music of Nature",168000
"video37_169000","video37","The Music of Nature",169000
"video37_170000","video37","The Music of Nature",170000
"video37_171000","video37","The Music of Nature",171000
"video37_172000","video37","The Music of Nature",172000
"video37_173000","video37","The Music of Nature",173000
"video37_174000","video37","The Music of Nature",174000
"video37_175000","video37","The Music of Nature",175000
"video37_176000","video37","The Music of Nature",176000
"video37_177000","video37","The Music of Nature",177000
"video37_178000","video37","The Music of Nature",178000
"video37_179000","video37","The Music of Nature",179000
"video37_180000","video37","The Music of Nature",180000
"video37_181000","video37","The Music of Nature",181000
"video37_182000","video37","The Music of Nature",182000
"video37_183000","video37","The Music of Nature",183000
"video37_184000","video37","The Music of Nature",184000
"video37_185000","video37","The Music of Nature",185000
"video37_186000","video37","The Music of Nature",186000
"video37_187000","video37","The Music of Nature",187000
"video37_188000","video37","The Music of Nature",188000
"video37_189000","video37","The Music of Nature",189000
"video37_190000","video37","The Music of Nature",190000
"video37_191000","video37","The Music of Nature",191000
"video37_192000","video37","The Music of Nature",192000
"video37_193000","video37","The Music of Nature",193000
"video37_194000","video37","The Music of Nature",194000
"video37_195000","video37","The Music of Nature",195000
"video37_196000","video37","The Music of Nature",196000
"video37_197000","video37","The Music of Nature",197000
"video37_198000","video37","The Music of Nature",198000
"video37_199000","video37","The Music of Nature",199000
"video37_200000","video37","The Music of Nature",200000
"video37_201000","video37","The Music of Nature",201000
"video37_202000","video37","The Music of Nature",202000
"video37_203000","video37","The Music of Nature",203000
"video37_204000","video37","The Music of Nature",204000
"video37_205000","video37","The Music of Nature",205000
"video37_206000","video37","The Music of Nature",206000
"video37_207000","video37","The Music of Nature",207000
"video37_208000","video37","The Music of Nature",208000
"video37_209000","video37","The Music of Nature",209000
"video37_210000","video37","The Music of Nature",210000
"video37_211000","video37","The Music of Nature",211000
"video37_212000","video37","The Music of Nature",212000
"video37_213000","video37","The Music of Nature",213000
"video37_214000","video37","The Music of Nature",214000
"video37_215000","video37","The Music of Nature",215000
"video37_216000","video37","The Music of Nature",216000
"video37_217000","video37","The Music of Nature",217000
"video37_218000","video37","The Music of Nature",218000
"video37_219000","video37","The Music of Nature",219000
"video37_220000","video37","The Music of Nature",220000
"video37_221000","video37","The Music of Nature",221000
"video37_222000","video37","The Music of Nature",222000
"video37_223000","video37","The Music of Nature",223000
"video37_224000","video37","The Music of Nature",224000
"video37_225000","video37","The Music of Nature",225000
"video37_226000","video37","The Music of Nature",226000
"video37_227000","video37","The Music of Nature",227000
"video37_228000","video37","The Music of Nature",228000
"video37_229000","video37","The Music of Nature",229000
"video37_230000","video37","The Music of Nature",230000
"video37_231000","video37","The Music of Nature",231000
"video37_232000","video37","The Music of Nature",232000
"video37_233000","video37","The Music of Nature",233000
"video37_234000","video37","The Music of Nature",234000
"video37_235000","video37","The Music of Nature",235000
"video37_236000","video37","The Music of Nature",236000
"video37_237000","video37","The Music of Nature",237000
"video37_238000","video37","The Music of Nature",238000
"video37_239000","video37","The Music of Nature",239000
"video37_240000","video37","The Music of Nature",240000
"video37_241000","video37","The Music of Nature",241000
"video37_242000","video37","The Music of Nature",242000
"video37_243000","video37","The Music of Nature",243000
"video37_244000","video37","The Music of Nature",244000
"video37_245000","video37","The Music of Nature",245000
"video37_246000","video37","The Music of Nature",246000
"video37_247000","video37","The Music of Nature",247000
"video37_248000","video37","The Music of Nature",248000
"video37_249000","video37","The Music of Nature",249000
"video37_250000","video37","The Music of Nature",250000
"video37_251000","video37","The Music of Nature",251000
"video37_252000","video37","The Music of Nature",252000
"video37_253000","video37","The Music of Nature",253000
"video37_254000","video37","The Music of Nature",254000
"video37_255000","video37","The Music of Nature",255000
"video37_256000","video37","The Music of Nature",256000
"video37_257000","video37","The Music of Nature",257000
"video37_258000","video37","The Music of Nature",258000
"video37_259000","video37","The Music of Nature",259000
"video37_260000","video37","The Music of Nature",260000
"video37_261000","video37","The Music of Nature",261000
"video37_262000","video37","The Music of Nature",262000
"video37_263000","video37","The Music of Nature",263000
"video37_264000","video37","The Music of Nature",264000
"video37_265000","video37","The Music of Nature",265000
"video37_266000","video37","The Music of Nature",266000
"video37_267000","video37","The Music of Nature",267000
"video37_268000","video37","The Music of Nature",268000
"video37_269000","video37","The Music of Nature",269000
"video37_270000","video37","The Music of Nature",270000
"video37_271000","video37","The Music of Nature",271000
"video37_272000","video37","The Music of Nature",272000
"video37_273000","video37","The Music of Nature",273000
"video37_274000","video37","The Music of Nature",274000
"video37_275000","video37","The Music of Nature",275000
"video37_276000","video37","The Music of Nature",276000
"video37_277000","video37","The Music of Nature",277000
"video37_278000","video37","The Music of Nature",278000
"video37_279000","video37","The Music of Nature",279000
"video37_280000","video37","The Music of Nature",280000
"video37_281000","video37","The Music of Nature",281000
"video37_282000","video37","The Music of Nature",282000
"video37_283000","video37","The Music of Nature",283000
"video37_284000","video37","The Music of Nature",284000
"video37_285000","video37","The Music of Nature",285000
"video37_286000","video37","The Music of Nature",286000
"video37_287000","video37","The Music of Nature",287000
"video37_288000","video37","The Music of Nature",288000
"video37_289000","video37","The Music of Nature",289000
"video37_290000","video37","The Music of Nature",290000
"video37_291000","video37","The Music of Nature",291000
"video37_292000","video37","The Music of Nature",292000
"video37_293000","video37","The Music of Nature",293000
"video37_294000","video37","The Music of Nature",294000
"video37_295000","video37","The Music of Nature",295000
"video37_296000","video37","The Music of Nature",296000
"video37_297000","video37","The Music of Nature",297000
"video37_298000","video37","The Music of Nature",298000
"video37_299000","video37","The Music of Nature",299000
"video37_300000","video37","The Music of Nature",300000
"video37_301000","video37","The Music of Nature",301000
"video37_302000","video37","The Music of Nature",302000
"video37_303000","video37","The Music of Nature",303000
"video37_304000","video37","The Music of Nature",304000
"video37_305000","video37","The Music of Nature",305000
"video37_306000","video37","The Music of Nature",306000
"video37_307000","video37","The Music of Nature",307000
"video37_308000","video37","The Music of Nature",308000
"video37_309000","video37","The Music of Nature",309000
"video37_310000","video37","The Music of Nature",310000
"video37_311000","video37","The Music of Nature",311000
"video37_312000","video37","The Music of Nature",312000
"video37_313000","video37","The Music of Nature",313000
"video37_314000","video37","The Music of Nature",314000
"video37_315000","video37","The Music of Nature",315000
"video37_316000","video37","The Music of Nature",316000
"video37_317000","video37","The Music of Nature",317000
"video37_318000","video37","The Music of Nature",318000
"video37_319000","video37","The Music of Nature",319000
"video37_320000","video37","The Music of Nature",320000
"video37_321000","video37","The Music of Nature",321000
"video37_322000","video37","The Music of Nature",322000
"video37_323000","video37","The Music of Nature",323000
"video37_324000","video37","The Music of Nature",324000
"video37_325000","video37","The Music of Nature",325000
"video37_326000","video37","The Music of Nature",326000
"video37_327000","video37","The Music of Nature",327000
"video37_328000","video37","The Music of Nature",328000
"video37_329000","video37","The Music of Nature",329000
"video37_330000","video37","The Music of Nature",330000
"video37_331000","video37","The Music of Nature",331000
"video37_332000","video37","The Music of Nature",332000
"video37_333000","video37","The Music of Nature",333000
"video37_334000","video37","The Music of Nature",334000
"video37_335000","video37","The Music of Nature",335000
"video37_336000","video37","The Music of Nature",336000
"video37_337000","video37","The Music of Nature",337000
"video37_338000","video37","The Music of Nature",338000
"video37_339000","video37","The Music of Nature",339000
"video37_340000","video37","The Music of Nature",340000
"video37_341000","video37","The Music of Nature",341000
"video37_342000","video37","The Music of Nature",342000
"video37_343000","video37","The Music of Nature",343000
"video37_344000","video37","The Music of Nature",344000
"video37_345000","video37","The Music of Nature",345000
"video37_346000","video37","The Music of Nature",346000
"video37_347000","video37","The Music of Nature",347000
"video37_348000","video37","The Music of Nature",348000
"video37_349000","video37","The Music of Nature",349000
"video37_350000","video37","The Music of Nature",350000
"video37_351000","video37","The Music of Nature",351000
"video37_352000","video37","The Music of Nature",352000
"video37_353000","video37","The Music of Nature",353000
"video37_354000","video37","The Music of Nature",354000
"video37_355000","video37","The Music of Nature",355000
"video37_356000","video37","The Music of Nature",356000
"video37_357000","video37","The Music of Nature",357000
"video37_358000","video37","The Music of Nature",358000
"video37_359000","video37","The Music of Nature",359000
"video37_360000","video37","The Music of Nature",360000
"video37_361000","video37","The Music of Nature",361000
"video37_362000","video37","The Music of Nature",362000
"video37_363000","video37","The Music of Nature",363000
"video37_364000","video37","The Music of Nature",364000
"video37_365000","video37","The Music of Nature",365000
"video37_366000","video37","The Music of Nature",366000
"video37_367000","video37","The Music of Nature",367000
"video37_368000","video37","The Music of Nature",368000
"video37_369000","video37","The Music of Nature",369000
"video37_370000","video37","The Music of Nature",370000
"video37_371000","video37","The Music of Nature",371000
"video37_372000","video37","The Music of Nature",372000
"video37_373000","video37","The Music of Nature",373000
"video37_374000","video37","The Music of Nature",374000
"video37_375000","video37","The Music of Nature",375000
"video37_376000","video37","The Music of Nature",376000
"video37_377000","video37","The Music of Nature",377000
"video37_378000","video37","The Music of Nature",378000
"video37_379000","video37","The Music of Nature",379000
"video37_380000","video37","The Music of Nature",380000
"video37_381000","video37","The Music of Nature",381000
"video37_382000","video37","The Music of Nature",382000
"video37_383000","video37","The Music of Nature",383000
"video37_384000","video37","The Music of Nature",384000
"video37_385000","video37","The Music of Nature",385000
"video37_386000","video37","The Music of Nature",386000
"video37_387000","video37","The Music of Nature",387000
"video37_388000","video37","The Music of Nature",388000
"video37_389000","video37","The Music of Nature",389000
"video37_390000","video37","The Music of Nature",390000
"video37_391000","video37","The Music of Nature",391000
"video37_392000","video37","The Music of Nature",392000
"video37_393000","video37","The Music of Nature",393000
"video37_394000","video37","The Music of Nature",394000
"video38_0","video38","Planet Earth's Beauty",0
"video38_1000","video38","Planet Earth's Beauty",1000
"video38_2000","video38","Planet Earth's Beauty",2000
"video38_3000","video38","Planet Earth's Beauty",3000
"video38_4000","video38","Planet Earth's Beauty",4000
"video38_5000","video38","Planet Earth's Beauty",5000
"video38_6000","video38","Planet Earth's Beauty",6000
"video38_7000","video38","Planet Earth's Beauty",7000
"video38_8000","video38","Planet Earth's Beauty",8000
"video38_9000","video38","Planet Earth's Beauty",9000
"video38_10000","video38","Planet Earth's Beauty",10000
"video38_11000","video38","Planet Earth's Beauty",11000
"video38_12000","video38","Planet Earth's Beauty",12000
"video38_13000","video38","Planet Earth's Beauty",13000
"video38_14000","video38","Planet Earth's Beauty",14000
"video38_15000","video38","Planet Earth's Beauty",15000
"video38_16000","video38","Planet Earth's Beauty",16000
"video38_17000","video38","Planet Earth's Beauty",17000
"video38_18000","video38","Planet Earth's Beauty",18000
"video38_19000","video38","Planet Earth's Beauty",19000
"video38_20000","video38","Planet Earth's Beauty",20000
"video38_21000","video38","Planet Earth's Beauty",21000
"video38_22000","video38","Planet Earth's Beauty",22000
"video38_23000","video38","Planet Earth's Beauty",23000
"video38_24000","video38","Planet Earth's Beauty",24000
"video38_25000","video38","Planet Earth's Beauty",25000
"video38_26000","video38","Planet Earth's Beauty",26000
"video38_27000","video38","Planet Earth's Beauty",27000
"video38_28000","video38","Planet Earth's Beauty",28000
"video38_29000","video38","Planet Earth's Beauty",29000
"video38_30000","video38","Planet Earth's Beauty",30000
"video38_31000","video38","Planet Earth's Beauty",31000
"video38_32000","video38","Planet Earth's Beauty",32000
"video38_33000","video38","Planet Earth's Beauty",33000
"video38_34000","video38","Planet Earth's Beauty",34000
"video38_35000","video38","Planet Earth's Beauty",35000
"video38_36000","video38","Planet Earth's Beauty",36000
"video38_37000","video38","Planet Earth's Beauty",37000
"video38_38000","video38","Planet Earth's Beauty",38000
"video38_39000","video38","Planet Earth's Beauty",39000
"video38_40000","video38","Planet Earth's Beauty",40000
"video38_41000","video38","Planet Earth's Beauty",41000
"video38_42000","video38","Planet Earth's Beauty",42000
"video38_43000","video38","Planet Earth's Beauty",43000
"video38_44000","video38","Planet Earth's Beauty",44000
"video38_45000","video38","Planet Earth's Beauty",45000
"video38_46000","video38","Planet Earth's Beauty",46000
"video38_47000","video38","Planet Earth's Beauty",47000
"video38_48000","video38","Planet Earth's Beauty",48000
"video38_49000","video38","Planet Earth's Beauty",49000
"video38_50000","video38","Planet Earth's Beauty",50000
"video38_51000","video38","Planet Earth's Beauty",51000
"video38_52000","video38","Planet Earth's Beauty",52000
"video38_53000","video38","Planet Earth's Beauty",53000
"video38_54000","video38","Planet Earth's Beauty",54000
"video38_55000","video38","Planet Earth's Beauty",55000
"video38_56000","video38","Planet Earth's Beauty",56000
"video38_57000","video38","Planet Earth's Beauty",57000
"video38_58000","video38","Planet Earth's Beauty",58000
"video38_59000","video38","Planet Earth's Beauty",59000
"video38_60000","video38","Planet Earth's Beauty",60000
"video38_61000","video38","Planet Earth's Beauty",61000
"video38_62000","video38","Planet Earth's Beauty",62000
"video38_63000","video38","Planet Earth's Beauty",63000
"video38_64000","video38","Planet Earth's Beauty",64000
"video38_65000","video38","Planet Earth's Beauty",65000
"video38_66000","video38","Planet Earth's Beauty",66000
"video38_67000","video38","Planet Earth's Beauty",67000
"video38_68000","video38","Planet Earth's Beauty",68000
"video38_69000","video38","Planet Earth's Beauty",69000
"video38_70000","video38","Planet Earth's Beauty",70000
"video38_71000","video38","Planet Earth's Beauty",71000
"video38_72000","video38","Planet Earth's Beauty",72000
"video38_73000","video38","Planet Earth's Beauty",73000
"video38_74000","video38","Planet Earth's Beauty",74000
"video38_75000","video38","Planet Earth's Beauty",75000
"video38_76000","video38","Planet Earth's Beauty",76000
"video38_77000","video38","Planet Earth's Beauty",77000
"video38_78000","video38","Planet Earth's Beauty",78000
"video38_79000","video38","Planet Earth's Beauty",79000
"video38_80000","video38","Planet Earth's Beauty",80000
"video38_81000","video38","Planet Earth's Beauty",81000
"video38_82000","video38","Planet Earth's Beauty",82000
"video38_83000","video38","Planet Earth's Beauty",83000
"video38_84000","video38","Planet Earth's Beauty",84000
"video38_85000","video38","Planet Earth's Beauty",85000
"video38_86000","video38","Planet Earth's Beauty",86000
"video38_87000","video38","Planet Earth's Beauty",87000
"video38_88000","video38","Planet Earth's Beauty",88000
"video38_89000","video38","Planet Earth's Beauty",89000
"video38_90000","video38","Planet Earth's Beauty",90000
"video38_91000","video38","Planet Earth's Beauty",91000
"video38_92000","video38","Planet Earth's Beauty",92000
"video38_93000","video38","Planet Earth's Beauty",93000
"video38_94000","video38","Planet Earth's Beauty",94000
"video38_95000","video38","Planet Earth's Beauty",95000
"video38_96000","video38","Planet Earth's Beauty",96000
"video38_97000","video38","Planet Earth's Beauty",97000
"video38_98000","video38","Planet Earth's Beauty",98000
"video38_99000","video38","Planet Earth's Beauty",99000
"video38_100000","video38","Planet Earth's Beauty",100000
"video38_101000","video38","Planet Earth's Beauty",101000
"video38_102000","video38","Planet Earth's Beauty",102000
"video38_103000","video38","Planet Earth's Beauty",103000
"video38_104000","video38","Planet Earth's Beauty",104000
"video38_105000","video38","Planet Earth's Beauty",105000
"video38_106000","video38","Planet Earth's Beauty",106000
"video38_107000","video38","Planet Earth's Beauty",107000
"video38_108000","video38","Planet Earth's Beauty",108000
"video38_109000","video38","Planet Earth's Beauty",109000
"video38_110000","video38","Planet Earth's Beauty",110000
"video38_111000","video38","Planet Earth's Beauty",111000
"video38_112000","video38","Planet Earth's Beauty",112000
"video38_113000","video38","Planet Earth's Beauty",113000
"video38_114000","video38","Planet Earth's Beauty",114000
"video38_115000","video38","Planet Earth's Beauty",115000
"video38_116000","video38","Planet Earth's Beauty",116000
"video38_117000","video38","Planet Earth's Beauty",117000
"video38_118000","video38","Planet Earth's Beauty",118000
"video38_119000","video38","Planet Earth's Beauty",119000
"video38_120000","video38","Planet Earth's Beauty",120000
"video38_121000","video38","Planet Earth's Beauty",121000
"video38_122000","video38","Planet Earth's Beauty",122000
"video38_123000","video38","Planet Earth's Beauty",123000
"video38_124000","video38","Planet Earth's Beauty",124000
"video38_125000","video38","Planet Earth's Beauty",125000
"video38_126000","video38","Planet Earth's Beauty",126000
"video38_127000","video38","Planet Earth's Beauty",127000
"video38_128000","video38","Planet Earth's Beauty",128000
"video38_129000","video38","Planet Earth's Beauty",129000
"video38_130000","video38","Planet Earth's Beauty",130000
"video38_131000","video38","Planet Earth's Beauty",131000
"video38_132000","video38","Planet Earth's Beauty",132000
"video38_133000","video38","Planet Earth's Beauty",133000
"video38_134000","video38","Planet Earth's Beauty",134000
"video38_135000","video38","Planet Earth's Beauty",135000
"video38_136000","video38","Planet Earth's Beauty",136000
"video38_137000","video38","Planet Earth's Beauty",137000
"video38_138000","video38","Planet Earth's Beauty",138000
"video38_139000","video38","Planet Earth's Beauty",139000
"video38_140000","video38","Planet Earth's Beauty",140000
"video38_141000","video38","Planet Earth's Beauty",141000
"video38_142000","video38","Planet Earth's Beauty",142000
"video38_143000","video38","Planet Earth's Beauty",143000
"video38_144000","video38","Planet Earth's Beauty",144000
"video38_145000","video38","Planet Earth's Beauty",145000
"video38_146000","video38","Planet Earth's Beauty",146000
"video38_147000","video38","Planet Earth's Beauty",147000
"video38_148000","video38","Planet Earth's Beauty",148000
"video38_149000","video38","Planet Earth's Beauty",149000
"video38_150000","video38","Planet Earth's Beauty",150000
"video38_151000","video38","Planet Earth's Beauty",151000
"video38_152000","video38","Planet Earth's Beauty",152000
"video38_153000","video38","Planet Earth's Beauty",153000
"video38_154000","video38","Planet Earth's Beauty",154000
"video38_155000","video38","Planet Earth's Beauty",155000
"video38_156000","video38","Planet Earth's Beauty",156000
"video38_157000","video38","Planet Earth's Beauty",157000
"video38_158000","video38","Planet Earth's Beauty",158000
"video38_159000","video38","Planet Earth's Beauty",159000
"video38_160000","video38","Planet Earth's Beauty",160000
"video38_161000","video38","Planet Earth's Beauty",161000
"video38_162000","video38","Planet Earth's Beauty",162000
"video38_163000","video38","Planet Earth's Beauty",163000
"video38_164000","video38","Planet Earth's Beauty",164000
"video38_165000","video38","Planet Earth's Beauty",165000
"video38_166000","video38","Planet Earth's Beauty",166000
"video38_167000","video38","Planet Earth's Beauty",167000
"video38_168000","video38","Planet Earth's Beauty",168000
"video38_169000","video38","Planet Earth's Beauty",169000
"video38_170000","video38","Planet Earth's Beauty",170000
"video38_171000","video38","Planet Earth's Beauty",171000
"video38_172000","video38","Planet Earth's Beauty",172000
"video38_173000","video38","Planet Earth's Beauty",173000
"video38_174000","video38","Planet Earth's Beauty",174000
"video38_175000","video38","Planet Earth's Beauty",175000
"video38_176000","video38","Planet Earth's Beauty",176000
"video38_177000","video38","Planet Earth's Beauty",177000
"video38_178000","video38","Planet Earth's Beauty",178000
"video38_179000","video38","Planet Earth's Beauty",179000
"video38_180000","video38","Planet Earth's Beauty",180000
"video38_181000","video38","Planet Earth's Beauty",181000
"video38_182000","video38","Planet Earth's Beauty",182000
"video38_183000","video38","Planet Earth's Beauty",183000
"video38_184000","video38","Planet Earth's Beauty",184000
"video38_185000","video38","Planet Earth's Beauty",185000
"video38_186000","video38","Planet Earth's Beauty",186000
"video38_187000","video38","Planet Earth's Beauty",187000
"video38_188000","video38","Planet Earth's Beauty",188000
"video38_189000","video38","Planet Earth's Beauty",189000
"video38_190000","video38","Planet Earth's Beauty",190000
"video38_191000","video38","Planet Earth's Beauty",191000
"video38_192000","video38","Planet Earth's Beauty",192000
"video38_193000","video38","Planet Earth's Beauty",193000
"video38_194000","video38","Planet Earth's Beauty",194000
"video38_195000","video38","Planet Earth's Beauty",195000
"video38_196000","video38","Planet Earth's Beauty",196000
"video38_197000","video38","Planet Earth's Beauty",197000
"video38_198000","video38","Planet Earth's Beauty",198000
"video38_199000","video38","Planet Earth's Beauty",199000
"video38_200000","video38","Planet Earth's Beauty",200000
"video38_201000","video38","Planet Earth's Beauty",201000
"video38_202000","video38","Planet Earth's Beauty",202000
"video38_203000","video38","Planet Earth's Beauty",203000
"video38_204000","video38","Planet Earth's Beauty",204000
"video38_205000","video38","Planet Earth's Beauty",205000
"video38_206000","video38","Planet Earth's Beauty",206000
"video38_207000","video38","Planet Earth's Beauty",207000
"video38_208000","video38","Planet Earth's Beauty",208000
"video38_209000","video38","Planet Earth's Beauty",209000
"video38_210000","video38","Planet Earth's Beauty",210000
"video38_211000","video38","Planet Earth's Beauty",211000
"video38_212000","video38","Planet Earth's Beauty",212000
"video38_213000","video38","Planet Earth's Beauty",213000
"video38_214000","video38","Planet Earth's Beauty",214000
"video38_215000","video38","Planet Earth's Beauty",215000
"video38_216000","video38","Planet Earth's Beauty",216000
"video38_217000","video38","Planet Earth's Beauty",217000
"video38_218000","video38","Planet Earth's Beauty",218000
"video38_219000","video38","Planet Earth's Beauty",219000
"video38_220000","video38","Planet Earth's Beauty",220000
"video38_221000","video38","Planet Earth's Beauty",221000
"video38_222000","video38","Planet Earth's Beauty",222000
"video38_223000","video38","Planet Earth's Beauty",223000
"video38_224000","video38","Planet Earth's Beauty",224000
"video38_225000","video38","Planet Earth's Beauty",225000
"video38_226000","video38","Planet Earth's Beauty",226000
"video38_227000","video38","Planet Earth's Beauty",227000
"video38_228000","video38","Planet Earth's Beauty",228000
"video38_229000","video38","Planet Earth's Beauty",229000
"video38_230000","video38","Planet Earth's Beauty",230000
"video38_231000","video38","Planet Earth's Beauty",231000
"video38_232000","video38","Planet Earth's Beauty",232000
"video38_233000","video38","Planet Earth's Beauty",233000
"video38_234000","video38","Planet Earth's Beauty",234000
"video38_235000","video38","Planet Earth's Beauty",235000
"video38_236000","video38","Planet Earth's Beauty",236000
"video38_237000","video38","Planet Earth's Beauty",237000
"video38_238000","video38","Planet Earth's Beauty",238000
"video38_239000","video38","Planet Earth's Beauty",239000
"video38_240000","video38","Planet Earth's Beauty",240000
"video38_241000","video38","Planet Earth's Beauty",241000
"video38_242000","video38","Planet Earth's Beauty",242000
"video38_243000","video38","Planet Earth's Beauty",243000
"video38_244000","video38","Planet Earth's Beauty",244000
"video38_245000","video38","Planet Earth's Beauty",245000
"video38_246000","video38","Planet Earth's Beauty",246000
"video38_247000","video38","Planet Earth's Beauty",247000
"video38_248000","video38","Planet Earth's Beauty",248000
"video38_249000","video38","Planet Earth's Beauty",249000
"video38_250000","video38","Planet Earth's Beauty",250000
"video38_251000","video38","Planet Earth's Beauty",251000
"video38_252000","video38","Planet Earth's Beauty",252000
"video38_253000","video38","Planet Earth's Beauty",253000
"video38_254000","video38","Planet Earth's Beauty",254000
"video38_255000","video38","Planet Earth's Beauty",255000
"video38_256000","video38","Planet Earth's Beauty",256000
"video38_257000","video38","Planet Earth's Beauty",257000
"video38_258000","video38","Planet Earth's Beauty",258000
"video38_259000","video38","Planet Earth's Beauty",259000
"video38_260000","video38","Planet Earth's Beauty",260000
"video38_261000","video38","Planet Earth's Beauty",261000
"video38_262000","video38","Planet Earth's Beauty",262000
"video38_263000","video38","Planet Earth's Beauty",263000
"video38_264000","video38","Planet Earth's Beauty",264000
"video38_265000","video38","Planet Earth's Beauty",265000
"video38_266000","video38","Planet Earth's Beauty",266000
"video38_267000","video38","Planet Earth's Beauty",267000
"video38_268000","video38","Planet Earth's Beauty",268000
"video38_269000","video38","Planet Earth's Beauty",269000
"video38_270000","video38","Planet Earth's Beauty",270000
"video38_271000","video38","Planet Earth's Beauty",271000
"video38_272000","video38","Planet Earth's Beauty",272000
"video38_273000","video38","Planet Earth's Beauty",273000
"video38_274000","video38","Planet Earth's Beauty",274000
"video38_275000","video38","Planet Earth's Beauty",275000
"video38_276000","video38","Planet Earth's Beauty",276000
"video38_277000","video38","Planet Earth's Beauty",277000
"video38_278000","video38","Planet Earth's Beauty",278000
"video38_279000","video38","Planet Earth's Beauty",279000
"video38_280000","video38","Planet Earth's Beauty",280000
"video38_281000","video38","Planet Earth's Beauty",281000
"video38_282000","video38","Planet Earth's Beauty",282000
"video38_283000","video38","Planet Earth's Beauty",283000
"video38_284000","video38","Planet Earth's Beauty",284000
"video38_285000","video38","Planet Earth's Beauty",285000
"video38_286000","video38","Planet Earth's Beauty",286000
"video38_287000","video38","Planet Earth's Beauty",287000
"video38_288000","video38","Planet Earth's Beauty",288000
"video38_289000","video38","Planet Earth's Beauty",289000
"video38_290000","video38","Planet Earth's Beauty",290000
"video38_291000","video38","Planet Earth's Beauty",291000
"video38_292000","video38","Planet Earth's Beauty",292000
"video38_293000","video38","Planet Earth's Beauty",293000
"video38_294000","video38","Planet Earth's Beauty",294000
"video38_295000","video38","Planet Earth's Beauty",295000
"video38_296000","video38","Planet Earth's Beauty",296000
"video38_297000","video38","Planet Earth's Beauty",297000
"video38_298000","video38","Planet Earth's Beauty",298000
"video38_299000","video38","Planet Earth's Beauty",299000
"video38_300000","video38","Planet Earth's Beauty",300000
"video38_301000","video38","Planet Earth's Beauty",301000
"video38_302000","video38","Planet Earth's Beauty",302000
"video38_303000","video38","Planet Earth's Beauty",303000
"video38_304000","video38","Planet Earth's Beauty",304000
"video38_305000","video38","Planet Earth's Beauty",305000
"video38_306000","video38","Planet Earth's Beauty",306000
"video38_307000","video38","Planet Earth's Beauty",307000
"video38_308000","video38","Planet Earth's Beauty",308000
"video38_309000","video38","Planet Earth's Beauty",309000
"video38_310000","video38","Planet Earth's Beauty",310000
"video38_311000","video38","Planet Earth's Beauty",311000
"video38_312000","video38","Planet Earth's Beauty",312000
"video38_313000","video38","Planet Earth's Beauty",313000
"video38_314000","video38","Planet Earth's Beauty",314000
"video38_315000","video38","Planet Earth's Beauty",315000
"video38_316000","video38","Planet Earth's Beauty",316000
"video38_317000","video38","Planet Earth's Beauty",317000
"video38_318000","video38","Planet Earth's Beauty",318000
"video38_319000","video38","Planet Earth's Beauty",319000
"video38_320000","video38","Planet Earth's Beauty",320000
"video38_321000","video38","Planet Earth's Beauty",321000
"video38_322000","video38","Planet Earth's Beauty",322000
"video38_323000","video38","Planet Earth's Beauty",323000
"video38_324000","video38","Planet Earth's Beauty",324000
"video38_325000","video38","Planet Earth's Beauty",325000
"video38_326000","video38","Planet Earth's Beauty",326000
"video38_327000","video38","Planet Earth's Beauty",327000
"video38_328000","video38","Planet Earth's Beauty",328000
"video38_329000","video38","Planet Earth's Beauty",329000
"video38_330000","video38","Planet Earth's Beauty",330000
"video38_331000","video38","Planet Earth's Beauty",331000
"video38_332000","video38","Planet Earth's Beauty",332000
"video38_333000","video38","Planet Earth's Beauty",333000
"video38_334000","video38","Planet Earth's Beauty",334000
"video38_335000","video38","Planet Earth's Beauty",335000
"video38_336000","video38","Planet Earth's Beauty",336000
"video38_337000","video38","Planet Earth's Beauty",337000
"video38_338000","video38","Planet Earth's Beauty",338000
"video38_339000","video38","Planet Earth's Beauty",339000
"video38_340000","video38","Planet Earth's Beauty",340000
"video38_341000","video38","Planet Earth's Beauty",341000
"video38_342000","video38","Planet Earth's Beauty",342000
"video38_343000","video38","Planet Earth's Beauty",343000
"video38_344000","video38","Planet Earth's Beauty",344000
"video38_345000","video38","Planet Earth's Beauty",345000
"video38_346000","video38","Planet Earth's Beauty",346000
"video38_347000","video38","Planet Earth's Beauty",347000
"video38_348000","video38","Planet Earth's Beauty",348000
"video38_349000","video38","Planet Earth's Beauty",349000
"video38_350000","video38","Planet Earth's Beauty",350000
"video38_351000","video38","Planet Earth's Beauty",351000
"video38_352000","video38","Planet Earth's Beauty",352000
"video38_353000","video38","Planet Earth's Beauty",353000
"video38_354000","video38","Planet Earth's Beauty",354000
"video38_355000","video38","Planet Earth's Beauty",355000
"video38_356000","video38","Planet Earth's Beauty",356000
"video38_357000","video38","Planet Earth's Beauty",357000
"video38_358000","video38","Planet Earth's Beauty",358000
"video38_359000","video38","Planet Earth's Beauty",359000
"video38_360000","video38","Planet Earth's Beauty",360000
"video38_361000","video38","Planet Earth's Beauty",361000
"video38_362000","video38","Planet Earth's Beauty",362000
"video38_363000","video38","Planet Earth's Beauty",363000
"video38_364000","video38","Planet Earth's Beauty",364000
"video38_365000","video38","Planet Earth's Beauty",365000
"video38_366000","video38","Planet Earth's Beauty",366000
"video38_367000","video38","Planet Earth's Beauty",367000
"video38_368000","video38","Planet Earth's Beauty",368000
"video38_369000","video38","Planet Earth's Beauty",369000
"video38_370000","video38","Planet Earth's Beauty",370000
"video38_371000","video38","Planet Earth's Beauty",371000
"video38_372000","video38","Planet Earth's Beauty",372000
"video38_373000","video38","Planet Earth's Beauty",373000
"video38_374000","video38","Planet Earth's Beauty",374000
"video38_375000","video38","Planet Earth's Beauty",375000
"video38_376000","video38","Planet Earth's Beauty",376000
"video38_377000","video38","Planet Earth's Beauty",377000
"video38_378000","video38","Planet Earth's Beauty",378000
"video38_379000","video38","Planet Earth's Beauty",379000
"video38_380000","video38","Planet Earth's Beauty",380000
"video38_381000","video38","Planet Earth's Beauty",381000
"video38_382000","video38","Planet Earth's Beauty",382000
"video38_383000","video38","Planet Earth's Beauty",383000
"video38_384000","video38","Planet Earth's Beauty",384000
"video38_385000","video38","Planet Earth's Beauty",385000
"video38_386000","video38","Planet Earth's Beauty",386000
"video38_387000","video38","Planet Earth's Beauty",387000
"video38_388000","video38","Planet Earth's Beauty",388000
"video38_389000","video38","Planet Earth's Beauty",389000
"video38_390000","video38","Planet Earth's Beauty",390000
"video38_391000","video38","Planet Earth's Beauty",391000
"video38_392000","video38","Planet Earth's Beauty",392000
"video38_393000","video38","Planet Earth's Beauty",393000
"video38_394000","video38","Planet Earth's Beauty",394000
"video38_395000","video38","Planet Earth's Beauty",395000
"video38_396000","video38","Planet Earth's Beauty",396000
"video38_397000","video38","Planet Earth's Beauty",397000
"video38_398000","video38","Planet Earth's Beauty",398000
"video38_399000","video38","Planet Earth's Beauty",399000
"video38_400000","video38","Planet Earth's Beauty",400000
"video38_401000","video38","Planet Earth's Beauty",401000
"video38_402000","video38","Planet Earth's Beauty",402000
"video38_403000","video38","Planet Earth's Beauty",403000
"video38_404000","video38","Planet Earth's Beauty",404000
"video38_405000","video38","Planet Earth's Beauty",405000
"video38_406000","video38","Planet Earth's Beauty",406000
"video38_407000","video38","Planet Earth's Beauty",407000
"video38_408000","video38","Planet Earth's Beauty",408000
"video38_409000","video38","Planet Earth's Beauty",409000
"video38_410000","video38","Planet Earth's Beauty",410000
"video38_411000","video38","Planet Earth's Beauty",411000
"video38_412000","video38","Planet Earth's Beauty",412000
"video38_413000","video38","Planet Earth's Beauty",413000
"video38_414000","video38","Planet Earth's Beauty",414000
"video38_415000","video38","Planet Earth's Beauty",415000
"video38_416000","video38","Planet Earth's Beauty",416000
"video38_417000","video38","Planet Earth's Beauty",417000
"video38_418000","video38","Planet Earth's Beauty",418000
"video38_419000","video38","Planet Earth's Beauty",419000
"video38_420000","video38","Planet Earth's Beauty",420000
"video38_421000","video38","Planet Earth's Beauty",421000
"video38_422000","video38","Planet Earth's Beauty",422000
"video38_423000","video38","Planet Earth's Beauty",423000
"video38_424000","video38","Planet Earth's Beauty",424000
"video38_425000","video38","Planet Earth's Beauty",425000
"video38_426000","video38","Planet Earth's Beauty",426000
"video38_427000","video38","Planet Earth's Beauty",427000
"video38_428000","video38","Planet Earth's Beauty",428000
"video38_429000","video38","Planet Earth's Beauty",429000
"video38_430000","video38","Planet Earth's Beauty",430000
"video38_431000","video38","Planet Earth's Beauty",431000
"video38_432000","video38","Planet Earth's Beauty",432000
"video38_433000","video38","Planet Earth's Beauty",433000
"video38_434000","video38","Planet Earth's Beauty",434000
"video38_435000","video38","Planet Earth's Beauty",435000
"video38_436000","video38","Planet Earth's Beauty",436000
"video38_437000","video38","Planet Earth's Beauty",437000
"video38_438000","video38","Planet Earth's Beauty",438000
"video38_439000","video38","Planet Earth's Beauty",439000
"video38_440000","video38","Planet Earth's Beauty",440000
"video38_441000","video38","Planet Earth's Beauty",441000
"video38_442000","video38","Planet Earth's Beauty",442000
"video38_443000","video38","Planet Earth's Beauty",443000
"video38_444000","video38","Planet Earth's Beauty",444000
"video38_445000","video38","Planet Earth's Beauty",445000
"video38_446000","video38","Planet Earth's Beauty",446000
"video38_447000","video38","Planet Earth's Beauty",447000
"video38_448000","video38","Planet Earth's Beauty",448000
"video38_449000","video38","Planet Earth's Beauty",449000
"video38_450000","video38","Planet Earth's Beauty",450000
"video39_0","video39","Epic Space Exploration",0
"video39_1000","video39","Epic Space Exploration",1000
"video39_2000","video39","Epic Space Exploration",2000
"video39_3000","video39","Epic Space Exploration",3000
"video39_4000","video39","Epic Space Exploration",4000
"video39_5000","video39","Epic Space Exploration",5000
"video39_6000","video39","Epic Space Exploration",6000
"video39_7000","video39","Epic Space Exploration",7000
"video39_8000","video39","Epic Space Exploration",8000
"video39_9000","video39","Epic Space Exploration",9000
"video39_10000","video39","Epic Space Exploration",10000
"video39_11000","video39","Epic Space Exploration",11000
"video39_12000","video39","Epic Space Exploration",12000
"video39_13000","video39","Epic Space Exploration",13000
"video39_14000","video39","Epic Space Exploration",14000
"video39_15000","video39","Epic Space Exploration",15000
"video39_16000","video39","Epic Space Exploration",16000
"video39_17000","video39","Epic Space Exploration",17000
"video39_18000","video39","Epic Space Exploration",18000
"video39_19000","video39","Epic Space Exploration",19000
"video39_20000","video39","Epic Space Exploration",20000
"video39_21000","video39","Epic Space Exploration",21000
"video39_22000","video39","Epic Space Exploration",22000
"video39_23000","video39","Epic Space Exploration",23000
"video39_24000","video39","Epic Space Exploration",24000
"video39_25000","video39","Epic Space Exploration",25000
"video39_26000","video39","Epic Space Exploration",26000
"video39_27000","video39","Epic Space Exploration",27000
"video39_28000","video39","Epic Space Exploration",28000
"video39_29000","video39","Epic Space Exploration",29000
"video39_30000","video39","Epic Space Exploration",30000
"video39_31000","video39","Epic Space Exploration",31000
"video39_32000","video39","Epic Space Exploration",32000
"video39_33000","video39","Epic Space Exploration",33000
"video39_34000","video39","Epic Space Exploration",34000
"video39_35000","video39","Epic Space Exploration",35000
"video39_36000","video39","Epic Space Exploration",36000
"video39_37000","video39","Epic Space Exploration",37000
"video39_38000","video39","Epic Space Exploration",38000
"video39_39000","video39","Epic Space Exploration",39000
"video39_40000","video39","Epic Space Exploration",40000
"video39_41000","video39","Epic Space Exploration",41000
"video39_42000","video39","Epic Space Exploration",42000
"video39_43000","video39","Epic Space Exploration",43000
"video39_44000","video39","Epic Space Exploration",44000
"video39_45000","video39","Epic Space Exploration",45000
"video39_46000","video39","Epic Space Exploration",46000
"video39_47000","video39","Epic Space Exploration",47000
"video39_48000","video39","Epic Space Exploration",48000
"video39_49000","video39","Epic Space Exploration",49000
"video39_50000","video39","Epic Space Exploration",50000
"video39_51000","video39","Epic Space Exploration",51000
"video39_52000","video39","Epic Space Exploration",52000
"video39_53000","video39","Epic Space Exploration",53000
"video39_54000","video39","Epic Space Exploration",54000
"video39_55000","video39","Epic Space Exploration",55000
"video39_56000","video39","Epic Space Exploration",56000
"video39_57000","video39","Epic Space Exploration",57000
"video39_58000","video39","Epic Space Exploration",58000
"video39_59000","video39","Epic Space Exploration",59000
"video39_60000","video39","Epic Space Exploration",60000
"video39_61000","video39","Epic Space Exploration",61000
"video39_62000","video39","Epic Space Exploration",62000
"video39_63000","video39","Epic Space Exploration",63000
"video39_64000","video39","Epic Space Exploration",64000
"video39_65000","video39","Epic Space Exploration",65000
"video39_66000","video39","Epic Space Exploration",66000
"video39_67000","video39","Epic Space Exploration",67000
"video39_68000","video39","Epic Space Exploration",68000
"video39_69000","video39","Epic Space Exploration",69000
"video39_70000","video39","Epic Space Exploration",70000
"video39_71000","video39","Epic Space Exploration",71000
"video39_72000","video39","Epic Space Exploration",72000
"video39_73000","video39","Epic Space Exploration",73000
"video39_74000","video39","Epic Space Exploration",74000
"video39_75000","video39","Epic Space Exploration",75000
"video39_76000","video39","Epic Space Exploration",76000
"video39_77000","video39","Epic Space Exploration",77000
"video39_78000","video39","Epic Space Exploration",78000
"video39_79000","video39","Epic Space Exploration",79000
"video39_80000","video39","Epic Space Exploration",80000
"video39_81000","video39","Epic Space Exploration",81000
"video39_82000","video39","Epic Space Exploration",82000
"video39_83000","video39","Epic Space Exploration",83000
"video39_84000","video39","Epic Space Exploration",84000
"video39_85000","video39","Epic Space Exploration",85000
"video39_86000","video39","Epic Space Exploration",86000
"video39_87000","video39","Epic Space Exploration",87000
"video39_88000","video39","Epic Space Exploration",88000
"video39_89000","video39","Epic Space Exploration",89000
"video39_90000","video39","Epic Space Exploration",90000
"video39_91000","video39","Epic Space Exploration",91000
"video39_92000","video39","Epic Space Exploration",92000
"video39_93000","video39","Epic Space Exploration",93000
"video39_94000","video39","Epic Space Exploration",94000
"video39_95000","video39","Epic Space Exploration",95000
"video39_96000","video39","Epic Space Exploration",96000
"video39_97000","video39","Epic Space Exploration",97000
"video39_98000","video39","Epic Space Exploration",98000
"video39_99000","video39","Epic Space Exploration",99000
"video39_100000","video39","Epic Space Exploration",100000
"video39_101000","video39","Epic Space Exploration",101000
"video39_102000","video39","Epic Space Exploration",102000
"video39_103000","video39","Epic Space Exploration",103000
"video39_104000","video39","Epic Space Exploration",104000
"video39_105000","video39","Epic Space Exploration",105000
"video39_106000","video39","Epic Space Exploration",106000
"video39_107000","video39","Epic Space Exploration",107000
"video39_108000","video39","Epic Space Exploration",108000
"video39_109000","video39","Epic Space Exploration",109000
"video39_110000","video39","Epic Space Exploration",110000
"video39_111000","video39","Epic Space Exploration",111000
"video39_112000","video39","Epic Space Exploration",112000
"video39_113000","video39","Epic Space Exploration",113000
"video39_114000","video39","Epic Space Exploration",114000
"video39_115000","video39","Epic Space Exploration",115000
"video39_116000","video39","Epic Space Exploration",116000
"video39_117000","video39","Epic Space Exploration",117000
"video39_118000","video39","Epic Space Exploration",118000
"video39_119000","video39","Epic Space Exploration",119000
"video39_120000","video39","Epic Space Exploration",120000
"video39_121000","video39","Epic Space Exploration",121000
"video39_122000","video39","Epic Space Exploration",122000
"video39_123000","video39","Epic Space Exploration",123000
"video39_124000","video39","Epic Space Exploration",124000
"video39_125000","video39","Epic Space Exploration",125000
"video39_126000","video39","Epic Space Exploration",126000
"video39_127000","video39","Epic Space Exploration",127000
"video39_128000","video39","Epic Space Exploration",128000
"video39_129000","video39","Epic Space Exploration",129000
"video39_130000","video39","Epic Space Exploration",130000
"video39_131000","video39","Epic Space Exploration",131000
"video39_132000","video39","Epic Space Exploration",132000
"video39_133000","video39","Epic Space Exploration",133000
"video39_134000","video39","Epic Space Exploration",134000
"video39_135000","video39","Epic Space Exploration",135000
"video39_136000","video39","Epic Space Exploration",136000
"video39_137000","video39","Epic Space Exploration",137000
"video39_138000","video39","Epic Space Exploration",138000
"video39_139000","video39","Epic Space Exploration",139000
"video39_140000","video39","Epic Space Exploration",140000
"video39_141000","video39","Epic Space Exploration",141000
"video39_142000","video39","Epic Space Exploration",142000
"video39_143000","video39","Epic Space Exploration",143000
"video39_144000","video39","Epic Space Exploration",144000
"video39_145000","video39","Epic Space Exploration",145000
"video39_146000","video39","Epic Space Exploration",146000
"video39_147000","video39","Epic Space Exploration",147000
"video39_148000","video39","Epic Space Exploration",148000
"video39_149000","video39","Epic Space Exploration",149000
"video39_150000","video39","Epic Space Exploration",150000
"video39_151000","video39","Epic Space Exploration",151000
"video39_152000","video39","Epic Space Exploration",152000
"video39_153000","video39","Epic Space Exploration",153000
"video39_154000","video39","Epic Space Exploration",154000
"video39_155000","video39","Epic Space Exploration",155000
"video39_156000","video39","Epic Space Exploration",156000
"video39_157000","video39","Epic Space Exploration",157000
"video39_158000","video39","Epic Space Exploration",158000
"video39_159000","video39","Epic Space Exploration",159000
"video39_160000","video39","Epic Space Exploration",160000
"video39_161000","video39","Epic Space Exploration",161000
"video39_162000","video39","Epic Space Exploration",162000
"video39_163000","video39","Epic Space Exploration",163000
"video39_164000","video39","Epic Space Exploration",164000
"video39_165000","video39","Epic Space Exploration",165000
"video39_166000","video39","Epic Space Exploration",166000
"video39_167000","video39","Epic Space Exploration",167000
"video39_168000","video39","Epic Space Exploration",168000
"video39_169000","video39","Epic Space Exploration",169000
"video39_170000","video39","Epic Space Exploration",170000
"video39_171000","video39","Epic Space Exploration",171000
"video39_172000","video39","Epic Space Exploration",172000
"video39_173000","video39","Epic Space Exploration",173000
"video39_174000","video39","Epic Space Exploration",174000
"video39_175000","video39","Epic Space Exploration",175000
"video39_176000","video39","Epic Space Exploration",176000
"video39_177000","video39","Epic Space Exploration",177000
"video39_178000","video39","Epic Space Exploration",178000
"video39_179000","video39","Epic Space Exploration",179000
"video39_180000","video39","Epic Space Exploration",180000
"video39_181000","video39","Epic Space Exploration",181000
"video39_182000","video39","Epic Space Exploration",182000
"video39_183000","video39","Epic Space Exploration",183000
"video39_184000","video39","Epic Space Exploration",184000
"video39_185000","video39","Epic Space Exploration",185000
"video39_186000","video39","Epic Space Exploration",186000
"video39_187000","video39","Epic Space Exploration",187000
"video39_188000","video39","Epic Space Exploration",188000
"video39_189000","video39","Epic Space Exploration",189000
"video39_190000","video39","Epic Space Exploration",190000
"video39_191000","video39","Epic Space Exploration",191000
"video39_192000","video39","Epic Space Exploration",192000
"video39_193000","video39","Epic Space Exploration",193000
"video39_194000","video39","Epic Space Exploration",194000
"video39_195000","video39","Epic Space Exploration",195000
"video39_196000","video39","Epic Space Exploration",196000
"video39_197000","video39","Epic Space Exploration",197000
"video39_198000","video39","Epic Space Exploration",198000
"video39_199000","video39","Epic Space Exploration",199000
"video39_200000","video39","Epic Space Exploration",200000
"video39_201000","video39","Epic Space Exploration",201000
"video39_202000","video39","Epic Space Exploration",202000
"video39_203000","video39","Epic Space Exploration",203000
"video39_204000","video39","Epic Space Exploration",204000
"video39_205000","video39","Epic Space Exploration",205000
"video39_206000","video39","Epic Space Exploration",206000
"video39_207000","video39","Epic Space Exploration",207000
"video39_208000","video39","Epic Space Exploration",208000
"video39_209000","video39","Epic Space Exploration",209000
"video39_210000","video39","Epic Space Exploration",210000
"video39_211000","video39","Epic Space Exploration",211000
"video39_212000","video39","Epic Space Exploration",212000
"video39_213000","video39","Epic Space Exploration",213000
"video39_214000","video39","Epic Space Exploration",214000
"video39_215000","video39","Epic Space Exploration",215000
"video39_216000","video39","Epic Space Exploration",216000
"video39_217000","video39","Epic Space Exploration",217000
"video39_218000","video39","Epic Space Exploration",218000
"video39_219000","video39","Epic Space Exploration",219000
"video39_220000","video39","Epic Space Exploration",220000
"video39_221000","video39","Epic Space Exploration",221000
"video39_222000","video39","Epic Space Exploration",222000
"video39_223000","video39","Epic Space Exploration",223000
"video39_224000","video39","Epic Space Exploration",224000
"video39_225000","video39","Epic Space Exploration",225000
"video39_226000","video39","Epic Space Exploration",226000
"video39_227000","video39","Epic Space Exploration",227000
"video39_228000","video39","Epic Space Exploration",228000
"video39_229000","video39","Epic Space Exploration",229000
"video39_230000","video39","Epic Space Exploration",230000
"video39_231000","video39","Epic Space Exploration",231000
"video39_232000","video39","Epic Space Exploration",232000
"video39_233000","video39","Epic Space Exploration",233000
"video39_234000","video39","Epic Space Exploration",234000
"video39_235000","video39","Epic Space Exploration",235000
"video39_236000","video39","Epic Space Exploration",236000
"video39_237000","video39","Epic Space Exploration",237000
"video39_238000","video39","Epic Space Exploration",238000
"video39_239000","video39","Epic Space Exploration",239000
"video39_240000","video39","Epic Space Exploration",240000
"video39_241000","video39","Epic Space Exploration",241000
"video39_242000","video39","Epic Space Exploration",242000
"video39_243000","video39","Epic Space Exploration",243000
"video39_244000","video39","Epic Space Exploration",244000
"video39_245000","video39","Epic Space Exploration",245000
"video39_246000","video39","Epic Space Exploration",246000
"video39_247000","video39","Epic Space Exploration",247000
"video39_248000","video39","Epic Space Exploration",248000
"video39_249000","video39","Epic Space Exploration",249000
"video39_250000","video39","Epic Space Exploration",250000
"video39_251000","video39","Epic Space Exploration",251000
"video39_252000","video39","Epic Space Exploration",252000
"video39_253000","video39","Epic Space Exploration",253000
"video39_254000","video39","Epic Space Exploration",254000
"video39_255000","video39","Epic Space Exploration",255000
"video39_256000","video39","Epic Space Exploration",256000
"video39_257000","video39","Epic Space Exploration",257000
"video39_258000","video39","Epic Space Exploration",258000
"video39_259000","video39","Epic Space Exploration",259000
"video39_260000","video39","Epic Space Exploration",260000
"video39_261000","video39","Epic Space Exploration",261000
"video39_262000","video39","Epic Space Exploration",262000
"video39_263000","video39","Epic Space Exploration",263000
"video39_264000","video39","Epic Space Exploration",264000
"video39_265000","video39","Epic Space Exploration",265000
"video39_266000","video39","Epic Space Exploration",266000
"video39_267000","video39","Epic Space Exploration",267000
"video39_268000","video39","Epic Space Exploration",268000
"video39_269000","video39","Epic Space Exploration",269000
"video39_270000","video39","Epic Space Exploration",270000
"video39_271000","video39","Epic Space Exploration",271000
"video39_272000","video39","Epic Space Exploration",272000
"video39_273000","video39","Epic Space Exploration",273000
"video39_274000","video39","Epic Space Exploration",274000
"video39_275000","video39","Epic Space Exploration",275000
"video39_276000","video39","Epic Space Exploration",276000
"video39_277000","video39","Epic Space Exploration",277000
"video39_278000","video39","Epic Space Exploration",278000
"video39_279000","video39","Epic Space Exploration",279000
"video39_280000","video39","Epic Space Exploration",280000
"video39_281000","video39","Epic Space Exploration",281000
"video39_282000","video39","Epic Space Exploration",282000
"video39_283000","video39","Epic Space Exploration",283000
"video39_284000","video39","Epic Space Exploration",284000
"video39_285000","video39","Epic Space Exploration",285000
"video39_286000","video39","Epic Space Exploration",286000
"video39_287000","video39","Epic Space Exploration",287000
"video39_288000","video39","Epic Space Exploration",288000
"video39_289000","video39","Epic Space Exploration",289000
"video39_290000","video39","Epic Space Exploration",290000
"video39_291000","video39","Epic Space Exploration",291000
"video39_292000","video39","Epic Space Exploration",292000
"video39_293000","video39","Epic Space Exploration",293000
"video39_294000","video39","Epic Space Exploration",294000
"video39_295000","video39","Epic Space Exploration",295000
"video39_296000","video39","Epic Space Exploration",296000
"video39_297000","video39","Epic Space Exploration",297000
"video39_298000","video39","Epic Space Exploration",298000
"video39_299000","video39","Epic Space Exploration",299000
"video39_300000","video39","Epic Space Exploration",300000
"video39_301000","video39","Epic Space Exploration",301000
"video39_302000","video39","Epic Space Exploration",302000
"video39_303000","video39","Epic Space Exploration",303000
"video39_304000","video39","Epic Space Exploration",304000
"video39_305000","video39","Epic Space Exploration",305000
"video39_306000","video39","Epic Space Exploration",306000
"video39_307000","video39","Epic Space Exploration",307000
"video39_308000","video39","Epic Space Exploration",308000
"video39_309000","video39","Epic Space Exploration",309000
"video39_310000","video39","Epic Space Exploration",310000
"video39_311000","video39","Epic Space Exploration",311000
"video39_312000","video39","Epic Space Exploration",312000
"video39_313000","video39","Epic Space Exploration",313000
"video39_314000","video39","Epic Space Exploration",314000
"video39_315000","video39","Epic Space Exploration",315000
"video39_316000","video39","Epic Space Exploration",316000
"video39_317000","video39","Epic Space Exploration",317000
"video39_318000","video39","Epic Space Exploration",318000
"video39_319000","video39","Epic Space Exploration",319000
"video39_320000","video39","Epic Space Exploration",320000
"video39_321000","video39","Epic Space Exploration",321000
"video39_322000","video39","Epic Space Exploration",322000
"video39_323000","video39","Epic Space Exploration",323000
"video39_324000","video39","Epic Space Exploration",324000
"video39_325000","video39","Epic Space Exploration",325000
"video39_326000","video39","Epic Space Exploration",326000
"video39_327000","video39","Epic Space Exploration",327000
"video39_328000","video39","Epic Space Exploration",328000
"video39_329000","video39","Epic Space Exploration",329000
"video39_330000","video39","Epic Space Exploration",330000
"video39_331000","video39","Epic Space Exploration",331000
"video39_332000","video39","Epic Space Exploration",332000
"video39_333000","video39","Epic Space Exploration",333000
"video39_334000","video39","Epic Space Exploration",334000
"video39_335000","video39","Epic Space Exploration",335000
"video39_336000","video39","Epic Space Exploration",336000
"video39_337000","video39","Epic Space Exploration",337000
"video39_338000","video39","Epic Space Exploration",338000
"video39_339000","video39","Epic Space Exploration",339000
"video39_340000","video39","Epic Space Exploration",340000
